timestamp,timestamp_ns,rtt_ms,ttl,bytes
2026-06-11 07:55:44.259,1781157344259940000,66.713,64.0,64.0
2026-06-11 07:55:45.262,1781157345262901000,851.323,64.0,64.0
2026-06-11 07:55:46.266,1781157346266220000,988.983,64.0,64.0
2026-06-11 07:55:47.266,1781157347266760000,19.058,64.0,64.0
2026-06-11 07:55:48.271,1781157348271871000,,,
2026-06-11 07:55:49.284,1781157349284883000,458.188,64.0,64.0
2026-06-11 07:55:50.287,1781157350287810000,,,
2026-06-11 07:55:51.297,1781157351297483000,638.658,64.0,64.0
2026-06-11 07:55:52.299,1781157352299238000,,,
2026-06-11 07:55:53.309,1781157353309313000,426.292,64.0,64.0
2026-06-11 07:55:54.310,1781157354311137000,52.73,64.0,64.0
2026-06-11 07:55:55.315,1781157355316083000,,,
2026-06-11 07:55:56.325,1781157356325846000,,,
2026-06-11 07:55:57.337,1781157357338023000,,,
2026-06-11 07:55:58.349,1781157358349802000,,,
2026-06-11 07:55:59.360,1781157359360837000,309.315,64.0,64.0
2026-06-11 07:56:00.365,1781157360366050000,55.77,64.0,64.0
2026-06-11 07:56:01.370,1781157361371208000,,,
2026-06-11 07:56:02.382,1781157362383001000,,,
2026-06-11 07:56:03.392,1781157363392451000,,,
2026-06-11 07:56:04.404,1781157364404813000,,,
2026-06-11 07:56:05.416,1781157365416405000,399.29,64.0,64.0
2026-06-11 07:56:06.416,1781157366416750000,,,
2026-06-11 07:56:07.428,1781157367428733000,335.463,64.0,64.0
2026-06-11 07:56:08.433,1781157368433929000,570.016,64.0,64.0
2026-06-11 07:56:09.438,1781157369439052000,,,
2026-06-11 07:56:10.449,1781157370449800000,872.809,64.0,64.0
2026-06-11 07:56:11.454,1781157371455077000,,,
2026-06-11 07:56:12.466,1781157372466351000,871.894,64.0,64.0
2026-06-11 07:56:13.471,1781157373471590000,,,
2026-06-11 07:56:14.482,1781157374482951000,,,
2026-06-11 07:56:15.495,1781157375495178000,,,
2026-06-11 07:56:16.508,1781157376508855000,,,
2026-06-11 07:56:17.520,1781157377520565000,,,
2026-06-11 07:56:18.532,1781157378533031000,,,
2026-06-11 07:56:19.544,1781157379544917000,,,
2026-06-11 07:56:20.557,1781157380558072000,,,
2026-06-11 07:56:21.570,1781157381570315000,,,
2026-06-11 07:56:22.582,1781157382582968000,750.575,64.0,64.0
2026-06-11 07:56:23.586,1781157383586393000,,,
2026-06-11 07:56:24.599,1781157384599594000,,,
2026-06-11 07:56:25.612,1781157385613066000,919.616,64.0,64.0
2026-06-11 07:56:26.615,1781157386615888000,,,
2026-06-11 07:56:27.627,1781157387628007000,214.28,64.0,64.0
2026-06-11 07:56:28.631,1781157388631516000,758.751,64.0,64.0
2026-06-11 07:56:29.636,1781157389636626000,,,
2026-06-11 07:56:30.650,1781157390650604000,,,
2026-06-11 07:56:31.663,1781157391663642000,,,
2026-06-11 07:56:32.675,1781157392675774000,,,
2026-06-11 07:56:33.687,1781157393687512000,948.775,64.0,64.0
2026-06-11 07:56:34.687,1781157394687819000,668.684,64.0,64.0
2026-06-11 07:56:35.692,1781157395692927000,,,
2026-06-11 07:56:36.704,1781157396704737000,,,
2026-06-11 07:56:37.717,1781157397717985000,,,
2026-06-11 07:56:38.730,1781157398730961000,,,
2026-06-11 07:56:39.742,1781157399742246000,,,
2026-06-11 07:56:40.755,1781157400756101000,,,
2026-06-11 07:56:41.768,1781157401768203000,486.223,64.0,64.0
2026-06-11 07:56:42.773,1781157402773395000,,,
2026-06-11 07:56:43.788,1781157403788266000,544.106,64.0,64.0
2026-06-11 07:56:44.793,1781157404793481000,,,
2026-06-11 07:56:45.808,1781157405808865000,,,
2026-06-11 07:56:46.821,1781157406822129000,,,
2026-06-11 07:56:47.833,1781157407834099000,691.295,64.0,64.0
2026-06-11 07:56:48.835,1781157408835960000,,,
2026-06-11 07:56:49.849,1781157409849384000,,,
2026-06-11 07:56:50.861,1781157410861595000,267.403,64.0,64.0
2026-06-11 07:56:51.866,1781157411866859000,,,
2026-06-11 07:56:52.880,1781157412881155000,254.743,64.0,64.0
2026-06-11 07:56:53.881,1781157413881431000,359.353,64.0,64.0
2026-06-11 07:56:54.886,1781157414886510000,25.659,64.0,64.0
2026-06-11 07:56:55.891,1781157415891551000,11.861,64.0,64.0
2026-06-11 07:56:56.896,1781157416896723000,,,
2026-06-11 07:56:57.908,1781157417908581000,162.12,64.0,64.0
2026-06-11 07:56:58.909,1781157418910255000,775.261,64.0,64.0
2026-06-11 07:56:59.915,1781157419915347000,,,
2026-06-11 07:57:00.925,1781157420925401000,,,
2026-06-11 07:57:01.937,1781157421938074000,175.011,64.0,64.0
2026-06-11 07:57:02.938,1781157422938461000,,,
2026-06-11 07:57:03.949,1781157423949325000,304.69,64.0,64.0
2026-06-11 07:57:04.954,1781157424954558000,451.729,64.0,64.0
2026-06-11 07:57:05.959,1781157425959617000,,,
2026-06-11 07:57:06.975,1781157426975301000,10.872,64.0,64.0
2026-06-11 07:57:07.980,1781157427980535000,,,
2026-06-11 07:57:08.991,1781157428991911000,518.415,64.0,64.0
2026-06-11 07:57:09.996,1781157429997154000,409.622,64.0,64.0
2026-06-11 07:57:10.997,1781157430997816000,372.745,64.0,64.0
2026-06-11 07:57:12.002,1781157432002829000,95.515,64.0,64.0
2026-06-11 07:57:13.005,1781157433006322000,12.386,64.0,64.0
2026-06-11 07:57:14.010,1781157434011199000,93.442,64.0,64.0
2026-06-11 07:57:15.015,1781157435016263000,94.455,64.0,64.0
2026-06-11 07:57:16.021,1781157436021394000,95.63,64.0,64.0
2026-06-11 07:57:17.026,1781157437026502000,891.614,64.0,64.0
2026-06-11 07:57:18.027,1781157438027684000,272.188,64.0,64.0
2026-06-11 07:57:19.032,1781157439032626000,369.462,64.0,64.0
2026-06-11 07:57:20.037,1781157440037736000,249.299,64.0,64.0
2026-06-11 07:57:21.042,1781157441042837000,608.061,64.0,64.0
2026-06-11 07:57:22.043,1781157442043612000,,,
2026-06-11 07:57:23.057,1781157443057994000,194.331,64.0,64.0
2026-06-11 07:57:24.062,1781157444063230000,446.442,64.0,64.0
2026-06-11 07:57:25.064,1781157445064274000,2.823,64.0,64.0
2026-06-11 07:57:26.069,1781157446069414000,881.383,64.0,64.0
2026-06-11 07:57:27.074,1781157447074524000,,,
2026-06-11 07:57:28.088,1781157448089104000,239.299,64.0,64.0
2026-06-11 07:57:29.094,1781157449094351000,220.714,64.0,64.0
2026-06-11 07:57:30.099,1781157450099447000,318.853,64.0,64.0
2026-06-11 07:57:31.104,1781157451104570000,319.844,64.0,64.0
2026-06-11 07:57:32.109,1781157452109669000,597.738,64.0,64.0
2026-06-11 07:57:33.114,1781157453114800000,,,
2026-06-11 07:57:34.124,1781157454125048000,67.918,64.0,64.0
2026-06-11 07:57:35.126,1781157455126545000,226.204,64.0,64.0
2026-06-11 07:57:36.131,1781157456131664000,35.77,64.0,64.0
2026-06-11 07:57:37.136,1781157457136743000,39.935,64.0,64.0
2026-06-11 07:57:38.141,1781157458141816000,125.665,64.0,64.0
2026-06-11 07:57:39.146,1781157459146926000,298.445,64.0,64.0
2026-06-11 07:57:40.151,1781157460152025000,21.392,64.0,64.0
2026-06-11 07:57:41.156,1781157461157054000,709.293,64.0,64.0
2026-06-11 07:57:42.161,1781157462162228000,905.978,64.0,64.0
2026-06-11 07:57:43.165,1781157463165304000,374.813,64.0,64.0
2026-06-11 07:57:44.170,1781157464170418000,279.003,64.0,64.0
2026-06-11 07:57:45.175,1781157465175467000,803.748,64.0,64.0
2026-06-11 07:57:46.180,1781157466180586000,,,
2026-06-11 07:57:47.191,1781157467191471000,225.356,64.0,64.0
2026-06-11 07:57:48.196,1781157468196574000,720.896,64.0,64.0
2026-06-11 07:57:49.201,1781157469201706000,503.534,64.0,64.0
2026-06-11 07:57:50.206,1781157470206506000,,,
2026-06-11 07:57:51.215,1781157471216110000,152.739,64.0,64.0
2026-06-11 07:57:52.221,1781157472221344000,,,
2026-06-11 07:57:53.231,1781157473232082000,431.112,64.0,64.0
2026-06-11 07:57:54.234,1781157474234344000,462.4,64.0,64.0
2026-06-11 07:57:55.239,1781157475239414000,547.289,64.0,64.0
2026-06-11 07:57:56.244,1781157476244245000,808.041,64.0,64.0
2026-06-11 07:57:57.248,1781157477248390000,891.067,64.0,64.0
2026-06-11 07:57:58.250,1781157478251284000,19.954,64.0,64.0
2026-06-11 07:57:59.253,1781157479253649000,35.629,64.0,64.0
2026-06-11 07:58:00.254,1781157480254331000,623.31,64.0,64.0
2026-06-11 07:58:01.256,1781157481257008000,,,
2026-06-11 07:58:02.266,1781157482266469000,155.069,64.0,64.0
2026-06-11 07:58:03.271,1781157483271733000,343.581,64.0,64.0
2026-06-11 07:58:04.273,1781157484273472000,391.88,64.0,64.0
2026-06-11 07:58:05.276,1781157485276245000,,,
2026-06-11 07:58:06.281,1781157486282031000,859.601,64.0,64.0
2026-06-11 07:58:07.286,1781157487287229000,,,
2026-06-11 07:58:08.298,1781157488298427000,893.008,64.0,64.0
2026-06-11 07:58:09.298,1781157489298760000,,,
2026-06-11 07:58:10.310,1781157490310455000,,,
2026-06-11 07:58:11.321,1781157491321720000,,,
2026-06-11 07:58:12.334,1781157492334233000,,,
2026-06-11 07:58:13.346,1781157493346829000,,,
2026-06-11 07:58:14.358,1781157494359058000,,,
2026-06-11 07:58:15.369,1781157495369449000,,,
2026-06-11 07:58:16.376,1781157496377115000,,,
2026-06-11 07:58:17.389,1781157497389599000,,,
2026-06-11 07:58:18.398,1781157498398589000,,,
2026-06-11 07:58:19.409,1781157499410038000,,,
2026-06-11 07:58:20.421,1781157500421583000,511.5,64.0,64.0
2026-06-11 07:58:21.426,1781157501426747000,,,
2026-06-11 07:58:22.439,1781157502439931000,,,
2026-06-11 07:58:23.452,1781157503453057000,752.474,64.0,64.0
2026-06-11 07:58:24.458,1781157504458281000,,,
2026-06-11 07:58:25.472,1781157505472956000,834.138,64.0,64.0
2026-06-11 07:58:26.473,1781157506473703000,,,
2026-06-11 07:58:27.488,1781157507488427000,,,
2026-06-11 07:58:28.500,1781157508500465000,,,
2026-06-11 07:58:29.512,1781157509512878000,,,
2026-06-11 07:58:30.524,1781157510524410000,,,
2026-06-11 07:58:31.536,1781157511536607000,537.877,64.0,64.0
2026-06-11 07:58:32.536,1781157512536915000,,,
2026-06-11 07:58:33.550,1781157513550670000,,,
2026-06-11 07:58:34.562,1781157514562322000,,,
2026-06-11 07:58:35.572,1781157515572888000,,,
2026-06-11 07:58:36.584,1781157516585115000,,,
2026-06-11 07:58:37.596,1781157517596926000,,,
2026-06-11 07:58:38.608,1781157518608246000,,,
2026-06-11 07:58:39.619,1781157519619606000,,,
2026-06-11 07:58:40.631,1781157520631809000,,,
2026-06-11 07:58:41.645,1781157521645183000,,,
2026-06-11 07:58:42.656,1781157522656754000,,,
2026-06-11 07:58:43.668,1781157523668597000,827.655,64.0,64.0
2026-06-11 07:58:44.668,1781157524668912000,80.184,64.0,64.0
2026-06-11 07:58:45.673,1781157525674014000,637.971,64.0,64.0
2026-06-11 07:58:46.678,1781157526679065000,870.219,64.0,64.0
2026-06-11 07:58:47.680,1781157527680729000,,,
2026-06-11 07:58:48.693,1781157528693618000,,,
2026-06-11 07:58:49.705,1781157529706160000,,,
2026-06-11 07:58:50.719,1781157530719994000,,,
2026-06-11 07:58:51.732,1781157531732231000,,,
2026-06-11 07:58:52.743,1781157532743172000,696.49,64.0,64.0
2026-06-11 07:58:53.747,1781157533747996000,,,
2026-06-11 07:58:54.762,1781157534762344000,,,
2026-06-11 07:58:55.774,1781157535774655000,672.269,64.0,64.0
2026-06-11 07:58:56.779,1781157536779874000,,,
2026-06-11 07:58:57.790,1781157537790956000,262.086,64.0,64.0
2026-06-11 07:58:58.791,1781157538791268000,,,
2026-06-11 07:58:59.803,1781157539804106000,,,
2026-06-11 07:59:00.815,1781157540815994000,617.241,64.0,64.0
2026-06-11 07:59:01.820,1781157541821205000,,,
2026-06-11 07:59:02.831,1781157542831599000,,,
2026-06-11 07:59:03.842,1781157543842806000,737.297,64.0,64.0
2026-06-11 07:59:04.842,1781157544843068000,,,
2026-06-11 07:59:05.857,1781157545857699000,143.343,64.0,64.0
2026-06-11 07:59:06.862,1781157546862938000,726.8,64.0,64.0
2026-06-11 07:59:07.864,1781157547864565000,22.532,64.0,64.0
2026-06-11 07:59:08.868,1781157548869100000,144.332,64.0,64.0
2026-06-11 07:59:09.873,1781157549874213000,322.324,64.0,64.0
2026-06-11 07:59:10.877,1781157550877459000,384.206,64.0,64.0
2026-06-11 07:59:11.879,1781157551880143000,276.483,64.0,64.0
2026-06-11 07:59:12.880,1781157552881199000,286.937,64.0,64.0
2026-06-11 07:59:13.884,1781157553885168000,324.838,64.0,64.0
2026-06-11 07:59:14.889,1781157554890174000,171.59,64.0,64.0
2026-06-11 07:59:15.891,1781157555891517000,541.714,64.0,64.0
2026-06-11 07:59:16.896,1781157556896724000,411.31,64.0,64.0
2026-06-11 07:59:17.901,1781157557901572000,494.52,64.0,64.0
2026-06-11 07:59:18.903,1781157558903675000,,,
2026-06-11 07:59:19.915,1781157559915841000,,,
2026-06-11 07:59:20.926,1781157560927169000,957.875,64.0,64.0
2026-06-11 07:59:21.932,1781157561932339000,,,
2026-06-11 07:59:22.943,1781157562943195000,,,
2026-06-11 07:59:23.953,1781157563953610000,121.915,64.0,64.0
2026-06-11 07:59:24.958,1781157564958874000,684.312,64.0,64.0
2026-06-11 07:59:25.961,1781157565961823000,718.554,64.0,64.0
2026-06-11 07:59:26.964,1781157566964420000,513.1,64.0,64.0
2026-06-11 07:59:27.969,1781157567969417000,294.761,64.0,64.0
2026-06-11 07:59:28.974,1781157568974587000,88.864,64.0,64.0
2026-06-11 07:59:29.979,1781157569979693000,706.453,64.0,64.0
2026-06-11 07:59:30.984,1781157570984770000,,,
2026-06-11 07:59:32.003,1781157572003589000,157.053,64.0,64.0
2026-06-11 07:59:33.003,1781157573003986000,135.797,64.0,64.0
2026-06-11 07:59:34.003,1781157574004111000,318.595,64.0,64.0
2026-06-11 07:59:35.005,1781157575005485000,355.036,64.0,64.0
2026-06-11 07:59:36.010,1781157576010667000,855.805,64.0,64.0
2026-06-11 07:59:37.015,1781157577015676000,,,
2026-06-11 07:59:38.028,1781157578028512000,138.066,64.0,64.0
2026-06-11 07:59:39.030,1781157579030958000,6.846,64.0,64.0
2026-06-11 07:59:40.035,1781157580036043000,190.826,64.0,64.0
2026-06-11 07:59:41.040,1781157581041101000,256.801,64.0,64.0
2026-06-11 07:59:42.045,1781157582046270000,173.098,64.0,64.0
2026-06-11 07:59:43.051,1781157583051318000,,,
2026-06-11 07:59:44.065,1781157584065201000,715.282,64.0,64.0
2026-06-11 07:59:45.070,1781157585070424000,200.719,64.0,64.0
2026-06-11 07:59:46.070,1781157586071056000,302.248,64.0,64.0
2026-06-11 07:59:47.073,1781157587073898000,840.535,64.0,64.0
2026-06-11 07:59:48.078,1781157588078977000,268.564,64.0,64.0
2026-06-11 07:59:49.083,1781157589084101000,451.51,64.0,64.0
2026-06-11 07:59:50.088,1781157590089204000,274.743,64.0,64.0
2026-06-11 07:59:51.094,1781157591094316000,,,
2026-06-11 07:59:52.107,1781157592108027000,605.743,64.0,64.0
2026-06-11 07:59:53.112,1781157593113223000,123.581,64.0,64.0
2026-06-11 07:59:54.118,1781157594118324000,345.48,64.0,64.0
2026-06-11 07:59:55.123,1781157595123426000,82.3,64.0,64.0
2026-06-11 07:59:56.128,1781157596128587000,26.085,64.0,64.0
2026-06-11 07:59:57.133,1781157597133663000,776.624,64.0,64.0
2026-06-11 07:59:58.138,1781157598138749000,541.024,64.0,64.0
2026-06-11 07:59:59.143,1781157599143828000,,,
2026-06-11 08:00:00.156,1781157600157131000,137.439,64.0,64.0
2026-06-11 08:00:01.158,1781157601158452000,354.625,64.0,64.0
2026-06-11 08:00:02.163,1781157602163645000,100.313,64.0,64.0
2026-06-11 08:00:03.168,1781157603168725000,536.901,64.0,64.0
2026-06-11 08:00:04.173,1781157604173843000,597.861,64.0,64.0
2026-06-11 08:00:05.178,1781157605178967000,367.088,64.0,64.0
2026-06-11 08:00:06.183,1781157606184019000,45.811,64.0,64.0
2026-06-11 08:00:07.188,1781157607189094000,522.635,64.0,64.0
2026-06-11 08:00:08.193,1781157608194101000,,,
2026-06-11 08:00:09.210,1781157609210834000,,,
2026-06-11 08:00:10.222,1781157610222652000,413.311,64.0,64.0
2026-06-11 08:00:11.227,1781157611227941000,,,
2026-06-11 08:00:12.242,1781157612242245000,,,
2026-06-11 08:00:13.253,1781157613254093000,,,
2026-06-11 08:00:14.264,1781157614264319000,270.044,64.0,64.0
2026-06-11 08:00:15.269,1781157615269511000,453.841,64.0,64.0
2026-06-11 08:00:16.274,1781157616274609000,24.687,64.0,64.0
2026-06-11 08:00:17.279,1781157617279675000,485.119,64.0,64.0
2026-06-11 08:00:18.284,1781157618284803000,552.882,64.0,64.0
2026-06-11 08:00:19.288,1781157619289016000,417.816,64.0,64.0
2026-06-11 08:00:20.291,1781157620292049000,431.008,64.0,64.0
2026-06-11 08:00:21.296,1781157621297149000,114.554,64.0,64.0
2026-06-11 08:00:22.298,1781157622298287000,71.79,64.0,64.0
2026-06-11 08:00:23.303,1781157623303395000,302.539,64.0,64.0
2026-06-11 08:00:24.308,1781157624308507000,367.429,64.0,64.0
2026-06-11 08:00:25.312,1781157625312844000,,,
2026-06-11 08:00:26.323,1781157626323670000,318.295,64.0,64.0
2026-06-11 08:00:27.328,1781157627328906000,866.018,64.0,64.0
2026-06-11 08:00:28.330,1781157628330626000,3.062,64.0,64.0
2026-06-11 08:00:29.335,1781157629335656000,57.687,64.0,64.0
2026-06-11 08:00:30.338,1781157630338949000,,,
2026-06-11 08:00:31.347,1781157631347382000,,,
2026-06-11 08:00:32.357,1781157632358076000,,,
2026-06-11 08:00:33.368,1781157633368830000,335.091,64.0,64.0
2026-06-11 08:00:34.373,1781157634374050000,471.642,64.0,64.0
2026-06-11 08:00:35.375,1781157635375608000,183.649,64.0,64.0
2026-06-11 08:00:36.380,1781157636380525000,169.869,64.0,64.0
2026-06-11 08:00:37.385,1781157637385698000,207.116,64.0,64.0
2026-06-11 08:00:38.389,1781157638389212000,429.716,64.0,64.0
2026-06-11 08:00:39.399,1781157639399296000,55.979,64.0,64.0
2026-06-11 08:00:40.400,1781157640400955000,103.373,64.0,64.0
2026-06-11 08:00:41.410,1781157641411206000,309.044,64.0,64.0
2026-06-11 08:00:42.414,1781157642414318000,,,
2026-06-11 08:00:43.441,1781157643442074000,,,
2026-06-11 08:01:04.794,1781157664794765000,,,
2026-06-11 08:01:05.808,1781157665808773000,,,
2026-06-11 08:01:06.821,1781157666822215000,,,
2026-06-11 08:01:07.831,1781157667831839000,,,
2026-06-11 08:01:08.840,1781157668840650000,,,
2026-06-11 08:01:09.852,1781157669852998000,,,
2026-06-11 08:01:10.875,1781157670875530000,,,
2026-06-11 08:01:11.887,1781157671887369000,,,
2026-06-11 08:01:12.898,1781157672898767000,,,
2026-06-11 08:01:13.911,1781157673911268000,,,
2026-06-11 08:01:14.921,1781157674921247000,,,
2026-06-11 08:01:15.931,1781157675931215000,217.296,64.0,64.0
2026-06-11 08:01:16.933,1781157676933782000,60.297,64.0,64.0
2026-06-11 08:01:17.938,1781157677938869000,,,
2026-06-11 08:01:18.947,1781157678947583000,968.942,64.0,64.0
2026-06-11 08:01:19.950,1781157679951099000,530.11,64.0,64.0
2026-06-11 08:01:20.955,1781157680955675000,976.922,64.0,64.0
2026-06-11 08:01:21.956,1781157681956792000,40.035,64.0,64.0
2026-06-11 08:01:22.960,1781157682960326000,127.55,64.0,64.0
2026-06-11 08:01:23.963,1781157683963480000,622.853,64.0,64.0
2026-06-11 08:01:24.967,1781157684968105000,,,
2026-06-11 08:01:25.977,1781157685977517000,184.59,64.0,64.0
2026-06-11 08:01:26.977,1781157686978112000,105.754,64.0,64.0
2026-06-11 08:01:27.983,1781157687983388000,115.215,64.0,64.0
2026-06-11 08:01:28.985,1781157688985451000,251.37,64.0,64.0
2026-06-11 08:01:29.990,1781157689990756000,637.478,64.0,64.0
2026-06-11 08:01:30.995,1781157690995686000,,,
2026-06-11 08:01:32.006,1781157692006267000,380.091,64.0,64.0
2026-06-11 08:01:33.007,1781157693008144000,,,
2026-06-11 08:01:34.020,1781157694020130000,,,
2026-06-11 08:01:35.035,1781157695035694000,,,
2026-06-11 08:01:36.047,1781157696047160000,742.344,64.0,64.0
2026-06-11 08:01:37.050,1781157697050493000,483.901,64.0,64.0
2026-06-11 08:01:38.055,1781157698055577000,230.528,64.0,64.0
2026-06-11 08:01:39.060,1781157699060685000,,,
2026-06-11 08:01:40.072,1781157700072565000,151.37,64.0,64.0
2026-06-11 08:01:41.077,1781157701077874000,366.014,64.0,64.0
2026-06-11 08:01:42.082,1781157702082870000,106.046,64.0,64.0
2026-06-11 08:01:43.087,1781157703087950000,,,
2026-06-11 08:01:44.103,1781157704103725000,,,
2026-06-11 08:01:45.115,1781157705115771000,897.934,64.0,64.0
2026-06-11 08:01:46.120,1781157706121068000,,,
2026-06-11 08:01:47.135,1781157707135542000,,,
2026-06-11 08:01:48.147,1781157708147175000,,,
2026-06-11 08:01:49.160,1781157709160638000,,,
2026-06-11 08:01:50.171,1781157710171425000,,,
2026-06-11 08:01:51.177,1781157711177274000,,,
2026-06-11 08:01:52.188,1781157712189046000,,,
2026-06-11 08:01:53.202,1781157713202764000,,,
2026-06-11 08:01:54.216,1781157714216560000,,,
2026-06-11 08:01:55.226,1781157715226355000,,,
2026-06-11 08:01:56.237,1781157716237998000,,,
2026-06-11 08:01:57.250,1781157717250192000,,,
2026-06-11 08:01:58.265,1781157718265736000,,,
2026-06-11 08:01:59.277,1781157719278138000,,,
2026-06-11 08:02:00.289,1781157720290122000,,,
2026-06-11 08:02:01.301,1781157721301492000,,,
2026-06-11 08:02:02.312,1781157722312245000,,,
2026-06-11 08:02:03.323,1781157723323745000,933.806,64.0,64.0
2026-06-11 08:02:04.326,1781157724326613000,3.537,64.0,64.0
2026-06-11 08:02:05.331,1781157725331799000,54.975,64.0,64.0
2026-06-11 08:02:06.336,1781157726336959000,317.307,64.0,64.0
2026-06-11 08:02:07.341,1781157727342037000,,,
2026-06-11 08:02:08.351,1781157728351940000,381.847,64.0,64.0
2026-06-11 08:02:09.356,1781157729357130000,494.438,64.0,64.0
2026-06-11 08:02:10.361,1781157730362200000,374.636,64.0,64.0
2026-06-11 08:02:11.367,1781157731367252000,588.245,64.0,64.0
2026-06-11 08:02:12.372,1781157732372336000,,,
2026-06-11 08:02:13.384,1781157733384213000,855.855,64.0,64.0
2026-06-11 08:02:14.389,1781157734389427000,69.017,64.0,64.0
2026-06-11 08:02:15.394,1781157735394551000,256.216,64.0,64.0
2026-06-11 08:02:16.399,1781157736399667000,59.115,64.0,64.0
2026-06-11 08:02:17.404,1781157737404725000,310.891,64.0,64.0
2026-06-11 08:02:18.409,1781157738409823000,316.138,64.0,64.0
2026-06-11 08:02:19.413,1781157739413945000,295.485,64.0,64.0
2026-06-11 08:02:20.418,1781157740419137000,,,
2026-06-11 08:02:21.434,1781157741434590000,,,
2026-06-11 08:02:22.444,1781157742444211000,,,
2026-06-11 08:02:23.455,1781157743455412000,,,
2026-06-11 08:02:24.466,1781157744466897000,640.517,64.0,64.0
2026-06-11 08:02:25.471,1781157745472097000,871.127,64.0,64.0
2026-06-11 08:02:26.476,1781157746476578000,66.582,64.0,64.0
2026-06-11 08:02:27.481,1781157747481647000,380.117,64.0,64.0
2026-06-11 08:02:28.486,1781157748486505000,545.84,64.0,64.0
2026-06-11 08:02:29.487,1781157749487920000,291.262,64.0,64.0
2026-06-11 08:02:30.491,1781157750492158000,160.221,64.0,64.0
2026-06-11 08:02:31.496,1781157751496791000,204.191,64.0,64.0
2026-06-11 08:02:32.501,1781157752501876000,210.461,64.0,64.0
2026-06-11 08:02:33.504,1781157753504489000,289.614,64.0,64.0
2026-06-11 08:02:34.509,1781157754509510000,427.393,64.0,64.0
2026-06-11 08:02:35.514,1781157755514624000,67.576,64.0,64.0
2026-06-11 08:02:36.519,1781157756519465000,535.696,64.0,64.0
2026-06-11 08:02:37.524,1781157757524582000,288.006,64.0,64.0
2026-06-11 08:02:38.529,1781157758529639000,,,
2026-06-11 08:02:39.543,1781157759543423000,79.157,64.0,64.0
2026-06-11 08:02:40.548,1781157760548659000,,,
2026-06-11 08:02:41.559,1781157761560025000,,,
2026-06-11 08:02:42.572,1781157762572296000,399.053,64.0,64.0
2026-06-11 08:02:43.577,1781157763577485000,706.626,64.0,64.0
2026-06-11 08:02:44.582,1781157764582629000,397.568,64.0,64.0
2026-06-11 08:02:45.587,1781157765587635000,643.517,64.0,64.0
2026-06-11 08:02:46.591,1781157766592223000,426.686,64.0,64.0
2026-06-11 08:02:47.597,1781157767597307000,23.76,64.0,64.0
2026-06-11 08:02:48.602,1781157768602432000,10.296,64.0,64.0
2026-06-11 08:02:49.607,1781157769607528000,13.717,64.0,64.0
2026-06-11 08:02:50.612,1781157770612592000,3.287,64.0,64.0
2026-06-11 08:02:51.617,1781157771617685000,17.84,64.0,64.0
2026-06-11 08:02:52.619,1781157772619841000,21.835,64.0,64.0
2026-06-11 08:02:53.624,1781157773624950000,47.894,64.0,64.0
2026-06-11 08:02:54.629,1781157774630021000,42.62,64.0,64.0
2026-06-11 08:02:55.634,1781157775635091000,66.255,64.0,64.0
2026-06-11 08:02:56.639,1781157776640206000,19.644,64.0,64.0
2026-06-11 08:02:57.641,1781157777641922000,21.145,64.0,64.0
2026-06-11 08:02:58.646,1781157778646994000,347.783,64.0,64.0
2026-06-11 08:02:59.651,1781157779651315000,55.065,64.0,64.0
2026-06-11 08:03:00.656,1781157780656419000,387.625,64.0,64.0
2026-06-11 08:03:01.661,1781157781661579000,273.936,64.0,64.0
2026-06-11 08:03:02.666,1781157782666642000,81.333,64.0,64.0
2026-06-11 08:03:03.667,1781157783667614000,421.462,64.0,64.0
2026-06-11 08:03:04.672,1781157784672756000,291.468,64.0,64.0
2026-06-11 08:03:05.676,1781157785676874000,134.705,64.0,64.0
2026-06-11 08:03:06.681,1781157786682030000,223.337,64.0,64.0
2026-06-11 08:03:07.686,1781157787687080000,183.222,64.0,64.0
2026-06-11 08:03:08.691,1781157788691841000,265.741,64.0,64.0
2026-06-11 08:03:09.696,1781157789696926000,513.434,64.0,64.0
2026-06-11 08:03:10.701,1781157790702039000,200.872,64.0,64.0
2026-06-11 08:03:11.706,1781157791707113000,275.915,64.0,64.0
2026-06-11 08:03:12.707,1781157792707449000,314.425,64.0,64.0
2026-06-11 08:03:13.712,1781157793712543000,221.119,64.0,64.0
2026-06-11 08:03:14.717,1781157794717638000,286.631,64.0,64.0
2026-06-11 08:03:15.722,1781157795722751000,135.963,64.0,64.0
2026-06-11 08:03:16.724,1781157796725119000,25.93,64.0,64.0
2026-06-11 08:03:17.729,1781157797730166000,373.103,64.0,64.0
2026-06-11 08:03:18.733,1781157798734041000,3.146,64.0,64.0
2026-06-11 08:03:19.738,1781157799739175000,94.584,64.0,64.0
2026-06-11 08:03:20.743,1781157800744209000,402.79,64.0,64.0
2026-06-11 08:03:21.747,1781157801747675000,3.238,64.0,64.0
2026-06-11 08:03:22.752,1781157802752477000,94.219,64.0,64.0
2026-06-11 08:03:23.753,1781157803754118000,,,
2026-06-11 08:03:24.767,1781157804768006000,769.834,64.0,64.0
2026-06-11 08:03:25.772,1781157805773179000,958.528,64.0,64.0
2026-06-11 08:03:26.777,1781157806778192000,320.068,64.0,64.0
2026-06-11 08:03:27.781,1781157807781424000,357.155,64.0,64.0
2026-06-11 08:03:28.786,1781157808786496000,327.336,64.0,64.0
2026-06-11 08:03:29.791,1781157809791621000,736.945,64.0,64.0
2026-06-11 08:03:30.792,1781157810792701000,618.161,64.0,64.0
2026-06-11 08:03:31.797,1781157811797828000,433.332,64.0,64.0
2026-06-11 08:03:32.802,1781157812802932000,564.649,64.0,64.0
2026-06-11 08:03:33.803,1781157813803462000,593.58,64.0,64.0
2026-06-11 08:03:34.808,1781157814808556000,4.428,64.0,64.0
2026-06-11 08:03:35.813,1781157815813602000,384.12,64.0,64.0
2026-06-11 08:03:36.818,1781157816818682000,427.811,64.0,64.0
2026-06-11 08:03:37.823,1781157817823783000,236.232,64.0,64.0
2026-06-11 08:03:38.827,1781157818828059000,274.868,64.0,64.0
2026-06-11 08:03:39.832,1781157819833125000,771.228,64.0,64.0
2026-06-11 08:03:40.837,1781157820838241000,513.625,64.0,64.0
2026-06-11 08:03:41.843,1781157821843304000,471.494,64.0,64.0
2026-06-11 08:03:42.848,1781157822848412000,391.477,64.0,64.0
2026-06-11 08:03:43.853,1781157823853497000,242.25,64.0,64.0
2026-06-11 08:03:44.853,1781157824853967000,343.117,64.0,64.0
2026-06-11 08:03:45.858,1781157825859030000,591.364,64.0,64.0
2026-06-11 08:03:46.863,1781157826864100000,399.385,64.0,64.0
2026-06-11 08:03:47.868,1781157827869234000,,,
2026-06-11 08:03:48.883,1781157828883984000,24.136,64.0,64.0
2026-06-11 08:03:49.888,1781157829889128000,242.944,64.0,64.0
2026-06-11 08:03:50.893,1781157830894244000,196.073,64.0,64.0
2026-06-11 08:03:51.896,1781157831896876000,134.627,64.0,64.0
2026-06-11 08:03:52.901,1781157832901990000,399.869,64.0,64.0
2026-06-11 08:03:53.906,1781157833907116000,461.341,64.0,64.0
2026-06-11 08:03:54.910,1781157834911161000,32.913,64.0,64.0
2026-06-11 08:03:55.916,1781157835916267000,196.16,64.0,64.0
2026-06-11 08:03:56.921,1781157836921397000,148.394,64.0,64.0
2026-06-11 08:03:57.926,1781157837926805000,62.36,64.0,64.0
2026-06-11 08:03:58.936,1781157838936469000,219.195,64.0,64.0
2026-06-11 08:03:59.943,1781157839943997000,98.879,64.0,64.0
2026-06-11 08:04:00.943,1781157840943497000,89.573,64.0,64.0
2026-06-11 08:04:01.945,1781157841946081000,78.754,64.0,64.0
2026-06-11 08:04:02.948,1781157842949085000,,,
2026-06-11 08:04:03.961,1781157843961600000,,,
2026-06-11 08:04:31.979,1781157871979918000,,,
2026-06-11 08:04:33.018,1781157873018476000,,,
2026-06-11 08:04:34.027,1781157874027267000,,,
2026-06-11 08:04:35.037,1781157875037444000,,,
2026-06-11 08:04:36.047,1781157876047196000,,,
2026-06-11 08:04:37.072,1781157877072364000,,,
2026-06-11 08:04:38.103,1781157878103489000,3.269,64.0,64.0
2026-06-11 08:04:39.107,1781157879107356000,43.783,64.0,64.0
2026-06-11 08:04:40.108,1781157880109288000,42.747,64.0,64.0
2026-06-11 08:04:41.112,1781157881113141000,584.727,64.0,64.0
2026-06-11 08:04:42.116,1781157882117093000,2.772,64.0,64.0
2026-06-11 08:04:43.116,1781157883117098000,853.257,64.0,64.0
2026-06-11 08:04:44.117,1781157884118012000,111.631,64.0,64.0
2026-06-11 08:04:45.122,1781157885122305000,434.524,64.0,64.0
2026-06-11 08:04:46.126,1781157886126632000,,,
2026-06-11 08:04:47.136,1781157887136505000,,,
2026-06-11 08:04:48.148,1781157888148302000,,,
2026-06-11 08:04:49.158,1781157889158379000,,,
2026-06-11 08:04:50.169,1781157890169635000,,,
2026-06-11 08:04:51.183,1781157891183908000,232.344,64.0,64.0
2026-06-11 08:04:52.184,1781157892185169000,613.027,64.0,64.0
2026-06-11 08:04:53.186,1781157893187059000,91.526,64.0,64.0
2026-06-11 08:04:54.191,1781157894191659000,207.806,64.0,64.0
2026-06-11 08:04:55.196,1781157895196358000,350.295,64.0,64.0
2026-06-11 08:04:56.200,1781157896200998000,,,
2026-06-11 08:04:57.213,1781157897214014000,317.359,64.0,64.0
2026-06-11 08:04:58.218,1781157898218842000,,,
2026-06-11 08:04:59.233,1781157899233298000,447.482,64.0,64.0
2026-06-11 08:05:00.237,1781157900238155000,907.384,64.0,64.0
2026-06-11 08:05:01.242,1781157901242923000,,,
2026-06-11 08:05:02.256,1781157902256356000,526.528,64.0,64.0
2026-06-11 08:05:03.261,1781157903261318000,,,
2026-06-11 08:05:04.275,1781157904275800000,,,
2026-06-11 08:05:05.289,1781157905289625000,213.731,64.0,64.0
2026-06-11 08:05:06.294,1781157906294606000,,,
2026-06-11 08:05:07.309,1781157907309173000,,,
2026-06-11 08:05:08.321,1781157908321728000,,,
2026-06-11 08:05:09.332,1781157909332739000,791.744,64.0,64.0
2026-06-11 08:05:10.337,1781157910337756000,,,
2026-06-11 08:05:11.351,1781157911352023000,,,
2026-06-11 08:05:12.360,1781157912360679000,,,
2026-06-11 08:05:13.370,1781157913370762000,,,
2026-06-11 08:05:14.380,1781157914380888000,,,
2026-06-11 08:05:15.393,1781157915393275000,359.419,64.0,64.0
2026-06-11 08:05:16.398,1781157916398278000,,,
2026-06-11 08:05:17.408,1781157917408874000,429.334,64.0,64.0
2026-06-11 08:05:18.413,1781157918414005000,,,
2026-06-11 08:05:19.426,1781157919426276000,,,
2026-06-11 08:05:20.442,1781157920442641000,,,
2026-06-11 08:05:21.453,1781157921454034000,703.471,64.0,64.0
2026-06-11 08:05:22.458,1781157922459141000,,,
2026-06-11 08:05:23.473,1781157923473879000,905.423,64.0,64.0
2026-06-11 08:05:24.478,1781157924478988000,,,
2026-06-11 08:05:25.491,1781157925492104000,330.765,64.0,64.0
2026-06-11 08:05:26.496,1781157926497250000,,,
2026-06-11 08:05:27.511,1781157927511261000,718.479,64.0,64.0
2026-06-11 08:05:28.511,1781157928511520000,100.259,64.0,64.0
2026-06-11 08:05:29.516,1781157929516587000,,,
2026-06-11 08:05:30.529,1781157930529313000,415.003,64.0,64.0
2026-06-11 08:05:31.534,1781157931534444000,,,
2026-06-11 08:05:32.549,1781157932549310000,,,
2026-06-11 08:05:33.559,1781157933559676000,,,
2026-06-11 08:05:34.570,1781157934570929000,,,
2026-06-11 08:05:35.583,1781157935583536000,,,
2026-06-11 08:05:36.597,1781157936597374000,,,
2026-06-11 08:05:37.608,1781157937608238000,,,
2026-06-11 08:05:38.619,1781157938619688000,,,
2026-06-11 08:05:39.631,1781157939631417000,345.085,64.0,64.0
2026-06-11 08:05:40.636,1781157940636536000,452.997,64.0,64.0
2026-06-11 08:05:41.641,1781157941641658000,,,
2026-06-11 08:05:42.656,1781157942656747000,,,
2026-06-11 08:05:43.669,1781157943669387000,,,
2026-06-11 08:05:44.683,1781157944683333000,,,
2026-06-11 08:05:45.694,1781157945695171000,,,
2026-06-11 08:05:46.707,1781157946707435000,,,
2026-06-11 08:05:47.717,1781157947717316000,,,
2026-06-11 08:05:48.725,1781157948726076000,572.334,64.0,64.0
2026-06-11 08:05:49.730,1781157949731142000,288.442,64.0,64.0
2026-06-11 08:05:50.736,1781157950736149000,,,
2026-06-11 08:05:51.743,1781157951743632000,,,
2026-06-11 08:05:52.755,1781157952755558000,,,
2026-06-11 08:05:53.766,1781157953767117000,,,
2026-06-11 08:05:54.778,1781157954778261000,,,
2026-06-11 08:05:55.790,1781157955790615000,,,
2026-06-11 08:05:56.799,1781157956800033000,542.094,64.0,64.0
2026-06-11 08:05:57.804,1781157957804642000,,,
2026-06-11 08:05:58.816,1781157958816731000,,,
2026-06-11 08:05:59.830,1781157959830345000,474.238,64.0,64.0
2026-06-11 08:06:00.830,1781157960830668000,,,
2026-06-11 08:06:01.840,1781157961840567000,,,
2026-06-11 08:06:02.852,1781157962852319000,,,
2026-06-11 08:06:03.865,1781157963865314000,381.217,64.0,64.0
2026-06-11 08:06:04.867,1781157964867414000,433.184,64.0,64.0
2026-06-11 08:06:05.872,1781157965872357000,,,
2026-06-11 08:06:06.888,1781157966888255000,,,
2026-06-11 08:06:07.899,1781157967899731000,445.999,64.0,64.0
2026-06-11 08:06:08.904,1781157968904879000,,,
2026-06-11 08:06:09.915,1781157969915792000,,,
2026-06-11 08:06:10.928,1781157970928863000,,,
2026-06-11 08:06:11.940,1781157971940389000,,,
2026-06-11 08:06:12.951,1781157972951960000,,,
2026-06-11 08:06:13.965,1781157973965274000,,,
2026-06-11 08:06:14.973,1781157974973554000,,,
2026-06-11 08:06:15.985,1781157975985267000,,,
2026-06-11 08:06:16.999,1781157977000054000,252.905,64.0,64.0
2026-06-11 08:06:18.001,1781157978001486000,174.519,64.0,64.0
2026-06-11 08:06:19.006,1781157979006541000,,,
2026-06-11 08:06:20.020,1781157980020904000,277.486,64.0,64.0
2026-06-11 08:06:21.025,1781157981026040000,531.323,64.0,64.0
2026-06-11 08:06:22.030,1781157982030859000,,,
2026-06-11 08:06:23.040,1781157983040961000,,,
2026-06-11 08:06:24.049,1781157984049306000,,,
2026-06-11 08:06:25.061,1781157985061177000,117.976,64.0,64.0
2026-06-11 08:06:26.066,1781157986066313000,,,
2026-06-11 08:06:27.076,1781157987076572000,,,
2026-06-11 08:06:28.087,1781157988087256000,,,
2026-06-11 08:06:29.096,1781157989096802000,,,
2026-06-11 08:06:30.108,1781157990109010000,,,
2026-06-11 08:06:31.118,1781157991119018000,,,
2026-06-11 08:06:32.131,1781157992131496000,,,
2026-06-11 08:06:33.143,1781157993143117000,,,
2026-06-11 08:06:34.151,1781157994151622000,434.181,64.0,64.0
2026-06-11 08:06:35.156,1781157995156842000,,,
2026-06-11 08:06:36.171,1781157996171916000,,,
2026-06-11 08:06:37.183,1781157997183979000,,,
2026-06-11 08:06:38.197,1781157998197819000,,,
2026-06-11 08:06:39.209,1781157999209267000,,,
2026-06-11 08:06:40.220,1781158000220612000,666.625,64.0,64.0
2026-06-11 08:06:41.225,1781158001225623000,,,
2026-06-11 08:06:42.239,1781158002239558000,,,
2026-06-11 08:06:43.250,1781158003251010000,,,
2026-06-11 08:06:44.264,1781158004264597000,,,
2026-06-11 08:06:45.274,1781158005275119000,,,
2026-06-11 08:06:46.285,1781158006285853000,,,
2026-06-11 08:06:47.298,1781158007298802000,,,
2026-06-11 08:06:48.309,1781158008310011000,,,
2026-06-11 08:06:49.322,1781158009322786000,,,
2026-06-11 08:06:50.333,1781158010333526000,,,
2026-06-11 08:06:51.347,1781158011347756000,,,
2026-06-11 08:06:52.355,1781158012356113000,,,
2026-06-11 08:06:53.365,1781158013366056000,643.012,64.0,64.0
2026-06-11 08:06:54.370,1781158014371159000,,,
2026-06-11 08:06:55.381,1781158015381994000,,,
2026-06-11 08:06:56.395,1781158016395671000,533.476,64.0,64.0
2026-06-11 08:06:57.395,1781158017395959000,,,
2026-06-11 08:06:58.410,1781158018410850000,,,
2026-06-11 08:06:59.422,1781158019422584000,,,
2026-06-11 08:07:00.433,1781158020434089000,,,
2026-06-11 08:07:01.447,1781158021447517000,,,
2026-06-11 08:07:02.460,1781158022460956000,,,
2026-06-11 08:07:03.472,1781158023472517000,,,
2026-06-11 08:07:04.482,1781158024482809000,,,
2026-06-11 08:07:05.494,1781158025494612000,,,
2026-06-11 08:07:06.505,1781158026505761000,,,
2026-06-11 08:07:07.514,1781158027515135000,,,
2026-06-11 08:07:08.524,1781158028524520000,,,
2026-06-11 08:07:09.536,1781158029537146000,,,
2026-06-11 08:07:10.547,1781158030547954000,,,
2026-06-11 08:07:11.558,1781158031558942000,,,
2026-06-11 08:07:12.570,1781158032570507000,,,
2026-06-11 08:07:13.581,1781158033581619000,,,
2026-06-11 08:07:14.593,1781158034593809000,222.465,64.0,64.0
2026-06-11 08:07:15.598,1781158035598975000,,,
2026-06-11 08:07:16.613,1781158036613821000,,,
2026-06-11 08:07:17.626,1781158037626130000,,,
2026-06-11 08:07:18.637,1781158038637327000,,,
2026-06-11 08:07:19.648,1781158039648318000,,,
2026-06-11 08:07:20.659,1781158040659629000,908.799,64.0,64.0
2026-06-11 08:07:21.664,1781158041664807000,,,
2026-06-11 08:07:22.679,1781158042679698000,,,
2026-06-11 08:07:23.691,1781158043691162000,,,
2026-06-11 08:07:24.702,1781158044702836000,,,
2026-06-11 08:07:25.714,1781158045714803000,,,
2026-06-11 08:07:26.725,1781158046726107000,,,
2026-06-11 08:07:27.738,1781158047738654000,,,
2026-06-11 08:07:28.748,1781158048749022000,,,
2026-06-11 08:07:29.761,1781158049761175000,,,
2026-06-11 08:07:30.772,1781158050773012000,,,
2026-06-11 08:07:31.783,1781158051783645000,,,
2026-06-11 08:07:32.797,1781158052797413000,,,
2026-06-11 08:07:33.808,1781158053808945000,,,
2026-06-11 08:07:34.822,1781158054822497000,,,
2026-06-11 08:07:35.838,1781158055838578000,,,
2026-06-11 08:07:36.849,1781158056850074000,,,
2026-06-11 08:07:37.863,1781158057863585000,,,
2026-06-11 08:07:38.871,1781158058871850000,,,
2026-06-11 08:07:39.882,1781158059882761000,,,
2026-06-11 08:07:40.897,1781158060897715000,,,
2026-06-11 08:07:41.910,1781158061910254000,,,
2026-06-11 08:07:42.921,1781158062921817000,,,
2026-06-11 08:07:43.932,1781158063932551000,,,
2026-06-11 08:07:44.943,1781158064943260000,,,
2026-06-11 08:07:45.954,1781158065955084000,,,
2026-06-11 08:07:46.967,1781158066967403000,,,
2026-06-11 08:07:47.980,1781158067980953000,383.214,64.0,64.0
2026-06-11 08:07:48.985,1781158068986161000,,,
2026-06-11 08:07:49.997,1781158069997495000,,,
2026-06-11 08:07:51.010,1781158071010875000,,,
2026-06-11 08:07:52.023,1781158072023609000,,,
2026-06-11 08:07:53.036,1781158073036832000,,,
2026-06-11 08:07:54.047,1781158074047552000,,,
2026-06-11 08:07:55.058,1781158075058927000,,,
2026-06-11 08:07:56.071,1781158076071508000,,,
2026-06-11 08:07:57.082,1781158077082265000,,,
2026-06-11 08:07:58.096,1781158078096598000,,,
2026-06-11 08:07:59.107,1781158079107996000,,,
2026-06-11 08:08:00.118,1781158080118393000,,,
2026-06-11 08:08:01.130,1781158081130801000,,,
2026-06-11 08:08:02.141,1781158082141950000,,,
2026-06-11 08:08:03.153,1781158083153698000,,,
2026-06-11 08:08:04.163,1781158084164036000,,,
2026-06-11 08:08:05.174,1781158085174972000,,,
2026-06-11 08:08:06.187,1781158086188023000,,,
2026-06-11 08:08:07.198,1781158087198971000,,,
2026-06-11 08:08:08.211,1781158088211310000,,,
2026-06-11 08:08:09.220,1781158089220991000,,,
2026-06-11 08:08:10.232,1781158090232916000,,,
2026-06-11 08:08:11.246,1781158091246696000,,,
2026-06-11 08:08:12.258,1781158092258438000,,,
2026-06-11 08:08:13.270,1781158093271124000,,,
2026-06-11 08:08:14.284,1781158094284703000,,,
2026-06-11 08:08:15.297,1781158095297261000,,,
2026-06-11 08:08:16.307,1781158096307451000,543.616,64.0,64.0
2026-06-11 08:08:17.311,1781158097311992000,,,
2026-06-11 08:08:18.322,1781158098322679000,,,
2026-06-11 08:08:19.330,1781158099330212000,,,
2026-06-11 08:08:20.341,1781158100342023000,,,
2026-06-11 08:08:21.355,1781158101355624000,,,
2026-06-11 08:08:22.367,1781158102367525000,,,
2026-06-11 08:08:23.379,1781158103379074000,,,
2026-06-11 08:08:25.392,1781158105392583000,126.748,64.0,64.0
2026-06-11 08:08:26.397,1781158106397702000,116.701,64.0,64.0
2026-06-11 08:08:27.402,1781158107402734000,,,
2026-06-11 08:08:28.413,1781158108413719000,469.535,64.0,64.0
2026-06-11 08:08:29.418,1781158109418761000,471.584,64.0,64.0
2026-06-11 08:08:30.423,1781158110423875000,,,
2026-06-11 08:08:31.437,1781158111437489000,,,
2026-06-11 08:08:32.450,1781158112450357000,,,
2026-06-11 08:08:33.463,1781158113463540000,328.795,64.0,64.0
2026-06-11 08:08:34.463,1781158114463675000,223.119,64.0,64.0
2026-06-11 08:08:35.465,1781158115466110000,432.758,64.0,64.0
2026-06-11 08:08:36.466,1781158116466381000,693.888,64.0,64.0
2026-06-11 08:08:37.470,1781158117470402000,376.501,64.0,64.0
2026-06-11 08:08:38.472,1781158118472355000,254.644,64.0,64.0
2026-06-11 08:08:39.477,1781158119477457000,656.076,64.0,64.0
2026-06-11 08:08:40.478,1781158120478514000,187.702,64.0,64.0
2026-06-11 08:08:41.483,1781158121483533000,23.335,64.0,64.0
2026-06-11 08:08:42.488,1781158122488659000,,,
2026-06-11 08:08:43.499,1781158123500109000,117.31,64.0,64.0
2026-06-11 08:08:44.505,1781158124505240000,868.932,64.0,64.0
2026-06-11 08:08:45.510,1781158125510330000,142.1,64.0,64.0
2026-06-11 08:08:46.513,1781158126514144000,605.26,64.0,64.0
2026-06-11 08:08:47.519,1781158127519476000,697.51,64.0,64.0
2026-06-11 08:08:48.524,1781158128524390000,143.046,64.0,64.0
2026-06-11 08:08:49.528,1781158129528178000,10.855,64.0,64.0
2026-06-11 08:08:50.533,1781158130533339000,255.18,64.0,64.0
2026-06-11 08:08:51.538,1781158131538412000,279.561,64.0,64.0
2026-06-11 08:08:52.541,1781158132541642000,415.942,64.0,64.0
2026-06-11 08:08:53.547,1781158133547180000,1.964,64.0,64.0
2026-06-11 08:08:54.552,1781158134552307000,,,
2026-06-11 08:08:55.563,1781158135563181000,923.231,64.0,64.0
2026-06-11 08:08:56.568,1781158136568376000,164.316,64.0,64.0
2026-06-11 08:08:57.573,1781158137573577000,,,
2026-06-11 08:08:58.586,1781158138586687000,,,
2026-06-11 08:08:59.598,1781158139598149000,,,
2026-06-11 08:09:00.609,1781158140610043000,,,
2026-06-11 08:09:01.620,1781158141620268000,,,
2026-06-11 08:09:02.632,1781158142632766000,,,
2026-06-11 08:09:03.645,1781158143645628000,236.167,64.0,64.0
2026-06-11 08:09:04.650,1781158144650794000,430.258,64.0,64.0
2026-06-11 08:09:05.652,1781158145652899000,479.306,64.0,64.0
2026-06-11 08:09:06.654,1781158146655088000,3.217,64.0,64.0
2026-06-11 08:09:07.660,1781158147660405000,331.683,64.0,64.0
2026-06-11 08:09:08.665,1781158148665237000,67.315,64.0,64.0
2026-06-11 08:09:09.669,1781158149669584000,,,
2026-06-11 08:09:10.678,1781158150678874000,,,
2026-06-11 08:09:11.691,1781158151691626000,,,
2026-06-11 08:09:12.703,1781158152703255000,266.428,64.0,64.0
2026-06-11 08:09:13.708,1781158153708446000,,,
2026-06-11 08:09:14.726,1781158154727033000,520.953,64.0,64.0
2026-06-11 08:09:15.729,1781158155730059000,90.853,64.0,64.0
2026-06-11 08:09:16.735,1781158156735323000,56.966,64.0,64.0
2026-06-11 08:09:17.740,1781158157740408000,22.586,64.0,64.0
2026-06-11 08:09:18.745,1781158158745339000,31.349,64.0,64.0
2026-06-11 08:09:19.747,1781158159747906000,44.767,64.0,64.0
2026-06-11 08:09:20.749,1781158160750141000,454.404,64.0,64.0
2026-06-11 08:09:21.753,1781158161753575000,172.702,64.0,64.0
2026-06-11 08:09:22.758,1781158162758739000,300.081,64.0,64.0
2026-06-11 08:09:23.760,1781158163760922000,254.061,64.0,64.0
2026-06-11 08:09:24.765,1781158164765879000,503.771,64.0,64.0
2026-06-11 08:09:25.766,1781158165766904000,,,
2026-06-11 08:09:26.778,1781158166778147000,,,
2026-06-11 08:09:27.788,1781158167788355000,535.501,64.0,64.0
2026-06-11 08:09:28.792,1781158168793120000,664.136,64.0,64.0
2026-06-11 08:09:29.798,1781158169798268000,270.206,64.0,64.0
2026-06-11 08:09:30.799,1781158170799769000,2.794,64.0,64.0
2026-06-11 08:09:31.804,1781158171805099000,206.834,64.0,64.0
2026-06-11 08:09:32.809,1781158172810014000,96.369,64.0,64.0
2026-06-11 08:09:33.814,1781158173815088000,463.355,64.0,64.0
2026-06-11 08:09:34.815,1781158174815662000,520.645,64.0,64.0
2026-06-11 08:09:35.820,1781158175820761000,175.945,64.0,64.0
2026-06-11 08:09:36.825,1781158176825775000,281.92,64.0,64.0
2026-06-11 08:09:37.829,1781158177829538000,3.171,64.0,64.0
2026-06-11 08:09:38.834,1781158178834506000,685.6,64.0,64.0
2026-06-11 08:09:39.836,1781158179836663000,147.65,64.0,64.0
2026-06-11 08:09:40.839,1781158180839859000,373.65,64.0,64.0
2026-06-11 08:09:41.840,1781158181840938000,689.762,64.0,64.0
2026-06-11 08:09:42.840,1781158182841095000,494.36,64.0,64.0
2026-06-11 08:09:43.841,1781158183841548000,90.361,64.0,64.0
2026-06-11 08:09:44.842,1781158184842489000,231.013,64.0,64.0
2026-06-11 08:09:45.844,1781158185845067000,132.277,64.0,64.0
2026-06-11 08:09:46.846,1781158186846875000,394.23,64.0,64.0
2026-06-11 08:09:47.850,1781158187851107000,183.845,64.0,64.0
2026-06-11 08:09:48.851,1781158188852040000,194.237,64.0,64.0
2026-06-11 08:09:49.856,1781158189857163000,326.812,64.0,64.0
2026-06-11 08:09:50.860,1781158190860314000,4.046,64.0,64.0
2026-06-11 08:09:51.865,1781158191865404000,771.652,64.0,64.0
2026-06-11 08:09:52.869,1781158192869775000,228.572,64.0,64.0
2026-06-11 08:09:53.871,1781158193871401000,8.291,64.0,64.0
2026-06-11 08:09:54.876,1781158194876398000,468.491,64.0,64.0
2026-06-11 08:09:55.880,1781158195880682000,38.386,64.0,64.0
2026-06-11 08:09:56.885,1781158196885259000,199.472,64.0,64.0
2026-06-11 08:09:57.890,1781158197890336000,180.666,64.0,64.0
2026-06-11 08:09:58.895,1781158198895360000,2.817,64.0,64.0
2026-06-11 08:09:59.900,1781158199900522000,76.58,64.0,64.0
2026-06-11 08:10:00.901,1781158200901903000,242.585,64.0,64.0
2026-06-11 08:10:01.906,1781158201907048000,3.187,64.0,64.0
2026-06-11 08:10:02.911,1781158202912021000,274.342,64.0,64.0
2026-06-11 08:10:03.916,1781158203917135000,294.21,64.0,64.0
2026-06-11 08:10:04.921,1781158204922152000,101.819,64.0,64.0
2026-06-11 08:10:05.927,1781158205927202000,84.749,64.0,64.0
2026-06-11 08:10:06.932,1781158206932410000,615.359,64.0,64.0
2026-06-11 08:10:07.937,1781158207937556000,340.189,64.0,64.0
2026-06-11 08:10:08.942,1781158208942583000,3.269,64.0,64.0
2026-06-11 08:10:09.947,1781158209947663000,15.165,64.0,64.0
2026-06-11 08:10:10.952,1781158210952639000,500.77,64.0,64.0
2026-06-11 08:10:11.956,1781158211957173000,308.128,64.0,64.0
2026-06-11 08:10:12.961,1781158212962197000,379.047,64.0,64.0
2026-06-11 08:10:13.963,1781158213963342000,3.687,64.0,64.0
2026-06-11 08:10:14.968,1781158214968428000,103.202,64.0,64.0
2026-06-11 08:10:15.973,1781158215973548000,268.049,64.0,64.0
2026-06-11 08:10:16.978,1781158216978598000,110.581,64.0,64.0
2026-06-11 08:10:17.983,1781158217983582000,118.857,64.0,64.0
2026-06-11 08:10:18.988,1781158218988569000,145.353,64.0,64.0
2026-06-11 08:10:19.993,1781158219993700000,167.727,64.0,64.0
2026-06-11 08:10:20.998,1781158220998821000,312.006,64.0,64.0
2026-06-11 08:10:21.999,1781158221999450000,645.175,64.0,64.0
2026-06-11 08:10:23.004,1781158223004494000,,,
2026-06-11 08:10:24.018,1781158224018357000,304.295,64.0,64.0
2026-06-11 08:10:25.023,1781158225023478000,242.51,64.0,64.0
2026-06-11 08:10:26.028,1781158226028701000,382.521,64.0,64.0
2026-06-11 08:10:27.029,1781158227029489000,,,
2026-06-11 08:10:28.036,1781158228036837000,,,
2026-06-11 08:10:29.046,1781158229047107000,,,
2026-06-11 08:10:30.059,1781158230059658000,784.786,64.0,64.0
2026-06-11 08:10:31.059,1781158231059962000,3.356,64.0,64.0
2026-06-11 08:10:32.061,1781158232061792000,227.903,64.0,64.0
2026-06-11 08:10:33.061,1781158233061971000,390.444,64.0,64.0
2026-06-11 08:10:34.063,1781158234063196000,330.424,64.0,64.0
2026-06-11 08:10:35.068,1781158235068326000,174.369,64.0,64.0
2026-06-11 08:10:36.072,1781158236072403000,70.629,64.0,64.0
2026-06-11 08:10:37.074,1781158237074973000,,,
2026-06-11 08:10:38.087,1781158238087560000,,,
2026-06-11 08:10:39.100,1781158239100568000,,,
2026-06-11 08:10:40.108,1781158240108742000,75.616,64.0,64.0
2026-06-11 08:10:41.113,1781158241113853000,102.591,64.0,64.0
2026-06-11 08:10:42.118,1781158242118968000,206.753,64.0,64.0
2026-06-11 08:10:43.119,1781158243119286000,231.424,64.0,64.0
2026-06-11 08:10:44.124,1781158244124338000,243.797,64.0,64.0
2026-06-11 08:10:45.126,1781158245126932000,875.672,64.0,64.0
2026-06-11 08:10:46.131,1781158246132106000,930.986,64.0,64.0
2026-06-11 08:10:47.132,1781158247133164000,126.05,64.0,64.0
2026-06-11 08:10:48.134,1781158248135179000,19.291,64.0,64.0
2026-06-11 08:10:49.136,1781158249136397000,373.965,64.0,64.0
2026-06-11 08:10:50.140,1781158250140274000,3.666,64.0,64.0
2026-06-11 08:10:51.140,1781158251141081000,118.917,64.0,64.0
2026-06-11 08:10:52.145,1781158252146246000,266.66,64.0,64.0
2026-06-11 08:10:53.147,1781158253147414000,129.063,64.0,64.0
2026-06-11 08:10:54.150,1781158254150609000,181.03,64.0,64.0
2026-06-11 08:10:55.152,1781158255152652000,32.403,64.0,64.0
2026-06-11 08:10:56.157,1781158256157764000,337.186,64.0,64.0
2026-06-11 08:10:57.162,1781158257162648000,201.191,64.0,64.0
2026-06-11 08:10:58.162,1781158258162968000,515.747,64.0,64.0
2026-06-11 08:10:59.166,1781158259167232000,983.76,64.0,64.0
2026-06-11 08:11:00.167,1781158260168047000,472.508,64.0,64.0
2026-06-11 08:11:01.168,1781158261168557000,928.658,64.0,64.0
2026-06-11 08:11:02.170,1781158262171202000,,,
2026-06-11 08:11:03.183,1781158263184164000,340.274,64.0,64.0
2026-06-11 08:11:04.189,1781158264189448000,316.676,64.0,64.0
2026-06-11 08:11:05.194,1781158265194583000,,,
2026-06-11 08:11:06.208,1781158266208960000,463.868,64.0,64.0
2026-06-11 08:11:07.211,1781158267212137000,153.697,64.0,64.0
2026-06-11 08:11:08.216,1781158268217191000,81.568,64.0,64.0
2026-06-11 08:11:09.222,1781158269222271000,316.797,64.0,64.0
2026-06-11 08:11:10.225,1781158270225930000,486.114,64.0,64.0
2026-06-11 08:11:11.227,1781158271227656000,407.31,64.0,64.0
2026-06-11 08:11:12.228,1781158272228662000,3.204,64.0,64.0
2026-06-11 08:11:13.233,1781158273233653000,216.239,64.0,64.0
2026-06-11 08:11:14.237,1781158274237280000,385.506,64.0,64.0
2026-06-11 08:11:15.242,1781158275242634000,579.935,64.0,64.0
2026-06-11 08:11:16.247,1781158276247422000,162.544,64.0,64.0
2026-06-11 08:11:17.249,1781158277250230000,232.704,64.0,64.0
2026-06-11 08:11:18.255,1781158278255179000,711.061,64.0,64.0
2026-06-11 08:11:19.260,1781158279260342000,321.049,64.0,64.0
2026-06-11 08:11:20.265,1781158280265462000,283.468,64.0,64.0
2026-06-11 08:11:21.269,1781158281269275000,584.347,64.0,64.0
2026-06-11 08:11:22.273,1781158282274098000,466.644,64.0,64.0
2026-06-11 08:11:23.276,1781158283276434000,680.463,64.0,64.0
2026-06-11 08:11:24.277,1781158284278137000,117.771,64.0,64.0
2026-06-11 08:11:25.283,1781158285283256000,444.984,64.0,64.0
2026-06-11 08:11:26.288,1781158286288414000,232.988,64.0,64.0
2026-06-11 08:11:27.293,1781158287293396000,769.535,64.0,64.0
2026-06-11 08:11:28.297,1781158288297891000,212.073,64.0,64.0
2026-06-11 08:11:29.299,1781158289300198000,348.897,64.0,64.0
2026-06-11 08:11:30.304,1781158290304963000,395.259,64.0,64.0
2026-06-11 08:11:31.309,1781158291310049000,41.472,64.0,64.0
2026-06-11 08:11:32.311,1781158292311713000,542.499,64.0,64.0
2026-06-11 08:11:33.313,1781158293313231000,339.302,64.0,64.0
2026-06-11 08:11:34.315,1781158294315781000,110.213,64.0,64.0
2026-06-11 08:11:35.316,1781158295316491000,81.892,64.0,64.0
2026-06-11 08:11:36.321,1781158296321481000,456.878,64.0,64.0
2026-06-11 08:11:37.324,1781158297324726000,327.857,64.0,64.0
2026-06-11 08:11:38.329,1781158298329624000,54.824,64.0,64.0
2026-06-11 08:11:39.334,1781158299334923000,68.406,64.0,64.0
2026-06-11 08:11:40.339,1781158300340076000,244.78,64.0,64.0
2026-06-11 08:11:41.340,1781158301340841000,202.129,64.0,64.0
2026-06-11 08:11:42.343,1781158302344011000,480.144,64.0,64.0
2026-06-11 08:11:43.348,1781158303349000000,439.57,64.0,64.0
2026-06-11 08:11:44.353,1781158304354132000,472.414,64.0,64.0
2026-06-11 08:11:45.358,1781158305359187000,172.031,64.0,64.0
2026-06-11 08:11:46.360,1781158306360560000,528.636,64.0,64.0
2026-06-11 08:11:47.365,1781158307365641000,304.69,64.0,64.0
2026-06-11 08:11:48.366,1781158308366136000,3.449,64.0,64.0
2026-06-11 08:11:49.371,1781158309371387000,138.585,64.0,64.0
2026-06-11 08:11:50.376,1781158310376308000,305.126,64.0,64.0
2026-06-11 08:11:51.381,1781158311381509000,3.861,64.0,64.0
2026-06-11 08:11:52.386,1781158312386581000,634.522,64.0,64.0
2026-06-11 08:11:53.391,1781158313391621000,152.562,64.0,64.0
2026-06-11 08:11:54.396,1781158314396664000,344.216,64.0,64.0
2026-06-11 08:11:55.399,1781158315399198000,265.409,64.0,64.0
2026-06-11 08:11:56.400,1781158316400308000,348.349,64.0,64.0
2026-06-11 08:11:57.405,1781158317405228000,525.679,64.0,64.0
2026-06-11 08:11:58.406,1781158318406523000,341.874,64.0,64.0
2026-06-11 08:11:59.406,1781158319406764000,570.277,64.0,64.0
2026-06-11 08:12:00.408,1781158320409187000,458.717,64.0,64.0
2026-06-11 08:12:01.414,1781158321414340000,242.328,64.0,64.0
2026-06-11 08:12:02.419,1781158322419438000,388.379,64.0,64.0
2026-06-11 08:12:03.419,1781158323419801000,61.575,64.0,64.0
2026-06-11 08:12:04.421,1781158324421800000,563.391,64.0,64.0
2026-06-11 08:12:05.423,1781158325423347000,390.632,64.0,64.0
2026-06-11 08:12:06.426,1781158326427126000,3.263,64.0,64.0
2026-06-11 08:12:07.432,1781158327432278000,9.719,64.0,64.0
2026-06-11 08:12:08.435,1781158328435884000,3.128,64.0,64.0
2026-06-11 08:12:09.440,1781158329441137000,5.264,64.0,64.0
2026-06-11 08:12:10.445,1781158330445989000,9.369,64.0,64.0
2026-06-11 08:12:11.450,1781158331450377000,488.685,64.0,64.0
2026-06-11 08:12:12.455,1781158332455587000,405.089,64.0,64.0
2026-06-11 08:12:13.460,1781158333460549000,208.193,64.0,64.0
2026-06-11 08:12:14.464,1781158334464475000,2.725,64.0,64.0
2026-06-11 08:12:15.469,1781158335469536000,145.638,64.0,64.0
2026-06-11 08:12:16.471,1781158336472080000,47.189,64.0,64.0
2026-06-11 08:12:17.476,1781158337477103000,342.057,64.0,64.0
2026-06-11 08:12:18.480,1781158338480303000,202.803,64.0,64.0
2026-06-11 08:12:19.485,1781158339485194000,368.18,64.0,64.0
2026-06-11 08:12:20.488,1781158340488580000,103.044,64.0,64.0
2026-06-11 08:12:21.493,1781158341493648000,18.535,64.0,64.0
2026-06-11 08:12:22.498,1781158342498585000,127.317,64.0,64.0
2026-06-11 08:12:23.503,1781158343503638000,3.165,64.0,64.0
2026-06-11 08:12:24.508,1781158344508571000,27.317,64.0,64.0
2026-06-11 08:12:25.508,1781158345508965000,71.313,64.0,64.0
2026-06-11 08:12:26.513,1781158346513987000,45.732,64.0,64.0
2026-06-11 08:12:27.517,1781158347518088000,82.999,64.0,64.0
2026-06-11 08:12:28.523,1781158348523280000,10.422,64.0,64.0
2026-06-11 08:12:29.528,1781158349528382000,607.72,64.0,64.0
2026-06-11 08:12:30.532,1781158350533100000,750.533,64.0,64.0
2026-06-11 08:12:31.537,1781158351538146000,87.38,64.0,64.0
2026-06-11 08:12:32.542,1781158352543237000,490.141,64.0,64.0
2026-06-11 08:12:33.548,1781158353548317000,491.249,64.0,64.0
2026-06-11 08:12:34.553,1781158354553380000,199.688,64.0,64.0
2026-06-11 08:12:35.556,1781158355556407000,414.17,64.0,64.0
2026-06-11 08:12:36.559,1781158356560163000,32.142,64.0,64.0
2026-06-11 08:12:37.564,1781158357565144000,605.936,64.0,64.0
2026-06-11 08:12:38.569,1781158358570262000,157.682,64.0,64.0
2026-06-11 08:12:39.570,1781158359570670000,228.477,64.0,64.0
2026-06-11 08:12:40.575,1781158360575586000,174.026,64.0,64.0
2026-06-11 08:12:41.579,1781158361579981000,387.497,64.0,64.0
2026-06-11 08:12:42.584,1781158362585071000,542.217,64.0,64.0
2026-06-11 08:12:43.589,1781158363590172000,160.268,64.0,64.0
2026-06-11 08:12:44.594,1781158364595268000,668.819,64.0,64.0
2026-06-11 08:12:45.600,1781158365600367000,512.787,64.0,64.0
2026-06-11 08:12:46.605,1781158366605429000,424.871,64.0,64.0
2026-06-11 08:12:47.610,1781158367610569000,195.429,64.0,64.0
2026-06-11 08:12:48.615,1781158368615584000,403.903,64.0,64.0
2026-06-11 08:12:49.616,1781158369616274000,831.591,64.0,64.0
2026-06-11 08:12:50.621,1781158370621427000,65.286,64.0,64.0
2026-06-11 08:12:51.626,1781158371626518000,383.206,64.0,64.0
2026-06-11 08:12:52.631,1781158372631594000,303.865,64.0,64.0
2026-06-11 08:12:53.636,1781158373636707000,,,
2026-06-11 08:12:54.650,1781158374650978000,134.203,64.0,64.0
2026-06-11 08:12:55.651,1781158375651275000,278.529,64.0,64.0
2026-06-11 08:12:56.656,1781158376656361000,204.744,64.0,64.0
2026-06-11 08:12:57.661,1781158377661450000,240.999,64.0,64.0
2026-06-11 08:12:58.666,1781158378666558000,167.1,64.0,64.0
2026-06-11 08:12:59.671,1781158379671625000,389.33,64.0,64.0
2026-06-11 08:13:00.676,1781158380676715000,94.746,64.0,64.0
2026-06-11 08:13:01.680,1781158381680382000,558.402,64.0,64.0
2026-06-11 08:13:02.685,1781158382685513000,513.371,64.0,64.0
2026-06-11 08:13:03.686,1781158383687171000,658.859,64.0,64.0
2026-06-11 08:13:04.692,1781158384692275000,605.971,64.0,64.0
2026-06-11 08:13:05.697,1781158385697414000,3.964,64.0,64.0
2026-06-11 08:13:06.702,1781158386702363000,453.975,64.0,64.0
2026-06-11 08:13:07.703,1781158387703490000,,,
2026-06-11 08:13:08.718,1781158388718685000,600.735,64.0,64.0
2026-06-11 08:13:09.723,1781158389723855000,,,
2026-06-11 08:13:10.738,1781158390738218000,135.053,64.0,64.0
2026-06-11 08:13:11.743,1781158391743466000,,,
2026-06-11 08:13:12.755,1781158392755697000,,,
2026-06-11 08:13:13.769,1781158393770019000,,,
2026-06-11 08:13:14.782,1781158394782537000,,,
2026-06-11 08:13:15.795,1781158395795858000,287.549,64.0,64.0
2026-06-11 08:13:16.800,1781158396801056000,319.754,64.0,64.0
2026-06-11 08:13:17.805,1781158397806112000,,,
2026-06-11 08:13:18.821,1781158398821267000,283.443,64.0,64.0
2026-06-11 08:13:19.826,1781158399826494000,,,
2026-06-11 08:13:20.839,1781158400839368000,,,
2026-06-11 08:13:21.847,1781158401847891000,456.455,64.0,64.0
2026-06-11 08:13:22.847,1781158402848171000,,,
2026-06-11 08:13:23.865,1781158403865203000,,,
2026-06-11 08:13:24.877,1781158404878151000,,,
2026-06-11 08:13:25.891,1781158405891241000,124.357,64.0,64.0
2026-06-11 08:13:26.896,1781158406896437000,56.27,64.0,64.0
2026-06-11 08:13:27.898,1781158407899165000,235.503,64.0,64.0
2026-06-11 08:13:28.901,1781158408901341000,888.842,64.0,64.0
2026-06-11 08:13:29.904,1781158409904709000,,,
2026-06-11 08:13:30.919,1781158410920077000,861.712,64.0,64.0
2026-06-11 08:13:31.920,1781158411920393000,2.878,64.0,64.0
2026-06-11 08:13:32.925,1781158412925370000,31.67,64.0,64.0
2026-06-11 08:13:33.928,1781158413928488000,,,
2026-06-11 08:13:34.945,1781158414945893000,,,
2026-06-11 08:13:35.957,1781158415957637000,,,
2026-06-11 08:13:36.970,1781158416970830000,,,
2026-06-11 08:13:37.980,1781158417980992000,,,
2026-06-11 08:13:38.988,1781158418988804000,,,
2026-06-11 08:13:40.006,1781158420006850000,,,
2026-06-11 08:13:41.016,1781158421016276000,300.976,64.0,64.0
2026-06-11 08:13:42.021,1781158422021385000,159.262,64.0,64.0
2026-06-11 08:13:43.025,1781158423025977000,72.927,64.0,64.0
2026-06-11 08:13:44.030,1781158424031173000,167.698,64.0,64.0
2026-06-11 08:13:45.035,1781158425036238000,8.491,64.0,64.0
2026-06-11 08:13:46.041,1781158426041276000,470.456,64.0,64.0
2026-06-11 08:13:47.046,1781158427046387000,427.035,64.0,64.0
2026-06-11 08:13:48.046,1781158428047004000,67.03,64.0,64.0
2026-06-11 08:13:49.050,1781158429050772000,40.43,64.0,64.0
2026-06-11 08:13:50.055,1781158430055824000,32.64,64.0,64.0
2026-06-11 08:13:51.060,1781158431060943000,493.703,64.0,64.0
2026-06-11 08:13:52.063,1781158432063314000,663.306,64.0,64.0
2026-06-11 08:13:53.063,1781158433063416000,155.626,64.0,64.0
2026-06-11 08:13:54.068,1781158434068646000,67.686,64.0,64.0
2026-06-11 08:13:55.073,1781158435073720000,346.148,64.0,64.0
2026-06-11 08:13:56.078,1781158436078841000,451.411,64.0,64.0
2026-06-11 08:13:57.080,1781158437081160000,918.653,64.0,64.0
2026-06-11 08:13:58.085,1781158438086248000,,,
2026-06-11 08:13:59.099,1781158439099333000,,,
2026-06-11 08:14:00.109,1781158440110132000,184.812,64.0,64.0
2026-06-11 08:14:01.113,1781158441113543000,134.189,64.0,64.0
2026-06-11 08:14:02.113,1781158442114234000,266.545,64.0,64.0
2026-06-11 08:14:03.119,1781158443119312000,245.21,64.0,64.0
2026-06-11 08:14:04.124,1781158444124399000,184.624,64.0,64.0
2026-06-11 08:14:05.129,1781158445129508000,243.694,64.0,64.0
2026-06-11 08:14:06.129,1781158446129947000,56.096,64.0,64.0
2026-06-11 08:14:07.134,1781158447135011000,489.487,64.0,64.0
2026-06-11 08:14:08.139,1781158448139923000,531.46,64.0,64.0
2026-06-11 08:14:09.144,1781158449145152000,308.202,64.0,64.0
2026-06-11 08:14:10.149,1781158450150212000,478.107,64.0,64.0
2026-06-11 08:14:11.155,1781158451155316000,909.144,64.0,64.0
2026-06-11 08:14:12.159,1781158452159759000,934.645,64.0,64.0
2026-06-11 08:14:13.162,1781158453163098000,46.195,64.0,64.0
2026-06-11 08:14:14.165,1781158454165990000,476.291,64.0,64.0
2026-06-11 08:14:15.170,1781158455171141000,,,
2026-06-11 08:14:16.185,1781158456185222000,381.652,64.0,64.0
2026-06-11 08:14:17.185,1781158457185504000,447.826,64.0,64.0
2026-06-11 08:14:18.190,1781158458190586000,,,
2026-06-11 08:14:19.203,1781158459204144000,,,
2026-06-11 08:14:20.221,1781158460221600000,227.341,64.0,64.0
2026-06-11 08:14:21.221,1781158461221873000,356.859,64.0,64.0
2026-06-11 08:14:22.226,1781158462226874000,775.255,64.0,64.0
2026-06-11 08:14:23.231,1781158463231992000,,,
2026-06-11 08:14:24.245,1781158464245768000,393.292,64.0,64.0
2026-06-11 08:14:25.246,1781158465247105000,402.253,64.0,64.0
2026-06-11 08:14:26.249,1781158466249271000,11.871,64.0,64.0
2026-06-11 08:14:27.254,1781158467254372000,916.532,64.0,64.0
2026-06-11 08:14:28.259,1781158468259262000,34.923,64.0,64.0
2026-06-11 08:14:29.264,1781158469264457000,,,
2026-06-11 08:14:30.275,1781158470275091000,75.047,64.0,64.0
2026-06-11 08:14:31.279,1781158471279468000,81.203,64.0,64.0
2026-06-11 08:14:32.284,1781158472284496000,780.566,64.0,64.0
2026-06-11 08:14:33.289,1781158473289494000,753.213,64.0,64.0
2026-06-11 08:14:34.290,1781158474290804000,697.721,64.0,64.0
2026-06-11 08:14:35.295,1781158475295824000,296.882,64.0,64.0
2026-06-11 08:14:36.295,1781158476295965000,,,
2026-06-11 08:14:37.307,1781158477307480000,,,
2026-06-11 08:14:38.319,1781158478320021000,444.703,64.0,64.0
2026-06-11 08:14:39.324,1781158479325216000,371.806,64.0,64.0
2026-06-11 08:14:40.325,1781158480326022000,261.671,64.0,64.0
2026-06-11 08:14:41.326,1781158481326408000,460.168,64.0,64.0
2026-06-11 08:14:42.331,1781158482331539000,156.268,64.0,64.0
2026-06-11 08:14:43.332,1781158483332680000,746.002,64.0,64.0
2026-06-11 08:14:44.337,1781158484337717000,195.841,64.0,64.0
2026-06-11 08:14:45.342,1781158485342655000,970.886,64.0,64.0
2026-06-11 08:14:46.345,1781158486345653000,87.666,64.0,64.0
2026-06-11 08:14:47.346,1781158487346646000,2.745,64.0,64.0
2026-06-11 08:14:48.348,1781158488348336000,17.229,64.0,64.0
2026-06-11 08:14:49.353,1781158489353405000,3.791,64.0,64.0
2026-06-11 08:14:50.358,1781158490358287000,23.387,64.0,64.0
2026-06-11 08:14:51.363,1781158491363281000,2.585,64.0,64.0
2026-06-11 08:14:52.366,1781158492366773000,193.437,64.0,64.0
2026-06-11 08:14:53.369,1781158493369835000,3.229,64.0,64.0
2026-06-11 08:14:54.374,1781158494374995000,3.349,64.0,64.0
2026-06-11 08:14:55.379,1781158495380073000,14.408,64.0,64.0
2026-06-11 08:14:56.385,1781158496385323000,326.844,64.0,64.0
2026-06-11 08:14:57.386,1781158497386671000,178.711,64.0,64.0
2026-06-11 08:14:58.390,1781158498390430000,24.005,64.0,64.0
2026-06-11 08:14:59.395,1781158499395226000,320.673,64.0,64.0
2026-06-11 08:15:00.400,1781158500400517000,531.912,64.0,64.0
2026-06-11 08:15:01.405,1781158501405595000,50.653,64.0,64.0
2026-06-11 08:15:02.410,1781158502410663000,144.057,64.0,64.0
2026-06-11 08:15:03.415,1781158503415532000,401.473,64.0,64.0
2026-06-11 08:15:04.420,1781158504420809000,272.949,64.0,64.0
2026-06-11 08:15:05.425,1781158505425892000,301.47,64.0,64.0
2026-06-11 08:15:06.427,1781158506427653000,172.071,64.0,64.0
2026-06-11 08:15:07.432,1781158507432754000,298.359,64.0,64.0
2026-06-11 08:15:08.437,1781158508437622000,210.635,64.0,64.0
2026-06-11 08:15:09.442,1781158509442814000,3.173,64.0,64.0
2026-06-11 08:15:10.443,1781158510444235000,187.92,64.0,64.0
2026-06-11 08:15:11.444,1781158511445194000,210.674,64.0,64.0
2026-06-11 08:15:12.449,1781158512450248000,366.946,64.0,64.0
2026-06-11 08:15:13.453,1781158513453301000,325.129,64.0,64.0
2026-06-11 08:15:14.458,1781158514458497000,441.78,64.0,64.0
2026-06-11 08:15:15.461,1781158515461729000,92.493,64.0,64.0
2026-06-11 08:15:16.461,1781158516461810000,64.444,64.0,64.0
2026-06-11 08:15:17.465,1781158517466037000,5.856,64.0,64.0
2026-06-11 08:15:18.469,1781158518469367000,2.081,64.0,64.0
2026-06-11 08:15:19.474,1781158519474555000,228.739,64.0,64.0
2026-06-11 08:15:20.478,1781158520478406000,212.211,64.0,64.0
2026-06-11 08:15:21.483,1781158521483449000,553.388,64.0,64.0
2026-06-11 08:15:22.486,1781158522486693000,661.516,64.0,64.0
2026-06-11 08:15:23.488,1781158523488180000,390.368,64.0,64.0
2026-06-11 08:15:24.493,1781158524493319000,341.057,64.0,64.0
2026-06-11 08:15:25.494,1781158525494795000,311.732,64.0,64.0
2026-06-11 08:15:26.496,1781158526496741000,678.108,64.0,64.0
2026-06-11 08:15:27.499,1781158527499325000,761.135,64.0,64.0
2026-06-11 08:15:28.500,1781158528500404000,437.328,64.0,64.0
2026-06-11 08:15:29.501,1781158529501876000,282.386,64.0,64.0
2026-06-11 08:15:30.505,1781158530506130000,58.689,64.0,64.0
2026-06-11 08:15:31.510,1781158531511166000,345.911,64.0,64.0
2026-06-11 08:15:32.515,1781158532516275000,65.323,64.0,64.0
2026-06-11 08:15:33.520,1781158533520979000,79.66,64.0,64.0
2026-06-11 08:15:34.523,1781158534523355000,297.502,64.0,64.0
2026-06-11 08:15:35.528,1781158535528455000,249.509,64.0,64.0
2026-06-11 08:15:36.533,1781158536533612000,308.826,64.0,64.0
2026-06-11 08:15:37.538,1781158537538649000,581.135,64.0,64.0
2026-06-11 08:15:38.543,1781158538543580000,348.724,64.0,64.0
2026-06-11 08:15:39.548,1781158539548731000,301.981,64.0,64.0
2026-06-11 08:15:40.553,1781158540553827000,213.174,64.0,64.0
2026-06-11 08:15:41.555,1781158541555570000,,,
2026-06-11 08:15:42.569,1781158542569462000,210.175,64.0,64.0
2026-06-11 08:15:43.574,1781158543574522000,,,
2026-06-11 08:15:44.586,1781158544586658000,309.292,64.0,64.0
2026-06-11 08:15:45.589,1781158545589423000,300.726,64.0,64.0
2026-06-11 08:15:46.594,1781158546594474000,2.795,64.0,64.0
2026-06-11 08:15:47.599,1781158547599562000,902.416,64.0,64.0
2026-06-11 08:15:48.604,1781158548604601000,778.524,64.0,64.0
2026-06-11 08:15:49.609,1781158549609670000,860.577,64.0,64.0
2026-06-11 08:15:50.614,1781158550614763000,214.001,64.0,64.0
2026-06-11 08:15:51.619,1781158551619835000,759.865,64.0,64.0
2026-06-11 08:15:52.620,1781158552621164000,14.113,64.0,64.0
2026-06-11 08:15:53.626,1781158553626366000,617.338,64.0,64.0
2026-06-11 08:15:54.631,1781158554631465000,644.113,64.0,64.0
2026-06-11 08:15:55.636,1781158555636491000,283.475,64.0,64.0
2026-06-11 08:15:56.641,1781158556641607000,592.828,64.0,64.0
2026-06-11 08:15:57.645,1781158557645573000,735.026,64.0,64.0
2026-06-11 08:15:58.650,1781158558650647000,244.293,64.0,64.0
2026-06-11 08:15:59.655,1781158559655760000,472.726,64.0,64.0
2026-06-11 08:16:00.660,1781158560660913000,233.382,64.0,64.0
2026-06-11 08:16:01.665,1781158561665949000,188.628,64.0,64.0
2026-06-11 08:16:02.670,1781158562671024000,553.596,64.0,64.0
2026-06-11 08:16:03.675,1781158563676097000,363.479,64.0,64.0
2026-06-11 08:16:04.680,1781158564681160000,274.746,64.0,64.0
2026-06-11 08:16:05.685,1781158565686216000,439.978,64.0,64.0
2026-06-11 08:16:06.691,1781158566691268000,506.026,64.0,64.0
2026-06-11 08:16:07.696,1781158567696351000,287.952,64.0,64.0
2026-06-11 08:16:08.701,1781158568701475000,245.824,64.0,64.0
2026-06-11 08:16:09.706,1781158569706535000,521.845,64.0,64.0
2026-06-11 08:16:10.711,1781158570711579000,177.443,64.0,64.0
2026-06-11 08:16:11.716,1781158571716694000,217.93,64.0,64.0
2026-06-11 08:16:12.720,1781158572720305000,324.089,64.0,64.0
2026-06-11 08:16:13.725,1781158573725373000,209.7,64.0,64.0
2026-06-11 08:16:14.726,1781158574726285000,340.797,64.0,64.0
2026-06-11 08:16:15.729,1781158575730005000,134.313,64.0,64.0
2026-06-11 08:16:16.734,1781158576734956000,62.947,64.0,64.0
2026-06-11 08:16:17.738,1781158577739001000,142.284,64.0,64.0
2026-06-11 08:16:18.743,1781158578744085000,719.035,64.0,64.0
2026-06-11 08:16:19.745,1781158579745778000,397.449,64.0,64.0
2026-06-11 08:16:20.750,1781158580750867000,614.34,64.0,64.0
2026-06-11 08:16:21.755,1781158581755922000,648.858,64.0,64.0
2026-06-11 08:16:22.760,1781158582761036000,29.799,64.0,64.0
2026-06-11 08:16:23.765,1781158583766130000,263.382,64.0,64.0
2026-06-11 08:16:24.769,1781158584769875000,334.761,64.0,64.0
2026-06-11 08:16:25.774,1781158585774979000,170.913,64.0,64.0
2026-06-11 08:16:26.779,1781158586780044000,26.148,64.0,64.0
2026-06-11 08:16:27.783,1781158587784268000,658.752,64.0,64.0
2026-06-11 08:16:28.789,1781158588789309000,509.668,64.0,64.0
2026-06-11 08:16:29.794,1781158589794401000,170.602,64.0,64.0
2026-06-11 08:16:30.799,1781158590799499000,800.212,64.0,64.0
2026-06-11 08:16:31.801,1781158591801919000,349.074,64.0,64.0
2026-06-11 08:16:32.803,1781158592803859000,139.351,64.0,64.0
2026-06-11 08:16:33.804,1781158593804977000,366.299,64.0,64.0
2026-06-11 08:16:34.809,1781158594810065000,297.994,64.0,64.0
2026-06-11 08:16:35.810,1781158595810290000,544.716,64.0,64.0
2026-06-11 08:16:36.815,1781158596815450000,350.68,64.0,64.0
2026-06-11 08:16:37.820,1781158597820489000,465.625,64.0,64.0
2026-06-11 08:16:38.825,1781158598825564000,583.739,64.0,64.0
2026-06-11 08:16:39.828,1781158599828793000,559.457,64.0,64.0
2026-06-11 08:16:40.833,1781158600833776000,50.283,64.0,64.0
2026-06-11 08:16:41.838,1781158601838944000,71.097,64.0,64.0
2026-06-11 08:16:42.843,1781158602843929000,375.502,64.0,64.0
2026-06-11 08:16:43.848,1781158603849092000,90.535,64.0,64.0
2026-06-11 08:16:44.852,1781158604853137000,294.923,64.0,64.0
2026-06-11 08:16:45.857,1781158605858247000,614.836,64.0,64.0
2026-06-11 08:16:46.863,1781158606863359000,211.053,64.0,64.0
2026-06-11 08:16:47.868,1781158607868380000,456.504,64.0,64.0
2026-06-11 08:16:48.873,1781158608873520000,434.17,64.0,64.0
2026-06-11 08:16:49.878,1781158609878548000,502.831,64.0,64.0
2026-06-11 08:16:50.883,1781158610883685000,254.867,64.0,64.0
2026-06-11 08:16:51.884,1781158611884812000,209.745,64.0,64.0
2026-06-11 08:16:52.889,1781158612889708000,430.286,64.0,64.0
2026-06-11 08:16:53.894,1781158613894898000,418.562,64.0,64.0
2026-06-11 08:16:54.899,1781158614900019000,,,
2026-06-11 08:16:55.909,1781158615909906000,347.014,64.0,64.0
2026-06-11 08:16:56.914,1781158616915116000,240.444,64.0,64.0
2026-06-11 08:16:57.919,1781158617920159000,422.217,64.0,64.0
2026-06-11 08:16:58.920,1781158618921107000,,,
2026-06-11 08:16:59.934,1781158619934896000,392.984,64.0,64.0
2026-06-11 08:17:00.934,1781158620935241000,38.799,64.0,64.0
2026-06-11 08:17:01.940,1781158621940324000,750.538,64.0,64.0
2026-06-11 08:17:02.945,1781158622945402000,404.368,64.0,64.0
2026-06-11 08:17:03.950,1781158623950479000,327.43,64.0,64.0
2026-06-11 08:17:04.954,1781158624954531000,258.662,64.0,64.0
2026-06-11 08:17:05.959,1781158625959576000,562.512,64.0,64.0
2026-06-11 08:17:06.964,1781158626964629000,944.039,64.0,64.0
2026-06-11 08:17:07.969,1781158627969676000,84.48,64.0,64.0
2026-06-11 08:17:08.974,1781158628974802000,566.73,64.0,64.0
2026-06-11 08:17:09.979,1781158629979907000,466.601,64.0,64.0
2026-06-11 08:17:10.983,1781158630984123000,321.031,64.0,64.0
2026-06-11 08:17:11.988,1781158631989192000,180.116,64.0,64.0
2026-06-11 08:17:12.994,1781158632994274000,196.892,64.0,64.0
2026-06-11 08:17:13.999,1781158633999339000,47.085,64.0,64.0
2026-06-11 08:17:15.000,1781158635001284000,129.181,64.0,64.0
2026-06-11 08:17:16.005,1781158636006267000,329.979,64.0,64.0
2026-06-11 08:17:17.007,1781158637008192000,458.26,64.0,64.0
2026-06-11 08:17:18.012,1781158638013230000,946.149,64.0,64.0
2026-06-11 08:17:19.016,1781158639017009000,244.195,64.0,64.0
2026-06-11 08:17:20.019,1781158640019960000,130.609,64.0,64.0
2026-06-11 08:17:21.024,1781158641024781000,419.962,64.0,64.0
2026-06-11 08:17:22.029,1781158642029826000,223.47,64.0,64.0
2026-06-11 08:17:23.034,1781158643034952000,134.215,64.0,64.0
2026-06-11 08:17:24.039,1781158644039987000,97.759,64.0,64.0
2026-06-11 08:17:25.044,1781158645045083000,119.292,64.0,64.0
2026-06-11 08:17:26.049,1781158646050148000,7.624,64.0,64.0
2026-06-11 08:17:27.054,1781158647055229000,620.632,64.0,64.0
2026-06-11 08:17:28.060,1781158648060359000,402.054,64.0,64.0
2026-06-11 08:17:29.065,1781158649065428000,366.459,64.0,64.0
2026-06-11 08:17:30.070,1781158650070497000,233.319,64.0,64.0
2026-06-11 08:17:31.075,1781158651075553000,315.189,64.0,64.0
2026-06-11 08:17:32.080,1781158652080665000,387.614,64.0,64.0
2026-06-11 08:17:33.085,1781158653085664000,491.537,64.0,64.0
2026-06-11 08:17:34.090,1781158654090774000,919.829,64.0,64.0
2026-06-11 08:17:35.095,1781158655095787000,82.471,64.0,64.0
2026-06-11 08:17:36.095,1781158656096117000,458.194,64.0,64.0
2026-06-11 08:17:37.100,1781158657101194000,597.095,64.0,64.0
2026-06-11 08:17:38.106,1781158658106290000,435.184,64.0,64.0
2026-06-11 08:17:39.111,1781158659111337000,83.727,64.0,64.0
2026-06-11 08:17:40.116,1781158660116454000,352.268,64.0,64.0
2026-06-11 08:17:41.121,1781158661121554000,288.38,64.0,64.0
2026-06-11 08:17:42.124,1781158662124283000,619.563,64.0,64.0
2026-06-11 08:17:43.125,1781158663126200000,647.039,64.0,64.0
2026-06-11 08:17:44.131,1781158664131308000,318.564,64.0,64.0
2026-06-11 08:17:45.136,1781158665136437000,924.988,64.0,64.0
2026-06-11 08:17:46.140,1781158666140872000,42.825,64.0,64.0
2026-06-11 08:17:47.141,1781158667142137000,8.038,64.0,64.0
2026-06-11 08:17:48.142,1781158668142918000,298.373,64.0,64.0
2026-06-11 08:17:49.147,1781158669148031000,624.508,64.0,64.0
2026-06-11 08:17:50.152,1781158670153097000,2.765,64.0,64.0
2026-06-11 08:17:51.157,1781158671158125000,815.235,64.0,64.0
2026-06-11 08:17:52.162,1781158672163159000,32.611,64.0,64.0
2026-06-11 08:17:53.167,1781158673168197000,256.133,64.0,64.0
2026-06-11 08:17:54.173,1781158674173347000,43.276,64.0,64.0
2026-06-11 08:17:55.178,1781158675178401000,775.216,64.0,64.0
2026-06-11 08:17:56.183,1781158676183359000,215.287,64.0,64.0
2026-06-11 08:17:57.188,1781158677188458000,636.994,64.0,64.0
2026-06-11 08:17:58.190,1781158678190598000,363.88,64.0,64.0
2026-06-11 08:17:59.200,1781158679200799000,,,
2026-06-11 08:18:00.221,1781158680222117000,,,
2026-06-11 08:18:01.240,1781158681240326000,885.169,64.0,64.0
2026-06-11 08:18:02.250,1781158682250457000,53.922,64.0,64.0
2026-06-11 08:18:03.251,1781158683251282000,2.692,64.0,64.0
2026-06-11 08:18:04.252,1781158684253160000,,,
2026-06-11 08:18:05.273,1781158685273229000,,,
2026-06-11 08:18:25.300,1781158705300796000,,,
2026-06-11 08:18:26.318,1781158706318286000,,,
2026-06-11 08:18:27.328,1781158707329013000,,,
2026-06-11 08:18:28.340,1781158708340433000,,,
2026-06-11 08:18:29.350,1781158709351011000,,,
2026-06-11 08:18:30.360,1781158710360660000,,,
2026-06-11 08:18:31.375,1781158711375402000,,,
2026-06-11 08:18:32.383,1781158712383751000,,,
2026-06-11 08:18:33.399,1781158713400087000,,,
2026-06-11 08:18:34.408,1781158714408596000,,,
2026-06-11 08:18:35.417,1781158715417373000,613.963,64.0,64.0
2026-06-11 08:18:36.420,1781158716421028000,2.496,64.0,64.0
2026-06-11 08:18:37.424,1781158717424510000,2.784,64.0,64.0
2026-06-11 08:18:38.429,1781158718429372000,2.759,64.0,64.0
2026-06-11 08:18:39.430,1781158719430550000,2.477,64.0,64.0
2026-06-11 08:18:40.435,1781158720435733000,319.911,64.0,64.0
2026-06-11 08:18:41.440,1781158721440784000,37.153,64.0,64.0
2026-06-11 08:18:42.441,1781158722441188000,3.534,64.0,64.0
2026-06-11 08:18:43.446,1781158723446394000,75.034,64.0,64.0
2026-06-11 08:18:44.449,1781158724449682000,302.335,64.0,64.0
2026-06-11 08:18:45.452,1781158725452965000,31.948,64.0,64.0
2026-06-11 08:18:46.456,1781158726457110000,356.834,64.0,64.0
2026-06-11 08:18:47.461,1781158727462181000,550.018,64.0,64.0
2026-06-11 08:18:48.462,1781158728463226000,155.446,64.0,64.0
2026-06-11 08:18:49.468,1781158729468267000,331.39,64.0,64.0
2026-06-11 08:18:50.473,1781158730473280000,3.212,64.0,64.0
2026-06-11 08:18:51.478,1781158731478485000,273.123,64.0,64.0
2026-06-11 08:18:52.481,1781158732482009000,,,
2026-06-11 08:18:53.491,1781158733492022000,,,
2026-06-11 08:18:54.501,1781158734501414000,,,
2026-06-11 08:18:55.515,1781158735515857000,490.111,64.0,64.0
2026-06-11 08:18:56.515,1781158736516118000,967.264,64.0,64.0
2026-06-11 08:18:57.520,1781158737521166000,,,
2026-06-11 08:18:58.533,1781158738533495000,433.289,64.0,64.0
2026-06-11 08:18:59.536,1781158739536335000,238.121,64.0,64.0
2026-06-11 08:19:00.538,1781158740538924000,2.837,64.0,64.0
2026-06-11 08:19:01.543,1781158741544178000,397.984,64.0,64.0
2026-06-11 08:19:02.545,1781158742546046000,305.03,64.0,64.0
2026-06-11 08:19:03.550,1781158743551231000,291.649,64.0,64.0
2026-06-11 08:19:04.556,1781158744556344000,270.166,64.0,64.0
2026-06-11 08:19:05.557,1781158745558083000,490.241,64.0,64.0
2026-06-11 08:19:06.562,1781158746563216000,114.141,64.0,64.0
2026-06-11 08:19:07.568,1781158747568294000,449.429,64.0,64.0
2026-06-11 08:19:08.573,1781158748573404000,457.381,64.0,64.0
2026-06-11 08:19:09.578,1781158749578432000,3.088,64.0,64.0
2026-06-11 08:19:10.583,1781158750583438000,201.667,64.0,64.0
2026-06-11 08:19:11.588,1781158751588643000,279.207,64.0,64.0
2026-06-11 08:19:12.592,1781158752592477000,17.294,64.0,64.0
2026-06-11 08:19:13.597,1781158753597493000,786.333,64.0,64.0
2026-06-11 08:19:14.602,1781158754602607000,611.377,64.0,64.0
2026-06-11 08:19:15.606,1781158755606819000,69.973,64.0,64.0
2026-06-11 08:19:16.611,1781158756612047000,881.316,64.0,64.0
2026-06-11 08:19:17.616,1781158757616319000,397.381,64.0,64.0
2026-06-11 08:19:18.621,1781158758621385000,512.34,64.0,64.0
2026-06-11 08:19:19.623,1781158759623659000,495.061,64.0,64.0
2026-06-11 08:19:20.624,1781158760625071000,,,
2026-06-11 08:19:21.634,1781158761634268000,315.752,64.0,64.0
2026-06-11 08:19:22.639,1781158762639472000,434.027,64.0,64.0
2026-06-11 08:19:23.640,1781158763641265000,251.766,64.0,64.0
2026-06-11 08:19:24.645,1781158764646075000,311.946,64.0,64.0
2026-06-11 08:19:25.649,1781158765649322000,260.868,64.0,64.0
2026-06-11 08:19:26.652,1781158766652589000,407.134,64.0,64.0
2026-06-11 08:19:27.657,1781158767657722000,258.342,64.0,64.0
2026-06-11 08:19:28.659,1781158768660060000,395.888,64.0,64.0
2026-06-11 08:19:29.665,1781158769665225000,321.181,64.0,64.0
2026-06-11 08:19:30.670,1781158770670161000,874.43,64.0,64.0
2026-06-11 08:19:31.674,1781158771674354000,78.896,64.0,64.0
2026-06-11 08:19:32.679,1781158772679450000,285.239,64.0,64.0
2026-06-11 08:19:33.684,1781158773684584000,519.802,64.0,64.0
2026-06-11 08:19:34.689,1781158774689655000,453.317,64.0,64.0
2026-06-11 08:19:35.690,1781158775690844000,485.48,64.0,64.0
2026-06-11 08:19:36.693,1781158776694008000,834.322,64.0,64.0
2026-06-11 08:19:37.698,1781158777699052000,235.347,64.0,64.0
2026-06-11 08:19:38.703,1781158778704132000,440.933,64.0,64.0
2026-06-11 08:19:39.707,1781158779707593000,363.106,64.0,64.0
2026-06-11 08:19:40.712,1781158780712541000,500.948,64.0,64.0
2026-06-11 08:19:41.715,1781158781715941000,668.473,64.0,64.0
2026-06-11 08:19:42.720,1781158782721010000,611.405,64.0,64.0
2026-06-11 08:19:43.723,1781158783724189000,157.506,64.0,64.0
2026-06-11 08:19:44.728,1781158784728783000,247.439,64.0,64.0
2026-06-11 08:19:45.733,1781158785733675000,218.96,64.0,64.0
2026-06-11 08:19:46.735,1781158786735524000,800.914,64.0,64.0
2026-06-11 08:19:47.740,1781158787740644000,302.961,64.0,64.0
2026-06-11 08:19:48.740,1781158788740727000,525.853,64.0,64.0
2026-06-11 08:19:49.745,1781158789745756000,336.765,64.0,64.0
2026-06-11 08:19:50.750,1781158790750779000,329.365,64.0,64.0
2026-06-11 08:19:51.753,1781158791754206000,115.991,64.0,64.0
2026-06-11 08:19:52.758,1781158792758336000,220.861,64.0,64.0
2026-06-11 08:19:53.761,1781158793762006000,428.84,64.0,64.0
2026-06-11 08:19:54.762,1781158794762732000,3.198,64.0,64.0
2026-06-11 08:19:55.767,1781158795767798000,346.792,64.0,64.0
2026-06-11 08:19:56.772,1781158796772973000,387.546,64.0,64.0
2026-06-11 08:19:57.774,1781158797774917000,322.169,64.0,64.0
2026-06-11 08:19:58.779,1781158798779586000,461.968,64.0,64.0
2026-06-11 08:19:59.784,1781158799784637000,471.166,64.0,64.0
2026-06-11 08:20:00.784,1781158800784959000,666.456,64.0,64.0
2026-06-11 08:20:01.789,1781158801789488000,225.504,64.0,64.0
2026-06-11 08:20:02.794,1781158802794584000,497.632,64.0,64.0
2026-06-11 08:20:03.797,1781158803798181000,363.537,64.0,64.0
2026-06-11 08:20:04.803,1781158804803348000,,,
2026-06-11 08:20:05.816,1781158805816816000,,,
2026-06-11 08:20:06.830,1781158806830751000,,,
2026-06-11 08:20:07.840,1781158807840582000,,,
2026-06-11 08:20:08.849,1781158808850094000,537.407,64.0,64.0
2026-06-11 08:20:09.850,1781158809850220000,335.369,64.0,64.0
2026-06-11 08:20:10.855,1781158810855405000,398.226,64.0,64.0
2026-06-11 08:20:11.860,1781158811860532000,238.993,64.0,64.0
2026-06-11 08:20:12.865,1781158812865552000,225.321,64.0,64.0
2026-06-11 08:20:13.870,1781158813870660000,697.998,64.0,64.0
2026-06-11 08:20:14.875,1781158814875737000,578.129,64.0,64.0
2026-06-11 08:20:15.880,1781158815880862000,79.796,64.0,64.0
2026-06-11 08:20:16.885,1781158816885872000,318.143,64.0,64.0
2026-06-11 08:20:17.886,1781158817887198000,391.25,64.0,64.0
2026-06-11 08:20:18.889,1781158818889340000,149.224,64.0,64.0
2026-06-11 08:20:19.894,1781158819894388000,675.455,64.0,64.0
2026-06-11 08:20:20.899,1781158820899449000,96.331,64.0,64.0
2026-06-11 08:20:21.904,1781158821904599000,124.36,64.0,64.0
2026-06-11 08:20:22.909,1781158822909608000,199.067,64.0,64.0
2026-06-11 08:20:23.909,1781158823909925000,444.527,64.0,64.0
2026-06-11 08:20:24.914,1781158824914764000,405.835,64.0,64.0
2026-06-11 08:20:25.918,1781158825918558000,594.482,64.0,64.0
2026-06-11 08:20:26.923,1781158826923287000,553.347,64.0,64.0
2026-06-11 08:20:27.928,1781158827928363000,577.357,64.0,64.0
2026-06-11 08:20:28.933,1781158828933451000,394.77,64.0,64.0
2026-06-11 08:20:29.938,1781158829938528000,554.302,64.0,64.0
2026-06-11 08:20:30.943,1781158830943626000,476.368,64.0,64.0
2026-06-11 08:20:31.943,1781158831944093000,788.97,64.0,64.0
2026-06-11 08:20:32.948,1781158832949175000,518.427,64.0,64.0
2026-06-11 08:20:33.954,1781158833954252000,,,
2026-06-11 08:20:34.965,1781158834966115000,198.793,64.0,64.0
2026-06-11 08:20:35.967,1781158835967867000,99.982,64.0,64.0
2026-06-11 08:20:36.971,1781158836972064000,513.696,64.0,64.0
2026-06-11 08:20:37.973,1781158837974130000,201.578,64.0,64.0
2026-06-11 08:20:38.978,1781158838979226000,458.987,64.0,64.0
2026-06-11 08:20:39.984,1781158839984280000,248.745,64.0,64.0
2026-06-11 08:20:40.989,1781158840989460000,,,
2026-06-11 08:20:42.001,1781158842001819000,,,
2026-06-11 08:20:43.014,1781158843014586000,,,
2026-06-11 08:20:44.028,1781158844028505000,,,
2026-06-11 08:20:45.039,1781158845039924000,,,
2026-06-11 08:20:46.049,1781158846050040000,,,
2026-06-11 08:20:47.063,1781158847063616000,,,
2026-06-11 08:20:48.073,1781158848073247000,,,
2026-06-11 08:20:49.082,1781158849082531000,,,
2026-06-11 08:20:50.095,1781158850095425000,,,
2026-06-11 08:20:51.106,1781158851106563000,,,
2026-06-11 08:20:52.116,1781158852116459000,670.137,64.0,64.0
2026-06-11 08:20:53.116,1781158853116985000,237.663,64.0,64.0
2026-06-11 08:20:54.121,1781158854121712000,,,
2026-06-11 08:20:55.132,1781158855132377000,,,
2026-06-11 08:20:56.141,1781158856141624000,,,
2026-06-11 08:20:57.152,1781158857152242000,434.09,64.0,64.0
2026-06-11 08:20:58.155,1781158858156003000,,,
2026-06-11 08:20:59.165,1781158859165690000,,,
2026-06-11 08:21:00.178,1781158860178635000,,,
2026-06-11 08:21:01.189,1781158861189596000,,,
2026-06-11 08:21:02.198,1781158862198934000,,,
2026-06-11 08:21:03.207,1781158863207193000,,,
2026-06-11 08:21:04.220,1781158864220863000,,,
2026-06-11 08:21:05.232,1781158865232277000,,,
2026-06-11 08:21:06.245,1781158866245508000,,,
2026-06-11 08:21:07.255,1781158867256103000,,,
2026-06-11 08:21:08.265,1781158868265529000,,,
2026-06-11 08:21:09.277,1781158869277805000,,,
2026-06-11 08:21:10.289,1781158870289340000,,,
2026-06-11 08:21:11.298,1781158871298864000,,,
2026-06-11 08:21:12.311,1781158872311964000,,,
2026-06-11 08:21:13.322,1781158873322650000,,,
2026-06-11 08:21:14.332,1781158874332846000,,,
2026-06-11 08:21:15.345,1781158875345482000,581.42,64.0,64.0
2026-06-11 08:21:16.350,1781158876350336000,,,
2026-06-11 08:21:17.364,1781158877365128000,,,
2026-06-11 08:21:18.378,1781158878379023000,,,
2026-06-11 08:21:19.394,1781158879394959000,,,
2026-06-11 08:21:20.419,1781158880419268000,807.711,64.0,64.0
2026-06-11 08:21:21.424,1781158881424479000,,,
2026-06-11 08:21:22.438,1781158882438793000,305.475,64.0,64.0
2026-06-11 08:21:23.443,1781158883443928000,,,
2026-06-11 08:21:24.455,1781158884455793000,,,
2026-06-11 08:21:25.464,1781158885465214000,,,
2026-06-11 08:21:26.475,1781158886475811000,,,
2026-06-11 08:21:27.488,1781158887488999000,,,
2026-06-11 08:21:28.498,1781158888498338000,,,
2026-06-11 08:21:29.508,1781158889508780000,,,
2026-06-11 08:21:30.519,1781158890519985000,,,
2026-06-11 08:21:31.531,1781158891531687000,,,
2026-06-11 08:21:32.544,1781158892544772000,720.758,64.0,64.0
2026-06-11 08:21:33.549,1781158893549942000,,,
2026-06-11 08:21:34.564,1781158894564432000,,,
2026-06-11 08:21:35.577,1781158895577820000,,,
2026-06-11 08:21:36.588,1781158896588910000,,,
2026-06-11 08:21:37.598,1781158897598218000,,,
2026-06-11 08:21:38.611,1781158898611334000,,,
2026-06-11 08:21:39.621,1781158899622082000,,,
2026-06-11 08:21:40.631,1781158900631446000,,,
2026-06-11 08:21:41.644,1781158901644415000,,,
2026-06-11 08:21:42.655,1781158902655259000,,,
2026-06-11 08:21:43.664,1781158903664198000,,,
2026-06-11 08:21:44.672,1781158904673145000,,,
2026-06-11 08:21:45.685,1781158905685731000,,,
2026-06-11 08:21:46.699,1781158906699371000,,,
2026-06-11 08:21:47.710,1781158907711149000,,,
2026-06-11 08:21:48.722,1781158908723004000,,,
2026-06-11 08:21:49.737,1781158909737633000,481.177,64.0,64.0
2026-06-11 08:21:50.742,1781158910742621000,,,
2026-06-11 08:21:51.750,1781158911750970000,519.809,64.0,64.0
2026-06-11 08:21:52.753,1781158912753810000,862.924,64.0,64.0
2026-06-11 08:21:53.758,1781158913758860000,385.259,64.0,64.0
2026-06-11 08:21:54.763,1781158914764003000,,,
2026-06-11 08:21:55.772,1781158915772909000,,,
2026-06-11 08:21:56.780,1781158916781017000,,,
2026-06-11 08:21:57.789,1781158917789389000,,,
2026-06-11 08:21:58.804,1781158918805030000,,,
2026-06-11 08:21:59.813,1781158919813883000,811.82,64.0,64.0
2026-06-11 08:22:00.818,1781158920818910000,401.651,64.0,64.0
2026-06-11 08:22:01.821,1781158921821278000,485.955,64.0,64.0
2026-06-11 08:22:02.826,1781158922826343000,783.45,64.0,64.0
2026-06-11 08:22:03.831,1781158923831399000,372.203,64.0,64.0
2026-06-11 08:22:04.831,1781158924831583000,,,
2026-06-11 08:22:05.844,1781158925844621000,,,
2026-06-11 08:22:06.854,1781158926854691000,90.401,64.0,64.0
2026-06-11 08:22:07.859,1781158927859825000,246.638,64.0,64.0
2026-06-11 08:22:08.862,1781158928862836000,586.7,64.0,64.0
2026-06-11 08:22:09.867,1781158929867836000,142.402,64.0,64.0
2026-06-11 08:22:10.872,1781158930872947000,742.596,64.0,64.0
2026-06-11 08:22:11.877,1781158931878046000,,,
2026-06-11 08:22:12.887,1781158932887978000,297.633,64.0,64.0
2026-06-11 08:22:13.892,1781158933893156000,227.59,64.0,64.0
2026-06-11 08:22:14.897,1781158934898237000,172.126,64.0,64.0
2026-06-11 08:22:15.898,1781158935898992000,154.847,64.0,64.0
2026-06-11 08:22:16.903,1781158936903282000,152.023,64.0,64.0
2026-06-11 08:22:17.904,1781158937904333000,318.943,64.0,64.0
2026-06-11 08:22:18.909,1781158938909367000,910.874,64.0,64.0
2026-06-11 08:22:19.912,1781158939912530000,367.836,64.0,64.0
2026-06-11 08:22:20.917,1781158940917625000,589.017,64.0,64.0
2026-06-11 08:22:21.922,1781158941922733000,594.234,64.0,64.0
2026-06-11 08:22:22.927,1781158942927818000,488.507,64.0,64.0
2026-06-11 08:22:23.932,1781158943932662000,282.638,64.0,64.0
2026-06-11 08:22:24.937,1781158944937703000,543.313,64.0,64.0
2026-06-11 08:22:25.942,1781158945942780000,243.466,64.0,64.0
2026-06-11 08:22:26.947,1781158946947883000,106.825,64.0,64.0
2026-06-11 08:22:27.952,1781158947952955000,321.161,64.0,64.0
2026-06-11 08:22:28.957,1781158948958059000,472.196,64.0,64.0
2026-06-11 08:22:29.962,1781158949963155000,705.856,64.0,64.0
2026-06-11 08:22:30.967,1781158950968221000,583.956,64.0,64.0
2026-06-11 08:22:31.972,1781158951973260000,115.42,64.0,64.0
2026-06-11 08:22:32.978,1781158952978326000,468.759,64.0,64.0
2026-06-11 08:22:33.983,1781158953983387000,589.289,64.0,64.0
2026-06-11 08:22:34.988,1781158954988469000,349.549,64.0,64.0
2026-06-11 08:22:35.993,1781158955993574000,129.719,64.0,64.0
2026-06-11 08:22:36.998,1781158956998646000,274.203,64.0,64.0
2026-06-11 08:22:38.003,1781158958003683000,213.026,64.0,64.0
2026-06-11 08:22:39.008,1781158959008775000,689.978,64.0,64.0
2026-06-11 08:22:40.013,1781158960013888000,187.658,64.0,64.0
2026-06-11 08:22:41.018,1781158961018974000,311.496,64.0,64.0
2026-06-11 08:22:42.023,1781158962024032000,282.77,64.0,64.0
2026-06-11 08:22:43.028,1781158963029184000,68.198,64.0,64.0
2026-06-11 08:22:44.033,1781158964033904000,261.576,64.0,64.0
2026-06-11 08:22:45.034,1781158965034966000,305.464,64.0,64.0
2026-06-11 08:22:46.035,1781158966036017000,464.834,64.0,64.0
2026-06-11 08:22:47.040,1781158967041100000,379.048,64.0,64.0
2026-06-11 08:22:48.045,1781158968046147000,58.477,64.0,64.0
2026-06-11 08:22:49.050,1781158969051218000,368.454,64.0,64.0
2026-06-11 08:22:50.056,1781158970056287000,261.997,64.0,64.0
2026-06-11 08:22:51.060,1781158971060935000,210.485,64.0,64.0
2026-06-11 08:22:52.065,1781158972065973000,231.312,64.0,64.0
2026-06-11 08:22:53.070,1781158973071053000,3.226,64.0,64.0
2026-06-11 08:22:54.075,1781158974076142000,297.972,64.0,64.0
2026-06-11 08:22:55.080,1781158975081214000,388.376,64.0,64.0
2026-06-11 08:22:56.085,1781158976085803000,583.597,64.0,64.0
2026-06-11 08:22:57.090,1781158977090857000,209.847,64.0,64.0
2026-06-11 08:22:58.094,1781158978095159000,301.549,64.0,64.0
2026-06-11 08:22:59.099,1781158979100242000,68.425,64.0,64.0
2026-06-11 08:23:00.105,1781158980105283000,270.027,64.0,64.0
2026-06-11 08:23:01.110,1781158981110375000,48.439,64.0,64.0
2026-06-11 08:23:02.114,1781158982114811000,515.637,64.0,64.0
2026-06-11 08:23:03.118,1781158983118940000,272.894,64.0,64.0
2026-06-11 08:23:04.123,1781158984124042000,286.583,64.0,64.0
2026-06-11 08:23:05.128,1781158985129223000,319.219,64.0,64.0
2026-06-11 08:23:06.131,1781158986132127000,325.351,64.0,64.0
2026-06-11 08:23:07.136,1781158987136969000,537.81,64.0,64.0
2026-06-11 08:23:08.141,1781158988142030000,203.778,64.0,64.0
2026-06-11 08:23:09.146,1781158989147098000,118.304,64.0,64.0
2026-06-11 08:23:10.151,1781158990152166000,309.604,64.0,64.0
2026-06-11 08:23:11.157,1781158991157257000,68.556,64.0,64.0
2026-06-11 08:23:12.162,1781158992162326000,564.702,64.0,64.0
2026-06-11 08:23:13.164,1781158993164405000,364.351,64.0,64.0
2026-06-11 08:23:14.168,1781158994168735000,314.829,64.0,64.0
2026-06-11 08:23:15.171,1781158995171862000,484.876,64.0,64.0
2026-06-11 08:23:16.176,1781158996176983000,216.74,64.0,64.0
2026-06-11 08:23:17.177,1781158997177674000,211.666,64.0,64.0
2026-06-11 08:23:18.182,1781158998182732000,159.635,64.0,64.0
2026-06-11 08:23:19.186,1781158999186414000,220.965,64.0,64.0
2026-06-11 08:23:20.187,1781159000188248000,950.743,64.0,64.0
2026-06-11 08:23:21.193,1781159001193223000,139.29,64.0,64.0
2026-06-11 08:23:22.194,1781159002194649000,87.46,64.0,64.0
2026-06-11 08:23:23.199,1781159003199747000,274.986,64.0,64.0
2026-06-11 08:23:24.202,1781159004202941000,455.93,64.0,64.0
2026-06-11 08:23:25.202,1781159005203076000,493.691,64.0,64.0
2026-06-11 08:23:26.207,1781159006208089000,377.449,64.0,64.0
2026-06-11 08:23:27.212,1781159007213250000,731.671,64.0,64.0
2026-06-11 08:23:28.218,1781159008218369000,419.744,64.0,64.0
2026-06-11 08:23:29.223,1781159009223427000,577.402,64.0,64.0
2026-06-11 08:23:30.224,1781159010224876000,282.593,64.0,64.0
2026-06-11 08:23:31.229,1781159011229937000,329.859,64.0,64.0
2026-06-11 08:23:32.239,1781159012240060000,,,
2026-06-11 08:23:33.259,1781159013259861000,,,
2026-06-11 08:23:34.276,1781159014276208000,614.745,64.0,64.0
2026-06-11 08:23:35.285,1781159015285763000,3.219,64.0,64.0
2026-06-11 08:23:36.294,1781159016295193000,22.938,64.0,64.0
2026-06-11 08:23:37.298,1781159017298354000,,,
2026-06-11 08:23:38.329,1781159018329535000,,,
2026-06-11 08:23:40.174,1781159020174727000,,,
2026-06-11 08:23:41.182,1781159021182601000,,,
2026-06-11 08:23:42.190,1781159022190740000,,,
2026-06-11 08:23:43.201,1781159023201444000,,,
2026-06-11 08:23:44.212,1781159024212385000,,,
2026-06-11 08:23:45.236,1781159025236895000,222.7,64.0,64.0
2026-06-11 08:23:46.238,1781159026238832000,213.691,64.0,64.0
2026-06-11 08:23:47.242,1781159027242582000,841.848,64.0,64.0
2026-06-11 08:23:48.247,1781159028247297000,351.775,64.0,64.0
2026-06-11 08:23:49.247,1781159029247574000,,,
2026-06-11 08:23:50.255,1781159030255793000,391.117,64.0,64.0
2026-06-11 08:23:51.259,1781159031259727000,,,
2026-06-11 08:23:52.273,1781159032273914000,,,
2026-06-11 08:23:53.285,1781159033285613000,,,
2026-06-11 08:23:54.295,1781159034296067000,35.444,64.0,64.0
2026-06-11 08:23:55.300,1781159035301057000,155.776,64.0,64.0
2026-06-11 08:23:56.305,1781159036305930000,22.175,64.0,64.0
2026-06-11 08:23:57.310,1781159037310815000,,,
2026-06-11 08:23:58.319,1781159038319431000,,,
2026-06-11 08:23:59.328,1781159039328352000,525.566,64.0,64.0
2026-06-11 08:24:00.333,1781159040333372000,695.269,64.0,64.0
2026-06-11 08:24:01.338,1781159041338288000,679.451,64.0,64.0
2026-06-11 08:24:02.342,1781159042343190000,3.885,64.0,64.0
2026-06-11 08:24:03.347,1781159043348099000,,,
2026-06-11 08:24:04.360,1781159044360286000,,,
2026-06-11 08:24:05.373,1781159045373445000,772.579,64.0,64.0
2026-06-11 08:24:06.378,1781159046378515000,,,
2026-06-11 08:24:07.392,1781159047392770000,,,
2026-06-11 08:24:08.400,1781159048401037000,,,
2026-06-11 08:24:09.413,1781159049413244000,578.801,64.0,64.0
2026-06-11 08:24:10.418,1781159050418345000,14.708,64.0,64.0
2026-06-11 08:24:11.421,1781159051421980000,,,
2026-06-11 08:24:12.436,1781159052437089000,,,
2026-06-11 08:24:13.448,1781159053449042000,,,
2026-06-11 08:24:14.460,1781159054460515000,,,
2026-06-11 08:24:15.471,1781159055472094000,,,
2026-06-11 08:24:16.483,1781159056483789000,,,
2026-06-11 08:24:17.495,1781159057495511000,,,
2026-06-11 08:24:18.505,1781159058506103000,,,
2026-06-11 08:24:19.517,1781159059517228000,,,
2026-06-11 08:24:20.528,1781159060528753000,,,
2026-06-11 08:24:21.539,1781159061540001000,368.098,64.0,64.0
2026-06-11 08:24:22.544,1781159062545199000,,,
2026-06-11 08:24:23.559,1781159063559578000,,,
2026-06-11 08:24:24.571,1781159064572063000,,,
2026-06-11 08:24:25.586,1781159065586712000,,,
2026-06-11 08:24:26.597,1781159066597686000,,,
2026-06-11 08:24:27.611,1781159067611821000,,,
2026-06-11 08:24:28.624,1781159068624426000,,,
2026-06-11 08:24:29.633,1781159069633777000,,,
2026-06-11 08:24:30.648,1781159070649102000,,,
2026-06-11 08:24:31.661,1781159071661537000,,,
2026-06-11 08:24:32.672,1781159072672185000,,,
2026-06-11 08:24:33.683,1781159073683144000,,,
2026-06-11 08:24:34.693,1781159074693535000,,,
2026-06-11 08:24:35.704,1781159075704720000,,,
2026-06-11 08:24:36.715,1781159076716156000,,,
2026-06-11 08:24:37.730,1781159077730265000,,,
2026-06-11 08:24:38.742,1781159078742316000,,,
2026-06-11 08:24:39.753,1781159079753254000,,,
2026-06-11 08:24:40.764,1781159080764452000,,,
2026-06-11 08:24:41.775,1781159081775622000,,,
2026-06-11 08:24:42.787,1781159082787269000,,,
2026-06-11 08:24:43.798,1781159083798526000,,,
2026-06-11 08:24:44.808,1781159084808597000,,,
2026-06-11 08:24:45.818,1781159085818534000,,,
2026-06-11 08:24:46.830,1781159086830697000,820.512,64.0,64.0
2026-06-11 08:24:47.831,1781159087831709000,,,
2026-06-11 08:24:48.847,1781159088847729000,,,
2026-06-11 08:24:49.859,1781159089859720000,,,
2026-06-11 08:24:50.869,1781159090869707000,264.724,64.0,64.0
2026-06-11 08:24:51.874,1781159091874993000,,,
2026-06-11 08:24:52.885,1781159092885918000,,,
2026-06-11 08:24:53.895,1781159093896133000,187.85,64.0,64.0
2026-06-11 08:24:54.896,1781159094896355000,277.976,64.0,64.0
2026-06-11 08:24:55.901,1781159095901274000,814.335,64.0,64.0
2026-06-11 08:24:56.906,1781159096906474000,,,
2026-06-11 08:24:57.920,1781159097921056000,,,
2026-06-11 08:24:58.932,1781159098932683000,,,
2026-06-11 08:24:59.943,1781159099943486000,,,
2026-06-11 08:25:00.953,1781159100953875000,,,
2026-06-11 08:25:01.965,1781159101965417000,650.033,64.0,64.0
2026-06-11 08:25:02.970,1781159102970576000,493.468,64.0,64.0
2026-06-11 08:25:03.975,1781159103975686000,752.358,64.0,64.0
2026-06-11 08:25:04.980,1781159104980818000,,,
2026-06-11 08:25:05.993,1781159105993399000,,,
2026-06-11 08:25:07.003,1781159107003566000,,,
2026-06-11 08:25:08.018,1781159108018654000,352.04,64.0,64.0
2026-06-11 08:25:09.021,1781159109021652000,230.304,64.0,64.0
2026-06-11 08:25:10.026,1781159110026701000,925.707,64.0,64.0
2026-06-11 08:25:11.031,1781159111031623000,249.27,64.0,64.0
2026-06-11 08:25:12.033,1781159112033847000,433.086,64.0,64.0
2026-06-11 08:25:13.038,1781159113038880000,,,
2026-06-11 08:25:14.052,1781159114052866000,828.6,64.0,64.0
2026-06-11 08:25:15.057,1781159115058116000,144.461,64.0,64.0
2026-06-11 08:25:16.058,1781159116058425000,152.685,64.0,64.0
2026-06-11 08:25:17.063,1781159117063583000,200.913,64.0,64.0
2026-06-11 08:25:18.068,1781159118068342000,,,
2026-06-11 08:25:19.083,1781159119083484000,,,
2026-06-11 08:25:20.094,1781159120095113000,,,
2026-06-11 08:25:21.108,1781159121108985000,313.396,64.0,64.0
2026-06-11 08:25:22.113,1781159122114130000,,,
2026-06-11 08:25:23.128,1781159123128410000,,,
2026-06-11 08:25:24.138,1781159124138786000,,,
2026-06-11 08:25:25.151,1781159125152142000,,,
2026-06-11 08:25:26.168,1781159126169040000,,,
2026-06-11 08:25:27.180,1781159127180834000,,,
2026-06-11 08:25:28.192,1781159128192839000,,,
2026-06-11 08:25:29.203,1781159129203939000,,,
2026-06-11 08:25:30.214,1781159130215150000,,,
2026-06-11 08:25:31.224,1781159131225114000,,,
2026-06-11 08:25:32.236,1781159132236304000,,,
2026-06-11 08:25:33.247,1781159133247190000,,,
2026-06-11 08:25:34.258,1781159134258353000,,,
2026-06-11 08:25:35.269,1781159135269692000,,,
2026-06-11 08:25:36.280,1781159136280909000,796.419,64.0,64.0
2026-06-11 08:25:37.285,1781159137286133000,279.724,64.0,64.0
2026-06-11 08:25:38.290,1781159138291183000,641.644,64.0,64.0
2026-06-11 08:25:39.295,1781159139296005000,406.344,64.0,64.0
2026-06-11 08:25:40.300,1781159140301053000,349.206,64.0,64.0
2026-06-11 08:25:41.305,1781159141306167000,83.479,64.0,64.0
2026-06-11 08:25:42.310,1781159142311191000,68.35,64.0,64.0
2026-06-11 08:25:43.316,1781159143316291000,549.58,64.0,64.0
2026-06-11 08:25:44.318,1781159144318417000,,,
2026-06-11 08:25:45.330,1781159145330417000,,,
2026-06-11 08:25:46.341,1781159146341289000,821.94,64.0,64.0
2026-06-11 08:25:47.346,1781159147346476000,203.55,64.0,64.0
2026-06-11 08:25:48.351,1781159148351521000,,,
2026-06-11 08:25:49.363,1781159149363752000,652.655,64.0,64.0
2026-06-11 08:25:50.368,1781159150368947000,,,
2026-06-11 08:25:51.380,1781159151380380000,481.003,64.0,64.0
2026-06-11 08:25:52.385,1781159152385452000,893.541,64.0,64.0
2026-06-11 08:25:53.390,1781159153390634000,38.441,64.0,64.0
2026-06-11 08:25:54.395,1781159154395763000,,,
2026-06-11 08:25:55.406,1781159155406291000,,,
2026-06-11 08:25:56.418,1781159156418390000,,,
2026-06-11 08:25:57.430,1781159157430395000,45.489,64.0,64.0
2026-06-11 08:25:58.433,1781159158433432000,204.192,64.0,64.0
2026-06-11 08:25:59.438,1781159159438544000,117.204,64.0,64.0
2026-06-11 08:26:00.443,1781159160443391000,542.67,64.0,64.0
2026-06-11 08:26:01.448,1781159161448654000,173.448,64.0,64.0
2026-06-11 08:26:02.453,1781159162453704000,313.921,64.0,64.0
2026-06-11 08:26:03.458,1781159163458823000,334.965,64.0,64.0
2026-06-11 08:26:04.463,1781159164463915000,,,
2026-06-11 08:26:05.475,1781159165475458000,384.19,64.0,64.0
2026-06-11 08:26:06.476,1781159166477122000,112.523,64.0,64.0
2026-06-11 08:26:07.477,1781159167478152000,420.502,64.0,64.0
2026-06-11 08:26:08.478,1781159168479119000,163.828,64.0,64.0
2026-06-11 08:26:09.479,1781159169480085000,244.068,64.0,64.0
2026-06-11 08:26:10.484,1781159170485197000,148.748,64.0,64.0
2026-06-11 08:26:11.490,1781159171490279000,105.111,64.0,64.0
2026-06-11 08:26:12.495,1781159172495387000,168.62,64.0,64.0
2026-06-11 08:26:13.500,1781159173500495000,688.256,64.0,64.0
2026-06-11 08:26:14.505,1781159174505528000,959.548,64.0,64.0
2026-06-11 08:26:15.507,1781159175508157000,330.585,64.0,64.0
2026-06-11 08:26:16.513,1781159176513345000,169.86,64.0,64.0
2026-06-11 08:26:17.517,1781159177517995000,,,
2026-06-11 08:26:18.531,1781159178531551000,849.79,64.0,64.0
2026-06-11 08:26:19.531,1781159179531889000,3.534,64.0,64.0
2026-06-11 08:26:20.536,1781159180536933000,57.612,64.0,64.0
2026-06-11 08:26:21.537,1781159181537625000,45.393,64.0,64.0
2026-06-11 08:26:22.540,1781159182540714000,158.152,64.0,64.0
2026-06-11 08:26:23.545,1781159183545666000,87.256,64.0,64.0
2026-06-11 08:26:24.545,1781159184546070000,71.832,64.0,64.0
2026-06-11 08:26:25.550,1781159185551139000,147.336,64.0,64.0
2026-06-11 08:26:26.553,1781159186554201000,375.237,64.0,64.0
2026-06-11 08:26:27.559,1781159187559304000,966.938,64.0,64.0
2026-06-11 08:26:28.564,1781159188564239000,507.789,64.0,64.0
2026-06-11 08:26:29.569,1781159189569426000,,,
2026-06-11 08:26:30.579,1781159190579436000,393.021,64.0,64.0
2026-06-11 08:26:31.584,1781159191584629000,204.527,64.0,64.0
2026-06-11 08:26:32.589,1781159192589716000,74.734,64.0,64.0
2026-06-11 08:26:33.593,1781159193593542000,508.474,64.0,64.0
2026-06-11 08:26:34.595,1781159194595543000,,,
2026-06-11 08:26:35.606,1781159195606625000,,,
2026-06-11 08:26:36.619,1781159196619336000,,,
2026-06-11 08:26:37.630,1781159197630736000,,,
2026-06-11 08:26:38.644,1781159198644793000,,,
2026-06-11 08:26:39.654,1781159199654916000,,,
2026-06-11 08:26:40.665,1781159200665451000,197.331,64.0,64.0
2026-06-11 08:26:41.670,1781159201670635000,,,
2026-06-11 08:26:42.680,1781159202680927000,,,
2026-06-11 08:26:43.694,1781159203695046000,139.531,64.0,64.0
2026-06-11 08:26:44.695,1781159204695403000,49.536,64.0,64.0
2026-06-11 08:26:45.697,1781159205697811000,,,
2026-06-11 08:26:46.710,1781159206710849000,,,
2026-06-11 08:26:47.723,1781159207723664000,205.306,64.0,64.0
2026-06-11 08:26:48.728,1781159208728876000,,,
2026-06-11 08:26:49.742,1781159209742898000,,,
2026-06-11 08:26:50.754,1781159210754956000,,,
2026-06-11 08:26:51.766,1781159211766358000,381.952,64.0,64.0
2026-06-11 08:26:52.766,1781159212766886000,,,
2026-06-11 08:26:53.779,1781159213779530000,849.325,64.0,64.0
2026-06-11 08:26:54.784,1781159214784770000,2.849,64.0,64.0
2026-06-11 08:26:55.789,1781159215789803000,645.159,64.0,64.0
2026-06-11 08:26:56.791,1781159216791741000,590.528,64.0,64.0
2026-06-11 08:26:57.796,1781159217796823000,572.119,64.0,64.0
2026-06-11 08:26:58.798,1781159218798913000,574.669,64.0,64.0
2026-06-11 08:26:59.799,1781159219799456000,181.276,64.0,64.0
2026-06-11 08:27:00.804,1781159220804589000,158.257,64.0,64.0
2026-06-11 08:27:01.809,1781159221809696000,157.552,64.0,64.0
2026-06-11 08:27:02.814,1781159222814810000,362.377,64.0,64.0
2026-06-11 08:27:03.819,1781159223819878000,377.616,64.0,64.0
2026-06-11 08:27:04.824,1781159224824944000,779.219,64.0,64.0
2026-06-11 08:27:05.828,1781159225828309000,536.423,64.0,64.0
2026-06-11 08:27:06.833,1781159226833391000,563.477,64.0,64.0
2026-06-11 08:27:07.838,1781159227838464000,432.123,64.0,64.0
2026-06-11 08:27:08.843,1781159228843549000,608.291,64.0,64.0
2026-06-11 08:27:09.848,1781159229848598000,489.937,64.0,64.0
2026-06-11 08:27:10.853,1781159230853649000,257.366,64.0,64.0
2026-06-11 08:27:11.858,1781159231858743000,254.585,64.0,64.0
2026-06-11 08:27:12.861,1781159232861463000,316.614,64.0,64.0
2026-06-11 08:27:13.866,1781159233866502000,101.192,64.0,64.0
2026-06-11 08:27:14.871,1781159234871588000,161.067,64.0,64.0
2026-06-11 08:27:15.876,1781159235876672000,277.768,64.0,64.0
2026-06-11 08:27:16.876,1781159236876978000,352.401,64.0,64.0
2026-06-11 08:27:17.877,1781159237877947000,360.726,64.0,64.0
2026-06-11 08:27:18.882,1781159238883032000,66.176,64.0,64.0
2026-06-11 08:27:19.887,1781159239888121000,618.234,64.0,64.0
2026-06-11 08:27:20.892,1781159240893200000,3.183,64.0,64.0
2026-06-11 08:27:21.898,1781159241898260000,99.103,64.0,64.0
2026-06-11 08:27:22.902,1781159242902357000,,,
2026-06-11 08:27:23.916,1781159243916718000,45.61,64.0,64.0
2026-06-11 08:27:24.917,1781159244918115000,89.828,64.0,64.0
2026-06-11 08:27:25.923,1781159245923364000,244.286,64.0,64.0
2026-06-11 08:27:26.928,1781159246928390000,325.512,64.0,64.0
2026-06-11 08:27:27.930,1781159247930807000,179.243,64.0,64.0
2026-06-11 08:27:28.935,1781159248935883000,231.423,64.0,64.0
2026-06-11 08:27:29.940,1781159249940948000,559.392,64.0,64.0
2026-06-11 08:27:30.945,1781159250945806000,249.137,64.0,64.0
2026-06-11 08:27:31.950,1781159251951010000,567.505,64.0,64.0
2026-06-11 08:27:32.955,1781159252956101000,155.706,64.0,64.0
2026-06-11 08:27:33.960,1781159253961170000,145.285,64.0,64.0
2026-06-11 08:27:34.966,1781159254966237000,603.102,64.0,64.0
2026-06-11 08:27:35.971,1781159255971137000,,,
2026-06-11 08:27:36.979,1781159256979939000,463.607,64.0,64.0
2026-06-11 08:27:37.980,1781159257980367000,254.604,64.0,64.0
2026-06-11 08:27:38.985,1781159258985481000,,,
2026-06-11 08:27:39.995,1781159259995229000,409.603,64.0,64.0
2026-06-11 08:27:41.000,1781159261000199000,,,
2026-06-11 08:27:42.008,1781159262008666000,433.18,64.0,64.0
2026-06-11 08:27:43.008,1781159263008941000,442.664,64.0,64.0
2026-06-11 08:27:44.011,1781159264012058000,402.293,64.0,64.0
2026-06-11 08:27:45.016,1781159265017192000,501.23,64.0,64.0
2026-06-11 08:27:46.021,1781159266021543000,499.841,64.0,64.0
2026-06-11 08:27:47.023,1781159267023953000,58.045,64.0,64.0
2026-06-11 08:27:48.028,1781159268028937000,230.632,64.0,64.0
2026-06-11 08:27:49.033,1781159269033922000,99.732,64.0,64.0
2026-06-11 08:27:50.038,1781159270038948000,216.759,64.0,64.0
2026-06-11 08:27:51.043,1781159271043935000,157.133,64.0,64.0
2026-06-11 08:27:52.048,1781159272049159000,248.362,64.0,64.0
2026-06-11 08:27:53.053,1781159273054133000,287.347,64.0,64.0
2026-06-11 08:27:54.059,1781159274059325000,11.245,64.0,64.0
2026-06-11 08:27:55.064,1781159275064315000,350.049,64.0,64.0
2026-06-11 08:27:56.069,1781159276069189000,488.718,64.0,64.0
2026-06-11 08:27:57.074,1781159277074179000,333.376,64.0,64.0
2026-06-11 08:27:58.076,1781159278076985000,546.344,64.0,64.0
2026-06-11 08:27:59.077,1781159279078012000,44.822,64.0,64.0
2026-06-11 08:28:00.082,1781159280083062000,779.178,64.0,64.0
2026-06-11 08:28:01.086,1781159281086192000,,,
2026-06-11 08:28:02.093,1781159282093872000,104.099,64.0,64.0
2026-06-11 08:28:03.093,1781159283094246000,269.913,64.0,64.0
2026-06-11 08:28:04.095,1781159284095471000,306.976,64.0,64.0
2026-06-11 08:28:05.100,1781159285100585000,126.825,64.0,64.0
2026-06-11 08:28:06.105,1781159286105492000,486.554,64.0,64.0
2026-06-11 08:28:07.110,1781159287110622000,386.314,64.0,64.0
2026-06-11 08:28:08.115,1781159288115716000,477.167,64.0,64.0
2026-06-11 08:28:09.120,1781159289120711000,5.964,64.0,64.0
2026-06-11 08:28:10.125,1781159290125813000,414.288,64.0,64.0
2026-06-11 08:28:11.130,1781159291130955000,192.274,64.0,64.0
2026-06-11 08:28:12.135,1781159292136030000,41.233,64.0,64.0
2026-06-11 08:28:13.140,1781159293141085000,577.491,64.0,64.0
2026-06-11 08:28:14.145,1781159294146212000,307.569,64.0,64.0
2026-06-11 08:28:15.150,1781159295151248000,119.674,64.0,64.0
2026-06-11 08:28:16.156,1781159296156413000,219.493,64.0,64.0
2026-06-11 08:28:17.161,1781159297161448000,411.24,64.0,64.0
2026-06-11 08:28:18.166,1781159298166588000,356.02,64.0,64.0
2026-06-11 08:28:19.171,1781159299171698000,52.904,64.0,64.0
2026-06-11 08:28:20.176,1781159300176768000,580.506,64.0,64.0
2026-06-11 08:28:21.181,1781159301181859000,446.026,64.0,64.0
2026-06-11 08:28:22.186,1781159302186887000,,,
2026-06-11 08:28:23.201,1781159303202062000,673.988,64.0,64.0
2026-06-11 08:28:24.206,1781159304207279000,193.429,64.0,64.0
2026-06-11 08:28:25.212,1781159305212330000,57.503,64.0,64.0
2026-06-11 08:28:26.217,1781159306217500000,139.271,64.0,64.0
2026-06-11 08:28:27.222,1781159307222506000,439.81,64.0,64.0
2026-06-11 08:28:28.227,1781159308227606000,124.463,64.0,64.0
2026-06-11 08:28:29.232,1781159309232657000,251.254,64.0,64.0
2026-06-11 08:28:30.237,1781159310237803000,564.094,64.0,64.0
2026-06-11 08:28:31.242,1781159311242868000,556.459,64.0,64.0
2026-06-11 08:28:32.247,1781159312247890000,103.908,64.0,64.0
2026-06-11 08:28:33.250,1781159313250622000,333.575,64.0,64.0
2026-06-11 08:28:34.255,1781159314255697000,620.464,64.0,64.0
2026-06-11 08:28:35.260,1781159315260768000,434.779,64.0,64.0
2026-06-11 08:28:36.265,1781159316265813000,301.695,64.0,64.0
2026-06-11 08:28:37.270,1781159317270854000,,,
2026-06-11 08:28:38.282,1781159318282271000,180.35,64.0,64.0
2026-06-11 08:28:39.285,1781159319285433000,,,
2026-06-11 08:28:40.295,1781159320295554000,769.238,64.0,64.0
2026-06-11 08:28:41.300,1781159321300786000,319.064,64.0,64.0
2026-06-11 08:28:42.305,1781159322305896000,525.936,64.0,64.0
2026-06-11 08:28:43.305,1781159323306268000,11.366,64.0,64.0
2026-06-11 08:28:44.309,1781159324309779000,7.812,64.0,64.0
2026-06-11 08:28:45.312,1781159325312944000,3.181,64.0,64.0
2026-06-11 08:28:46.317,1781159326318084000,4.087,64.0,64.0
2026-06-11 08:28:47.322,1781159327323113000,238.276,64.0,64.0
2026-06-11 08:28:48.327,1781159328328211000,418.643,64.0,64.0
2026-06-11 08:28:49.333,1781159329333230000,294.301,64.0,64.0
2026-06-11 08:28:50.338,1781159330338363000,36.149,64.0,64.0
2026-06-11 08:28:51.343,1781159331343470000,382.858,64.0,64.0
2026-06-11 08:28:52.348,1781159332348531000,131.237,64.0,64.0
2026-06-11 08:28:53.353,1781159333353602000,198.199,64.0,64.0
2026-06-11 08:28:54.353,1781159334353897000,166.69,64.0,64.0
2026-06-11 08:28:55.358,1781159335359000000,572.051,64.0,64.0
2026-06-11 08:28:56.363,1781159336364078000,,,
2026-06-11 08:28:57.378,1781159337378311000,627.791,64.0,64.0
2026-06-11 08:28:58.383,1781159338383545000,178.513,64.0,64.0
2026-06-11 08:28:59.388,1781159339388611000,163.526,64.0,64.0
2026-06-11 08:29:00.391,1781159340391673000,181.459,64.0,64.0
2026-06-11 08:29:01.396,1781159341396736000,227.269,64.0,64.0
2026-06-11 08:29:02.401,1781159342401828000,354.258,64.0,64.0
2026-06-11 08:29:03.406,1781159343406909000,,,
2026-06-11 08:29:04.419,1781159344419479000,279.056,64.0,64.0
2026-06-11 08:29:05.424,1781159345424711000,354.992,64.0,64.0
2026-06-11 08:29:06.429,1781159346429797000,753.203,64.0,64.0
2026-06-11 08:29:07.433,1781159347433699000,515.624,64.0,64.0
2026-06-11 08:29:08.438,1781159348438805000,492.859,64.0,64.0
2026-06-11 08:29:09.443,1781159349443838000,39.511,64.0,64.0
2026-06-11 08:29:10.448,1781159350448945000,136.158,64.0,64.0
2026-06-11 08:29:11.453,1781159351454007000,,,
2026-06-11 08:29:12.467,1781159352467231000,92.331,64.0,64.0
2026-06-11 08:29:13.472,1781159353472428000,173.327,64.0,64.0
2026-06-11 08:29:14.476,1781159354476884000,124.172,64.0,64.0
2026-06-11 08:29:15.479,1781159355479381000,29.314,64.0,64.0
2026-06-11 08:29:16.484,1781159356484449000,664.388,64.0,64.0
2026-06-11 08:29:17.489,1781159357489554000,322.659,64.0,64.0
2026-06-11 08:29:18.494,1781159358494517000,141.893,64.0,64.0
2026-06-11 08:29:19.499,1781159359499737000,375.78,64.0,64.0
2026-06-11 08:29:20.504,1781159360504803000,348.259,64.0,64.0
2026-06-11 08:29:21.509,1781159361509954000,371.438,64.0,64.0
2026-06-11 08:29:22.514,1781159362515020000,,,
2026-06-11 08:29:23.528,1781159363528753000,42.354,64.0,64.0
2026-06-11 08:29:24.533,1781159364533889000,596.554,64.0,64.0
2026-06-11 08:29:25.538,1781159365539013000,,,
2026-06-11 08:29:26.555,1781159366556054000,207.978,64.0,64.0
2026-06-11 08:29:27.561,1781159367561320000,33.814,64.0,64.0
2026-06-11 08:29:28.562,1781159368562574000,53.667,64.0,64.0
2026-06-11 08:29:29.567,1781159369567850000,368.296,64.0,64.0
2026-06-11 08:29:30.572,1781159370572905000,169.189,64.0,64.0
2026-06-11 08:29:31.577,1781159371577991000,903.941,64.0,64.0
2026-06-11 08:29:32.581,1781159372581594000,441.341,64.0,64.0
2026-06-11 08:29:33.582,1781159373582671000,89.312,64.0,64.0
2026-06-11 08:29:34.583,1781159374583695000,18.997,64.0,64.0
2026-06-11 08:29:35.588,1781159375588739000,59.588,64.0,64.0
2026-06-11 08:29:36.591,1781159376591450000,471.438,64.0,64.0
2026-06-11 08:29:37.596,1781159377596547000,231.253,64.0,64.0
2026-06-11 08:29:38.601,1781159378601695000,150.626,64.0,64.0
2026-06-11 08:29:39.606,1781159379606709000,274.9,64.0,64.0
2026-06-11 08:29:40.611,1781159380611833000,48.93,64.0,64.0
2026-06-11 08:29:41.616,1781159381616984000,382.556,64.0,64.0
2026-06-11 08:29:42.621,1781159382622061000,244.067,64.0,64.0
2026-06-11 08:29:43.626,1781159383627127000,485.341,64.0,64.0
2026-06-11 08:29:44.631,1781159384632277000,293.332,64.0,64.0
2026-06-11 08:29:45.637,1781159385637336000,392.244,64.0,64.0
2026-06-11 08:29:46.642,1781159386642442000,489.995,64.0,64.0
2026-06-11 08:29:47.647,1781159387647425000,,,
2026-06-11 08:29:48.660,1781159388660956000,,,
2026-06-11 08:29:49.674,1781159389674444000,134.582,64.0,64.0
2026-06-11 08:29:50.679,1781159390679642000,,,
2026-06-11 08:29:51.692,1781159391692724000,662.855,64.0,64.0
2026-06-11 08:29:52.697,1781159392697919000,,,
2026-06-11 08:29:53.712,1781159393713073000,,,
2026-06-11 08:29:54.723,1781159394723257000,840.555,64.0,64.0
2026-06-11 08:29:55.723,1781159395724089000,354.402,64.0,64.0
2026-06-11 08:29:56.728,1781159396729234000,10.84,64.0,64.0
2026-06-11 08:29:57.732,1781159397732631000,2.718,64.0,64.0
2026-06-11 08:29:58.737,1781159398737780000,304.458,64.0,64.0
2026-06-11 08:29:59.742,1781159399742831000,123.319,64.0,64.0
2026-06-11 08:30:00.747,1781159400747937000,98.046,64.0,64.0
2026-06-11 08:30:01.751,1781159401751665000,81.064,64.0,64.0
2026-06-11 08:30:02.753,1781159402753988000,346.48,64.0,64.0
2026-06-11 08:30:03.756,1781159403756275000,196.517,64.0,64.0
2026-06-11 08:30:04.761,1781159404761391000,,,
2026-06-11 08:30:05.774,1781159405774278000,105.753,64.0,64.0
2026-06-11 08:30:06.774,1781159406774604000,40.967,64.0,64.0
2026-06-11 08:30:07.779,1781159407779633000,61.756,64.0,64.0
2026-06-11 08:30:08.784,1781159408784728000,4.609,64.0,64.0
2026-06-11 08:30:09.789,1781159409789832000,45.667,64.0,64.0
2026-06-11 08:30:10.792,1781159410792748000,72.011,64.0,64.0
2026-06-11 08:30:11.797,1781159411797713000,86.399,64.0,64.0
2026-06-11 08:30:12.802,1781159412802855000,159.534,64.0,64.0
2026-06-11 08:30:13.807,1781159413808055000,340.799,64.0,64.0
2026-06-11 08:30:14.812,1781159414813066000,268.941,64.0,64.0
2026-06-11 08:30:15.817,1781159415818180000,370.625,64.0,64.0
2026-06-11 08:30:16.822,1781159416823067000,245.865,64.0,64.0
2026-06-11 08:30:17.827,1781159417828210000,266.993,64.0,64.0
2026-06-11 08:30:18.833,1781159418833360000,359.841,64.0,64.0
2026-06-11 08:30:19.838,1781159419838413000,375.038,64.0,64.0
2026-06-11 08:30:20.843,1781159420843549000,401.842,64.0,64.0
2026-06-11 08:30:21.848,1781159421848609000,275.152,64.0,64.0
2026-06-11 08:30:22.849,1781159422849360000,415.347,64.0,64.0
2026-06-11 08:30:23.854,1781159423854362000,285.478,64.0,64.0
2026-06-11 08:30:24.859,1781159424859512000,84.381,64.0,64.0
2026-06-11 08:30:25.864,1781159425864554000,71.295,64.0,64.0
2026-06-11 08:30:26.869,1781159426869679000,3.331,64.0,64.0
2026-06-11 08:30:27.873,1781159427873751000,3.746,64.0,64.0
2026-06-11 08:30:28.878,1781159428878803000,3.234,64.0,64.0
2026-06-11 08:30:29.883,1781159429883870000,5.074,64.0,64.0
2026-06-11 08:30:30.888,1781159430889006000,104.591,64.0,64.0
2026-06-11 08:30:31.893,1781159431893983000,374.711,64.0,64.0
2026-06-11 08:30:32.895,1781159432895490000,641.869,64.0,64.0
2026-06-11 08:30:33.900,1781159433900548000,213.398,64.0,64.0
2026-06-11 08:30:34.900,1781159434900917000,477.05,64.0,64.0
2026-06-11 08:30:35.905,1781159435905958000,275.901,64.0,64.0
2026-06-11 08:30:36.910,1781159436911020000,336.527,64.0,64.0
2026-06-11 08:30:37.915,1781159437916108000,31.768,64.0,64.0
2026-06-11 08:30:38.920,1781159438921248000,227.449,64.0,64.0
2026-06-11 08:30:39.925,1781159439926189000,11.606,64.0,64.0
2026-06-11 08:30:40.931,1781159440931381000,332.562,64.0,64.0
2026-06-11 08:30:41.936,1781159441936453000,221.676,64.0,64.0
2026-06-11 08:30:42.941,1781159442941496000,2.757,64.0,64.0
2026-06-11 08:30:43.946,1781159443946554000,148.626,64.0,64.0
2026-06-11 08:30:44.951,1781159444951674000,489.108,64.0,64.0
2026-06-11 08:30:45.956,1781159445956745000,152.468,64.0,64.0
2026-06-11 08:30:46.961,1781159446961826000,241.271,64.0,64.0
2026-06-11 08:30:47.966,1781159447966888000,126.659,64.0,64.0
2026-06-11 08:30:48.968,1781159448968914000,2.654,64.0,64.0
2026-06-11 08:30:49.973,1781159449974025000,484.102,64.0,64.0
2026-06-11 08:30:50.978,1781159450979027000,522.836,64.0,64.0
2026-06-11 08:30:51.983,1781159451984138000,268.086,64.0,64.0
2026-06-11 08:30:52.988,1781159452989249000,287.741,64.0,64.0
2026-06-11 08:30:53.994,1781159453994266000,462.107,64.0,64.0
2026-06-11 08:30:54.999,1781159454999364000,425.612,64.0,64.0
2026-06-11 08:30:56.004,1781159456004400000,227.688,64.0,64.0
2026-06-11 08:30:57.009,1781159457009503000,233.856,64.0,64.0
2026-06-11 08:30:58.014,1781159458014578000,531.331,64.0,64.0
2026-06-11 08:30:59.016,1781159459016470000,106.88,64.0,64.0
2026-06-11 08:31:00.021,1781159460021548000,162.56,64.0,64.0
2026-06-11 08:31:01.026,1781159461026709000,238.336,64.0,64.0
2026-06-11 08:31:02.031,1781159462031781000,157.37,64.0,64.0
2026-06-11 08:31:03.036,1781159463036877000,291.418,64.0,64.0
2026-06-11 08:31:04.041,1781159464042023000,80.119,64.0,64.0
2026-06-11 08:31:05.046,1781159465047008000,157.584,64.0,64.0
2026-06-11 08:31:06.051,1781159466052095000,345.563,64.0,64.0
2026-06-11 08:31:07.056,1781159467057207000,632.153,64.0,64.0
2026-06-11 08:31:08.062,1781159468062267000,188.487,64.0,64.0
2026-06-11 08:31:09.067,1781159469067359000,428.14,64.0,64.0
2026-06-11 08:31:10.072,1781159470072480000,531.366,64.0,64.0
2026-06-11 08:31:11.076,1781159471077133000,344.359,64.0,64.0
2026-06-11 08:31:12.079,1781159472080216000,408.644,64.0,64.0
2026-06-11 08:31:13.085,1781159473085292000,425.467,64.0,64.0
2026-06-11 08:31:14.087,1781159474087852000,247.612,64.0,64.0
2026-06-11 08:31:15.092,1781159475092902000,261.027,64.0,64.0
2026-06-11 08:31:16.097,1781159476097969000,66.589,64.0,64.0
2026-06-11 08:31:17.102,1781159477103042000,201.692,64.0,64.0
2026-06-11 08:31:18.103,1781159478104079000,343.302,64.0,64.0
2026-06-11 08:31:19.108,1781159479109177000,320.629,64.0,64.0
2026-06-11 08:31:20.113,1781159480114223000,315.843,64.0,64.0
2026-06-11 08:31:21.119,1781159481119366000,81.655,64.0,64.0
2026-06-11 08:31:22.124,1781159482124419000,324.22,64.0,64.0
2026-06-11 08:31:23.129,1781159483129481000,601.904,64.0,64.0
2026-06-11 08:31:24.134,1781159484134592000,35.755,64.0,64.0
2026-06-11 08:31:25.139,1781159485139657000,59.171,64.0,64.0
2026-06-11 08:31:26.139,1781159486140039000,406.145,64.0,64.0
2026-06-11 08:31:27.145,1781159487145252000,508.474,64.0,64.0
2026-06-11 08:31:28.150,1781159488150324000,155.39,64.0,64.0
2026-06-11 08:31:29.155,1781159489155412000,310.135,64.0,64.0
2026-06-11 08:31:30.158,1781159490158979000,499.469,64.0,64.0
2026-06-11 08:31:31.159,1781159491160102000,207.068,64.0,64.0
2026-06-11 08:31:32.165,1781159492165338000,253.184,64.0,64.0
2026-06-11 08:31:33.170,1781159493170405000,151.299,64.0,64.0
2026-06-11 08:31:34.175,1781159494175500000,100.829,64.0,64.0
2026-06-11 08:31:35.178,1781159495178427000,275.754,64.0,64.0
2026-06-11 08:31:36.178,1781159496178640000,208.897,64.0,64.0
2026-06-11 08:31:37.183,1781159497183795000,605.069,64.0,64.0
2026-06-11 08:31:38.188,1781159498188854000,594.931,64.0,64.0
2026-06-11 08:31:39.193,1781159499193917000,153.104,64.0,64.0
2026-06-11 08:31:40.198,1781159500198966000,757.622,64.0,64.0
2026-06-11 08:31:41.203,1781159501203919000,182.99,64.0,64.0
2026-06-11 08:31:42.208,1781159502209094000,320.428,64.0,64.0
2026-06-11 08:31:43.213,1781159503214188000,290.38,64.0,64.0
2026-06-11 08:31:44.216,1781159504216579000,524.247,64.0,64.0
2026-06-11 08:31:45.221,1781159505221684000,96.147,64.0,64.0
2026-06-11 08:31:46.226,1781159506226613000,249.519,64.0,64.0
2026-06-11 08:31:47.228,1781159507229197000,426.657,64.0,64.0
2026-06-11 08:31:48.234,1781159508234271000,137.105,64.0,64.0
2026-06-11 08:31:49.239,1781159509239378000,47.854,64.0,64.0
2026-06-11 08:31:50.244,1781159510244444000,293.728,64.0,64.0
2026-06-11 08:31:51.249,1781159511249326000,722.775,64.0,64.0
2026-06-11 08:31:52.250,1781159512250352000,506.938,64.0,64.0
2026-06-11 08:31:53.255,1781159513255443000,224.391,64.0,64.0
2026-06-11 08:31:54.255,1781159514255994000,262.911,64.0,64.0
2026-06-11 08:31:55.259,1781159515259396000,272.327,64.0,64.0
2026-06-11 08:31:56.264,1781159516264356000,148.072,64.0,64.0
2026-06-11 08:31:57.269,1781159517269514000,323.611,64.0,64.0
2026-06-11 08:31:58.274,1781159518274580000,129.948,64.0,64.0
2026-06-11 08:31:59.278,1781159519278560000,139.368,64.0,64.0
2026-06-11 08:32:00.281,1781159520281823000,207.712,64.0,64.0
2026-06-11 08:32:01.286,1781159521286770000,620.28,64.0,64.0
2026-06-11 08:32:02.291,1781159522291814000,709.257,64.0,64.0
2026-06-11 08:32:03.296,1781159523296919000,3.519,64.0,64.0
2026-06-11 08:32:04.301,1781159524302027000,16.785,64.0,64.0
2026-06-11 08:32:05.306,1781159525307052000,92.543,64.0,64.0
2026-06-11 08:32:06.311,1781159526312069000,303.83,64.0,64.0
2026-06-11 08:32:07.312,1781159527312247000,501.928,64.0,64.0
2026-06-11 08:32:08.317,1781159528317344000,156.507,64.0,64.0
2026-06-11 08:32:09.322,1781159529322487000,300.266,64.0,64.0
2026-06-11 08:32:10.327,1781159530327571000,180.248,64.0,64.0
2026-06-11 08:32:11.329,1781159531329990000,225.108,64.0,64.0
2026-06-11 08:32:12.334,1781159532335195000,344.932,64.0,64.0
2026-06-11 08:32:13.336,1781159533336840000,507.932,64.0,64.0
2026-06-11 08:32:14.346,1781159534346981000,101.44,64.0,64.0
2026-06-11 08:32:15.356,1781159535357032000,826.614,64.0,64.0
2026-06-11 08:32:16.366,1781159536367162000,166.05,64.0,64.0
2026-06-11 08:32:17.376,1781159537377279000,457.124,64.0,64.0
2026-06-11 08:32:18.380,1781159538380984000,20.086,64.0,64.0
2026-06-11 08:32:19.390,1781159539391129000,,,
2026-06-11 08:37:21.495,1781159841495561000,,,
2026-06-11 08:37:22.525,1781159842525481000,,,
2026-06-11 08:37:23.538,1781159843538793000,,,
2026-06-11 08:37:24.546,1781159844546790000,,,
2026-06-11 08:37:25.564,1781159845564378000,,,
2026-06-11 08:37:26.572,1781159846572118000,,,
2026-06-11 08:37:27.579,1781159847579326000,,,
2026-06-11 08:37:28.588,1781159848588217000,,,
2026-06-11 08:37:29.598,1781159849598122000,,,
2026-06-11 08:37:30.605,1781159850605603000,,,
2026-06-11 08:37:31.616,1781159851616416000,309.519,64.0,64.0
2026-06-11 08:37:32.616,1781159852616641000,458.641,64.0,64.0
2026-06-11 08:37:33.621,1781159853621357000,,,
2026-06-11 08:37:34.630,1781159854630761000,974.756,64.0,64.0
2026-06-11 08:37:35.632,1781159855632535000,377.176,64.0,64.0
2026-06-11 08:37:36.637,1781159856637784000,279.885,64.0,64.0
2026-06-11 08:37:37.639,1781159857639912000,130.868,64.0,64.0
2026-06-11 08:37:38.645,1781159858645223000,31.585,64.0,64.0
2026-06-11 08:37:39.645,1781159859645379000,91.131,64.0,64.0
2026-06-11 08:37:40.650,1781159860650322000,2.775,64.0,64.0
2026-06-11 08:37:41.653,1781159861653534000,132.259,64.0,64.0
2026-06-11 08:37:42.658,1781159862658820000,344.704,64.0,64.0
2026-06-11 08:37:43.663,1781159863663972000,367.259,64.0,64.0
2026-06-11 08:37:44.667,1781159864667131000,870.567,64.0,64.0
2026-06-11 08:37:45.672,1781159865672188000,34.878,64.0,64.0
2026-06-11 08:37:46.677,1781159866677199000,2.963,64.0,64.0
2026-06-11 08:37:47.682,1781159867682178000,326.27,64.0,64.0
2026-06-11 08:37:48.687,1781159868687154000,537.618,64.0,64.0
2026-06-11 08:37:49.691,1781159869692032000,130.535,64.0,64.0
2026-06-11 08:37:50.696,1781159870697036000,29.614,64.0,64.0
2026-06-11 08:37:51.701,1781159871702296000,89.244,64.0,64.0
2026-06-11 08:37:52.706,1781159872706584000,3.37,64.0,64.0
2026-06-11 08:37:53.711,1781159873711641000,,,
2026-06-11 08:37:54.721,1781159874721344000,961.372,64.0,64.0
2026-06-11 08:37:55.726,1781159875726431000,778.801,64.0,64.0
2026-06-11 08:37:56.731,1781159876731564000,460.873,64.0,64.0
2026-06-11 08:37:57.736,1781159877736484000,34.267,64.0,64.0
2026-06-11 08:37:58.736,1781159878736716000,535.102,64.0,64.0
2026-06-11 08:37:59.741,1781159879741659000,79.667,64.0,64.0
2026-06-11 08:38:00.744,1781159880745134000,139.894,64.0,64.0
2026-06-11 08:38:01.749,1781159881750161000,162.635,64.0,64.0
2026-06-11 08:38:02.754,1781159882755201000,13.741,64.0,64.0
2026-06-11 08:38:03.755,1781159883756243000,432.31,64.0,64.0
2026-06-11 08:38:04.761,1781159884761323000,78.638,64.0,64.0
2026-06-11 08:38:05.766,1781159885766407000,136.843,64.0,64.0
2026-06-11 08:38:06.771,1781159886771399000,176.958,64.0,64.0
2026-06-11 08:38:07.776,1781159887776541000,132.843,64.0,64.0
2026-06-11 08:38:08.777,1781159888777834000,498.809,64.0,64.0
2026-06-11 08:38:09.782,1781159889782387000,399.188,64.0,64.0
2026-06-11 08:38:10.787,1781159890787466000,966.462,64.0,64.0
2026-06-11 08:38:11.792,1781159891792406000,48.08,64.0,64.0
2026-06-11 08:38:12.795,1781159892795831000,348.308,64.0,64.0
2026-06-11 08:38:13.800,1781159893800949000,76.462,64.0,64.0
2026-06-11 08:38:14.805,1781159894805995000,215.4,64.0,64.0
2026-06-11 08:38:15.810,1781159895810453000,790.055,64.0,64.0
2026-06-11 08:38:16.811,1781159896811448000,189.317,64.0,64.0
2026-06-11 08:38:17.816,1781159897816565000,351.753,64.0,64.0
2026-06-11 08:38:18.821,1781159898821590000,528.674,64.0,64.0
2026-06-11 08:38:19.826,1781159899826646000,193.463,64.0,64.0
2026-06-11 08:38:20.831,1781159900831742000,389.926,64.0,64.0
2026-06-11 08:38:21.836,1781159901836799000,355.189,64.0,64.0
2026-06-11 08:38:22.841,1781159902841904000,765.448,64.0,64.0
2026-06-11 08:38:23.843,1781159903843622000,92.971,64.0,64.0
2026-06-11 08:38:24.848,1781159904848713000,573.437,64.0,64.0
2026-06-11 08:38:25.853,1781159905853661000,594.542,64.0,64.0
2026-06-11 08:38:26.858,1781159906858854000,221.923,64.0,64.0
2026-06-11 08:38:27.860,1781159907860935000,223.325,64.0,64.0
2026-06-11 08:38:28.865,1781159908866098000,533.596,64.0,64.0
2026-06-11 08:38:29.870,1781159909871175000,94.435,64.0,64.0
2026-06-11 08:38:30.872,1781159910872730000,400.675,64.0,64.0
2026-06-11 08:38:31.877,1781159911877795000,283.836,64.0,64.0
2026-06-11 08:38:32.882,1781159912882838000,492.446,64.0,64.0
2026-06-11 08:38:33.885,1781159913885991000,468.04,64.0,64.0
2026-06-11 08:38:34.890,1781159914891086000,850.819,64.0,64.0
2026-06-11 08:38:35.895,1781159915895672000,24.919,64.0,64.0
2026-06-11 08:38:36.900,1781159916900733000,715.713,64.0,64.0
2026-06-11 08:38:37.905,1781159917905793000,757.282,64.0,64.0
2026-06-11 08:38:38.909,1781159918909951000,780.263,64.0,64.0
2026-06-11 08:38:39.910,1781159919910902000,301.011,64.0,64.0
2026-06-11 08:38:40.915,1781159920916002000,145.191,64.0,64.0
2026-06-11 08:38:41.920,1781159921921063000,175.42,64.0,64.0
2026-06-11 08:38:42.925,1781159922926138000,83.991,64.0,64.0
2026-06-11 08:38:43.930,1781159923931187000,384.698,64.0,64.0
2026-06-11 08:38:44.935,1781159924935732000,,,
2026-06-11 08:38:45.950,1781159925950184000,,,
2026-06-11 08:38:46.962,1781159926963063000,,,
2026-06-11 08:38:47.973,1781159927973557000,,,
2026-06-11 08:38:48.985,1781159928986016000,,,
2026-06-11 08:38:49.998,1781159929998412000,64.698,64.0,64.0
2026-06-11 08:38:51.002,1781159931002889000,475.627,64.0,64.0
2026-06-11 08:38:52.007,1781159932007989000,24.44,64.0,64.0
2026-06-11 08:38:53.012,1781159933013033000,,,
2026-06-11 08:38:54.027,1781159934027377000,302.244,64.0,64.0
2026-06-11 08:38:55.032,1781159935032632000,397.061,64.0,64.0
2026-06-11 08:38:56.034,1781159936034337000,87.912,64.0,64.0
2026-06-11 08:38:57.035,1781159937035538000,,,
2026-06-11 08:38:58.049,1781159938049442000,468.54,64.0,64.0
2026-06-11 08:38:59.054,1781159939054650000,510.828,64.0,64.0
2026-06-11 08:39:00.054,1781159940055111000,258.122,64.0,64.0
2026-06-11 08:39:01.059,1781159941060118000,,,
2026-06-11 08:39:02.069,1781159942069721000,392.49,64.0,64.0
2026-06-11 08:39:03.074,1781159943074950000,148.521,64.0,64.0
2026-06-11 08:39:04.075,1781159944075443000,13.211,64.0,64.0
2026-06-11 08:39:05.076,1781159945077193000,5.127,64.0,64.0
2026-06-11 08:39:06.082,1781159946082277000,55.533,64.0,64.0
2026-06-11 08:39:07.082,1781159947083026000,334.288,64.0,64.0
2026-06-11 08:39:08.088,1781159948088277000,551.191,64.0,64.0
2026-06-11 08:39:09.088,1781159949088872000,353.634,64.0,64.0
2026-06-11 08:39:10.089,1781159950089150000,2.677,64.0,64.0
2026-06-11 08:39:11.094,1781159951094200000,57.74,64.0,64.0
2026-06-11 08:39:12.099,1781159952099407000,2.395,64.0,64.0
2026-06-11 08:39:13.104,1781159953104345000,3.106,64.0,64.0
2026-06-11 08:39:14.105,1781159954105488000,663.329,64.0,64.0
2026-06-11 08:39:15.109,1781159955109452000,13.781,64.0,64.0
2026-06-11 08:39:16.114,1781159956114387000,499.478,64.0,64.0
2026-06-11 08:39:17.119,1781159957119394000,161.429,64.0,64.0
2026-06-11 08:39:18.124,1781159958124391000,152.159,64.0,64.0
2026-06-11 08:39:19.125,1781159959126015000,279.947,64.0,64.0
2026-06-11 08:39:20.130,1781159960131001000,411.275,64.0,64.0
2026-06-11 08:39:21.131,1781159961131926000,199.21,64.0,64.0
2026-06-11 08:39:22.134,1781159962134770000,359.211,64.0,64.0
2026-06-11 08:39:23.139,1781159963139760000,4.473,64.0,64.0
2026-06-11 08:39:24.139,1781159964139969000,3.132,64.0,64.0
2026-06-11 08:39:25.144,1781159965144955000,801.12,64.0,64.0
2026-06-11 08:39:26.145,1781159966145578000,10.369,64.0,64.0
2026-06-11 08:39:27.148,1781159967148551000,5.513,64.0,64.0
2026-06-11 08:39:28.152,1781159968152829000,3.126,64.0,64.0
2026-06-11 08:39:29.153,1781159969154063000,192.571,64.0,64.0
2026-06-11 08:39:30.157,1781159970157315000,174.107,64.0,64.0
2026-06-11 08:39:31.158,1781159971158463000,91.249,64.0,64.0
2026-06-11 08:39:32.159,1781159972159650000,411.893,64.0,64.0
2026-06-11 08:39:33.162,1781159973162570000,121.429,64.0,64.0
2026-06-11 08:39:34.166,1781159974166517000,423.77,64.0,64.0
2026-06-11 08:39:35.171,1781159975171473000,503.75,64.0,64.0
2026-06-11 08:39:36.173,1781159976173553000,27.813,64.0,64.0
2026-06-11 08:39:37.179,1781159977179644000,2.44,64.0,64.0
2026-06-11 08:39:38.184,1781159978184799000,66.338,64.0,64.0
2026-06-11 08:39:39.187,1781159979187560000,129.365,64.0,64.0
2026-06-11 08:39:40.189,1781159980190215000,585.379,64.0,64.0
2026-06-11 08:39:41.191,1781159981191928000,162.03,64.0,64.0
2026-06-11 08:39:42.191,1781159982192273000,100.177,64.0,64.0
2026-06-11 08:39:43.197,1781159983197536000,303.858,64.0,64.0
2026-06-11 08:39:44.199,1781159984199557000,829.794,64.0,64.0
2026-06-11 08:39:45.201,1781159985201488000,46.097,64.0,64.0
2026-06-11 08:39:46.203,1781159986207630000,9.223,64.0,64.0
2026-06-11 08:39:47.209,1781159987209699000,110.935,64.0,64.0
2026-06-11 08:39:48.214,1781159988214523000,11.702,64.0,64.0
2026-06-11 08:39:49.219,1781159989221854000,128.65,64.0,64.0
2026-06-11 08:39:50.220,1781159990220458000,57.201,64.0,64.0
2026-06-11 08:39:51.221,1781159991221455000,249.04,64.0,64.0
2026-06-11 08:39:52.222,1781159992222617000,8.327,64.0,64.0
2026-06-11 08:39:53.227,1781159993227667000,266.517,64.0,64.0
2026-06-11 08:39:54.232,1781159994232749000,18.232,64.0,64.0
2026-06-11 08:39:55.235,1781159995235569000,420.12,64.0,64.0
2026-06-11 08:39:56.237,1781159996237823000,407.482,64.0,64.0
2026-06-11 08:39:57.240,1781159997241101000,,,
2026-06-11 08:39:58.251,1781159998251147000,32.692,64.0,64.0
2026-06-11 08:39:59.253,1781159999253363000,,,
2026-06-11 08:40:00.277,1781160000277757000,22.104,64.0,64.0
2026-06-11 08:40:01.282,1781160001282829000,393.773,64.0,64.0
2026-06-11 08:40:02.287,1781160002287762000,95.309,64.0,64.0
2026-06-11 08:40:03.290,1781160003290998000,,,
2026-06-11 08:40:04.301,1781160004301323000,,,
2026-06-11 08:40:05.310,1781160005310967000,336.387,64.0,64.0
2026-06-11 08:40:06.315,1781160006315973000,281.132,64.0,64.0
2026-06-11 08:40:07.320,1781160007321001000,,,
2026-06-11 08:40:08.331,1781160008331926000,,,
2026-06-11 08:40:09.341,1781160009341917000,472.328,64.0,64.0
2026-06-11 08:40:10.346,1781160010346922000,39.801,64.0,64.0
2026-06-11 08:40:11.351,1781160011352086000,26.711,64.0,64.0
2026-06-11 08:40:12.353,1781160012353636000,636.314,64.0,64.0
2026-06-11 08:40:13.354,1781160013355103000,89.055,64.0,64.0
2026-06-11 08:40:14.357,1781160014357441000,557.505,64.0,64.0
2026-06-11 08:40:15.359,1781160015359433000,504.379,64.0,64.0
2026-06-11 08:40:16.364,1781160016364533000,14.363,64.0,64.0
2026-06-11 08:40:17.366,1781160017366781000,87.837,64.0,64.0
2026-06-11 08:40:18.371,1781160018371613000,105.922,64.0,64.0
2026-06-11 08:40:19.375,1781160019376134000,466.846,64.0,64.0
2026-06-11 08:40:20.376,1781160020377080000,874.198,64.0,64.0
2026-06-11 08:40:21.379,1781160021379367000,44.261,64.0,64.0
2026-06-11 08:40:22.384,1781160022384197000,274.978,64.0,64.0
2026-06-11 08:40:23.384,1781160023384893000,75.762,64.0,64.0
2026-06-11 08:40:24.387,1781160024387536000,447.389,64.0,64.0
2026-06-11 08:40:25.390,1781160025390452000,221.495,64.0,64.0
2026-06-11 08:40:26.390,1781160026390655000,190.251,64.0,64.0
2026-06-11 08:40:27.391,1781160027391688000,95.767,64.0,64.0
2026-06-11 08:40:28.396,1781160028396975000,210.167,64.0,64.0
2026-06-11 08:40:29.400,1781160029401046000,266.709,64.0,64.0
2026-06-11 08:40:30.405,1781160030406157000,357.144,64.0,64.0
2026-06-11 08:40:31.410,1781160031411001000,432.741,64.0,64.0
2026-06-11 08:40:32.415,1781160032415762000,490.241,64.0,64.0
2026-06-11 08:40:33.419,1781160033420086000,150.904,64.0,64.0
2026-06-11 08:40:34.424,1781160034424631000,370.998,64.0,64.0
2026-06-11 08:40:35.425,1781160035425913000,508.152,64.0,64.0
2026-06-11 08:40:36.430,1781160036430853000,526.257,64.0,64.0
2026-06-11 08:40:37.435,1781160037435843000,27.64,64.0,64.0
2026-06-11 08:40:38.439,1781160038440133000,595.274,64.0,64.0
2026-06-11 08:40:39.440,1781160039440519000,571.636,64.0,64.0
2026-06-11 08:40:40.442,1781160040442365000,170.503,64.0,64.0
2026-06-11 08:40:41.447,1781160041447373000,128.017,64.0,64.0
2026-06-11 08:40:42.449,1781160042449324000,232.959,64.0,64.0
2026-06-11 08:40:43.452,1781160043452500000,362.919,64.0,64.0
2026-06-11 08:40:44.457,1781160044457396000,295.09,64.0,64.0
2026-06-11 08:40:45.462,1781160045462670000,56.353,64.0,64.0
2026-06-11 08:40:46.467,1781160046468533000,,,
2026-06-11 08:40:47.483,1781160047483993000,112.92,64.0,64.0
2026-06-11 08:40:48.488,1781160048488778000,188.337,64.0,64.0
2026-06-11 08:40:49.493,1781160049493994000,536.547,64.0,64.0
2026-06-11 08:40:50.498,1781160050498838000,204.974,64.0,64.0
2026-06-11 08:40:51.499,1781160051499357000,157.823,64.0,64.0
2026-06-11 08:40:52.500,1781160052501112000,237.218,64.0,64.0
2026-06-11 08:40:53.505,1781160053506097000,71.486,64.0,64.0
2026-06-11 08:40:54.508,1781160054508329000,420.369,64.0,64.0
2026-06-11 08:40:55.513,1781160055513248000,441.383,64.0,64.0
2026-06-11 08:40:56.518,1781160056518295000,338.773,64.0,64.0
2026-06-11 08:40:57.523,1781160057523312000,394.003,64.0,64.0
2026-06-11 08:40:58.524,1781160058525077000,378.033,64.0,64.0
2026-06-11 08:40:59.527,1781160059527205000,548.423,64.0,64.0
2026-06-11 08:41:00.528,1781160060528562000,95.421,64.0,64.0
2026-06-11 08:41:01.533,1781160061533626000,3.151,64.0,64.0
2026-06-11 08:41:02.538,1781160062538730000,34.249,64.0,64.0
2026-06-11 08:41:03.540,1781160063540577000,290.49,64.0,64.0
2026-06-11 08:41:04.545,1781160064545561000,375.43,64.0,64.0
2026-06-11 08:41:05.550,1781160065550578000,228.754,64.0,64.0
2026-06-11 08:41:06.555,1781160066555577000,84.791,64.0,64.0
2026-06-11 08:41:07.560,1781160067560550000,263.585,64.0,64.0
2026-06-11 08:41:08.564,1781160068565031000,193.076,64.0,64.0
2026-06-11 08:41:09.569,1781160069570168000,287.442,64.0,64.0
2026-06-11 08:41:10.573,1781160070574018000,539.92,64.0,64.0
2026-06-11 08:41:11.575,1781160071575956000,50.551,64.0,64.0
2026-06-11 08:41:12.580,1781160072580887000,19.038,64.0,64.0
2026-06-11 08:41:13.583,1781160073583537000,176.778,64.0,64.0
2026-06-11 08:41:14.584,1781160074584373000,,,
2026-06-11 08:41:15.593,1781160075593133000,711.467,64.0,64.0
2026-06-11 08:41:16.598,1781160076598197000,134.429,64.0,64.0
2026-06-11 08:41:17.598,1781160077599067000,846.632,64.0,64.0
2026-06-11 08:41:18.603,1781160078603940000,319.41,64.0,64.0
2026-06-11 08:41:19.608,1781160079609060000,224.518,64.0,64.0
2026-06-11 08:41:20.613,1781160080613702000,345.711,64.0,64.0
2026-06-11 08:41:21.618,1781160081618475000,363.877,64.0,64.0
2026-06-11 08:41:22.623,1781160082623639000,91.291,64.0,64.0
2026-06-11 08:41:23.628,1781160083628629000,427.671,64.0,64.0
2026-06-11 08:41:24.631,1781160084631916000,528.465,64.0,64.0
2026-06-11 08:41:25.636,1781160085636985000,140.73,64.0,64.0
2026-06-11 08:41:26.641,1781160086641891000,,,
2026-06-11 08:41:27.652,1781160087652118000,276.69,64.0,64.0
2026-06-11 08:41:28.654,1781160088655070000,,,
2026-06-11 08:41:29.669,1781160089669868000,,,
2026-06-11 08:41:30.681,1781160090681617000,718.688,64.0,64.0
2026-06-11 08:41:31.686,1781160091686755000,486.18,64.0,64.0
2026-06-11 08:41:32.691,1781160092691771000,405.721,64.0,64.0
2026-06-11 08:41:33.693,1781160093693539000,,,
2026-06-11 08:41:34.705,1781160094705937000,435.837,64.0,64.0
2026-06-11 08:41:35.710,1781160095711102000,501.312,64.0,64.0
2026-06-11 08:41:36.715,1781160096716224000,,,
2026-06-11 08:41:37.727,1781160097727584000,166.912,64.0,64.0
2026-06-11 08:41:38.731,1781160098731694000,,,
2026-06-11 08:41:39.748,1781160099748512000,464.425,64.0,64.0
2026-06-11 08:41:40.753,1781160100753758000,336.084,64.0,64.0
2026-06-11 08:41:41.758,1781160101758807000,229.474,64.0,64.0
2026-06-11 08:41:42.762,1781160102762621000,,,
2026-06-11 08:41:43.772,1781160103772857000,,,
2026-06-11 08:41:44.784,1781160104784682000,429.811,64.0,64.0
2026-06-11 08:41:45.789,1781160105789841000,3.31,64.0,64.0
2026-06-11 08:41:46.791,1781160106792034000,92.032,64.0,64.0
2026-06-11 08:41:47.796,1781160107797014000,108.608,64.0,64.0
2026-06-11 08:41:48.797,1781160108797857000,465.03,64.0,64.0
2026-06-11 08:41:49.799,1781160109799340000,855.281,64.0,64.0
2026-06-11 08:41:50.802,1781160110802449000,631.956,64.0,64.0
2026-06-11 08:41:51.805,1781160111805670000,155.347,64.0,64.0
2026-06-11 08:41:52.806,1781160112806415000,82.876,64.0,64.0
2026-06-11 08:41:53.811,1781160113811605000,276.686,64.0,64.0
2026-06-11 08:41:54.814,1781160114814505000,925.845,64.0,64.0
2026-06-11 08:41:55.818,1781160115818719000,,,
2026-06-11 08:41:56.825,1781160116825682000,262.203,64.0,64.0
2026-06-11 08:41:57.825,1781160117826158000,233.512,64.0,64.0
2026-06-11 08:41:58.830,1781160118831100000,307.715,64.0,64.0
2026-06-11 08:41:59.831,1781160119831779000,,,
2026-06-11 08:42:00.839,1781160120839734000,,,
2026-06-11 08:42:01.857,1781160121857467000,902.429,64.0,64.0
2026-06-11 08:42:02.862,1781160122862457000,624.936,64.0,64.0
2026-06-11 08:42:03.866,1781160123866429000,61.891,64.0,64.0
2026-06-11 08:42:04.870,1781160124870977000,236.12,64.0,64.0
2026-06-11 08:42:05.875,1781160125875897000,34.136,64.0,64.0
2026-06-11 08:42:06.880,1781160126880844000,239.447,64.0,64.0
2026-06-11 08:42:07.883,1781160127884041000,208.859,64.0,64.0
2026-06-11 08:42:08.888,1781160128889072000,381.736,64.0,64.0
2026-06-11 08:42:09.893,1781160129893956000,815.889,64.0,64.0
2026-06-11 08:42:10.894,1781160130894945000,569.921,64.0,64.0
2026-06-11 08:42:11.898,1781160131898404000,381.997,64.0,64.0
2026-06-11 08:42:12.903,1781160132903559000,124.233,64.0,64.0
2026-06-11 08:42:13.908,1781160133908404000,9.308,64.0,64.0
2026-06-11 08:42:14.910,1781160134910545000,134.42,64.0,64.0
2026-06-11 08:42:15.915,1781160135915487000,12.523,64.0,64.0
2026-06-11 08:42:16.916,1781160136916314000,67.955,64.0,64.0
2026-06-11 08:42:17.917,1781160137917658000,6.717,64.0,64.0
2026-06-11 08:42:18.922,1781160138922639000,321.346,64.0,64.0
2026-06-11 08:42:19.926,1781160139926276000,258.681,64.0,64.0
2026-06-11 08:42:20.928,1781160140928191000,180.477,64.0,64.0
2026-06-11 08:42:21.933,1781160141933145000,341.629,64.0,64.0
2026-06-11 08:42:22.935,1781160142935140000,3.943,64.0,64.0
2026-06-11 08:42:23.940,1781160143940416000,4.061,64.0,64.0
2026-06-11 08:42:24.945,1781160144945229000,89.669,64.0,64.0
2026-06-11 08:42:25.946,1781160145946772000,5.109,64.0,64.0
2026-06-11 08:42:26.951,1781160146951625000,128.582,64.0,64.0
2026-06-11 08:42:27.952,1781160147952631000,171.526,64.0,64.0
2026-06-11 08:42:28.953,1781160148953601000,200.129,64.0,64.0
2026-06-11 08:42:29.958,1781160149958727000,165.009,64.0,64.0
2026-06-11 08:42:30.963,1781160150963679000,326.662,64.0,64.0
2026-06-11 08:42:31.964,1781160151964778000,422.712,64.0,64.0
2026-06-11 08:42:32.969,1781160152969831000,255.443,64.0,64.0
2026-06-11 08:42:33.969,1781160153970162000,625.696,64.0,64.0
2026-06-11 08:42:34.971,1781160154971931000,50.645,64.0,64.0
2026-06-11 08:42:35.976,1781160155977022000,412.348,64.0,64.0
2026-06-11 08:42:36.981,1781160156982055000,,,
2026-06-11 08:42:37.996,1781160157996726000,525.303,64.0,64.0
2026-06-11 08:42:38.996,1781160158997067000,134.038,64.0,64.0
2026-06-11 08:42:40.001,1781160160002134000,811.919,64.0,64.0
2026-06-11 08:42:41.002,1781160161002679000,763.046,64.0,64.0
2026-06-11 08:42:42.007,1781160162007517000,257.309,64.0,64.0
2026-06-11 08:42:43.012,1781160163012616000,211.724,64.0,64.0
2026-06-11 08:42:44.015,1781160164015815000,497.995,64.0,64.0
2026-06-11 08:42:45.020,1781160165020900000,,,
2026-06-11 08:42:46.035,1781160166035566000,332.771,64.0,64.0
2026-06-11 08:42:47.040,1781160167040744000,576.776,64.0,64.0
2026-06-11 08:42:48.040,1781160168040904000,130.476,64.0,64.0
2026-06-11 08:42:49.041,1781160169041252000,192.901,64.0,64.0
2026-06-11 08:42:50.046,1781160170046270000,,,
2026-06-11 08:42:51.053,1781160171054020000,604.114,64.0,64.0
2026-06-11 08:42:52.058,1781160172059169000,163.063,64.0,64.0
2026-06-11 08:42:53.064,1781160173064140000,382.654,64.0,64.0
2026-06-11 08:42:54.068,1781160174068558000,436.15,64.0,64.0
2026-06-11 08:42:55.073,1781160175073256000,270.583,64.0,64.0
2026-06-11 08:42:56.076,1781160176076783000,274.859,64.0,64.0
2026-06-11 08:42:57.081,1781160177081894000,871.265,64.0,64.0
2026-06-11 08:42:58.086,1781160178086612000,520.287,64.0,64.0
2026-06-11 08:42:59.091,1781160179091511000,302.605,64.0,64.0
2026-06-11 08:43:00.094,1781160180094476000,423.729,64.0,64.0
2026-06-11 08:43:01.095,1781160181095996000,28.247,64.0,64.0
2026-06-11 08:43:02.101,1781160182101276000,210.685,64.0,64.0
2026-06-11 08:43:03.103,1781160183103605000,197.217,64.0,64.0
2026-06-11 08:43:04.108,1781160184108770000,493.752,64.0,64.0
2026-06-11 08:43:05.113,1781160185113718000,170.345,64.0,64.0
2026-06-11 08:43:06.118,1781160186118881000,369.744,64.0,64.0
2026-06-11 08:43:07.123,1781160187123868000,170.742,64.0,64.0
2026-06-11 08:43:08.128,1781160188128770000,220.387,64.0,64.0
2026-06-11 08:43:09.133,1781160189133846000,672.878,64.0,64.0
2026-06-11 08:43:10.138,1781160190138786000,2.988,64.0,64.0
2026-06-11 08:43:11.143,1781160191143800000,20.392,64.0,64.0
2026-06-11 08:43:12.144,1781160192144837000,813.21,64.0,64.0
2026-06-11 08:43:13.149,1781160193149895000,569.677,64.0,64.0
2026-06-11 08:43:14.155,1781160194155443000,713.48,64.0,64.0
2026-06-11 08:43:15.160,1781160195160313000,70.677,64.0,64.0
2026-06-11 08:43:16.165,1781160196165464000,166.413,64.0,64.0
2026-06-11 08:43:17.170,1781160197170501000,111.65,64.0,64.0
2026-06-11 08:43:18.170,1781160198170690000,730.164,64.0,64.0
2026-06-11 08:43:19.175,1781160199175613000,638.513,64.0,64.0
2026-06-11 08:43:20.176,1781160200176189000,194.598,64.0,64.0
2026-06-11 08:43:21.179,1781160201179992000,588.436,64.0,64.0
2026-06-11 08:43:22.184,1781160202185100000,491.496,64.0,64.0
2026-06-11 08:43:23.186,1781160203186396000,658.379,64.0,64.0
2026-06-11 08:43:24.191,1781160204191547000,56.782,64.0,64.0
2026-06-11 08:43:25.194,1781160205194632000,3.2,64.0,64.0
2026-06-11 08:43:26.199,1781160206199603000,154.619,64.0,64.0
2026-06-11 08:43:27.202,1781160207203036000,469.129,64.0,64.0
2026-06-11 08:43:28.205,1781160208205896000,233.998,64.0,64.0
2026-06-11 08:43:29.210,1781160209210736000,595.623,64.0,64.0
2026-06-11 08:43:30.215,1781160210215733000,371.637,64.0,64.0
2026-06-11 08:43:31.217,1781160211217609000,229.346,64.0,64.0
2026-06-11 08:43:32.220,1781160212220502000,453.932,64.0,64.0
2026-06-11 08:43:33.221,1781160213221449000,513.758,64.0,64.0
2026-06-11 08:43:34.226,1781160214226482000,133.515,64.0,64.0
2026-06-11 08:43:35.231,1781160215231431000,419.75,64.0,64.0
2026-06-11 08:43:36.234,1781160216234927000,174.895,64.0,64.0
2026-06-11 08:43:37.241,1781160217241789000,644.167,64.0,64.0
2026-06-11 08:43:38.243,1781160218243347000,72.456,64.0,64.0
2026-06-11 08:43:39.248,1781160219248534000,759.718,64.0,64.0
2026-06-11 08:43:40.253,1781160220253298000,217.161,64.0,64.0
2026-06-11 08:43:41.258,1781160221258522000,174.034,64.0,64.0
2026-06-11 08:43:42.260,1781160222260664000,455.937,64.0,64.0
2026-06-11 08:43:43.265,1781160223265699000,221.176,64.0,64.0
2026-06-11 08:43:44.270,1781160224270778000,224.749,64.0,64.0
2026-06-11 08:43:45.271,1781160225271714000,3.32,64.0,64.0
2026-06-11 08:43:46.276,1781160226276844000,64.918,64.0,64.0
2026-06-11 08:43:47.281,1781160227281982000,445.33,64.0,64.0
2026-06-11 08:43:48.286,1781160228286858000,3.319,64.0,64.0
2026-06-11 08:43:49.291,1781160229292033000,136.945,64.0,64.0
2026-06-11 08:43:50.293,1781160230293436000,513.169,64.0,64.0
2026-06-11 08:43:51.298,1781160231298553000,128.436,64.0,64.0
2026-06-11 08:43:52.302,1781160232302160000,37.805,64.0,64.0
2026-06-11 08:43:53.307,1781160233307227000,147.834,64.0,64.0
2026-06-11 08:43:54.312,1781160234312162000,938.379,64.0,64.0
2026-06-11 08:43:55.313,1781160235313519000,8.727,64.0,64.0
2026-06-11 08:43:56.318,1781160236318723000,250.837,64.0,64.0
2026-06-11 08:43:57.323,1781160237323783000,489.496,64.0,64.0
2026-06-11 08:43:58.324,1781160238324999000,151.482,64.0,64.0
2026-06-11 08:43:59.329,1781160239329860000,403.542,64.0,64.0
2026-06-11 08:44:00.334,1781160240335075000,146.49,64.0,64.0
2026-06-11 08:44:01.339,1781160241339913000,3.24,64.0,64.0
2026-06-11 08:44:02.344,1781160242345128000,,,
2026-06-11 08:44:03.354,1781160243354591000,685.821,64.0,64.0
2026-06-11 08:44:04.359,1781160244359556000,330.591,64.0,64.0
2026-06-11 08:44:05.363,1781160245363436000,288.226,64.0,64.0
2026-06-11 08:44:06.368,1781160246368263000,802.472,64.0,64.0
2026-06-11 08:44:07.372,1781160247373060000,108.907,64.0,64.0
2026-06-11 08:44:08.378,1781160248378358000,2.898,64.0,64.0
2026-06-11 08:44:09.379,1781160249380010000,821.549,64.0,64.0
2026-06-11 08:44:10.379,1781160250379997000,23.218,64.0,64.0
2026-06-11 08:44:11.385,1781160251385202000,596.87,64.0,64.0
2026-06-11 08:44:12.390,1781160252390141000,165.499,64.0,64.0
2026-06-11 08:44:13.395,1781160253395258000,156.352,64.0,64.0
2026-06-11 08:44:14.400,1781160254400200000,,,
2026-06-11 08:44:15.410,1781160255410747000,156.368,64.0,64.0
2026-06-11 08:44:16.415,1781160256415970000,70.825,64.0,64.0
2026-06-11 08:44:17.418,1781160257418634000,271.957,64.0,64.0
2026-06-11 08:44:18.420,1781160258421049000,301.876,64.0,64.0
2026-06-11 08:44:19.422,1781160259422161000,302.969,64.0,64.0
2026-06-11 08:44:20.427,1781160260427198000,221.672,64.0,64.0
2026-06-11 08:44:21.429,1781160261430012000,361.125,64.0,64.0
2026-06-11 08:44:22.430,1781160262430544000,576.251,64.0,64.0
2026-06-11 08:44:23.435,1781160263435677000,3.197,64.0,64.0
2026-06-11 08:44:24.440,1781160264440713000,46.297,64.0,64.0
2026-06-11 08:44:25.442,1781160265442630000,,,
2026-06-11 08:44:26.451,1781160266451801000,294.739,64.0,64.0
2026-06-11 08:44:27.452,1781160267452119000,772.409,64.0,64.0
2026-06-11 08:44:28.452,1781160268452705000,209.704,64.0,64.0
2026-06-11 08:44:29.457,1781160269457695000,138.696,64.0,64.0
2026-06-11 08:44:30.458,1781160270458759000,338.278,64.0,64.0
2026-06-11 08:44:31.460,1781160271460707000,,,
2026-06-11 08:44:32.468,1781160272469080000,7.55,64.0,64.0
2026-06-11 08:44:33.474,1781160273474270000,467.819,64.0,64.0
2026-06-11 08:44:34.475,1781160274475983000,266.871,64.0,64.0
2026-06-11 08:44:35.478,1781160275479006000,,,
2026-06-11 08:44:37.495,1781160277495873000,,,
2026-06-11 08:44:38.500,1781160278501544000,967.186,64.0,64.0
2026-06-11 08:44:39.503,1781160279503995000,,,
2026-06-11 08:44:40.514,1781160280514943000,,,
2026-06-11 08:44:41.520,1781160281520771000,819.133,64.0,64.0
2026-06-11 08:44:42.522,1781160282522817000,733.837,64.0,64.0
2026-06-11 08:44:43.526,1781160283526552000,155.17,64.0,64.0
2026-06-11 08:44:44.527,1781160284528055000,50.456,64.0,64.0
2026-06-11 08:44:45.531,1781160285531485000,323.466,64.0,64.0
2026-06-11 08:44:46.533,1781160286533851000,26.854,64.0,64.0
2026-06-11 08:44:47.538,1781160287538289000,140.303,64.0,64.0
2026-06-11 08:44:48.539,1781160288539649000,134.412,64.0,64.0
2026-06-11 08:44:49.544,1781160289544774000,29.001,64.0,64.0
2026-06-11 08:44:50.549,1781160290549882000,21.685,64.0,64.0
2026-06-11 08:44:51.554,1781160291555104000,766.047,64.0,64.0
2026-06-11 08:44:52.559,1781160292560066000,292.089,64.0,64.0
2026-06-11 08:44:53.564,1781160293564991000,61.335,64.0,64.0
2026-06-11 08:44:54.569,1781160294569520000,350.936,64.0,64.0
2026-06-11 08:44:55.572,1781160295572571000,,,
2026-06-11 08:44:56.583,1781160296583696000,183.275,64.0,64.0
2026-06-11 08:44:57.585,1781160297585688000,701.603,64.0,64.0
2026-06-11 08:44:58.590,1781160298590530000,399.782,64.0,64.0
2026-06-11 08:44:59.594,1781160299594322000,13.346,64.0,64.0
2026-06-11 08:45:00.599,1781160300599264000,109.144,64.0,64.0
2026-06-11 08:45:01.602,1781160301602679000,3.132,64.0,64.0
2026-06-11 08:45:02.607,1781160302607658000,255.259,64.0,64.0
2026-06-11 08:45:03.612,1781160303612936000,48.769,64.0,64.0
2026-06-11 08:45:04.617,1781160304617793000,,,
2026-06-11 08:45:05.626,1781160305626327000,,,
2026-06-11 08:45:06.636,1781160306636264000,,,
2026-06-11 08:45:07.647,1781160307647728000,,,
2026-06-11 08:45:08.660,1781160308660352000,565.578,64.0,64.0
2026-06-11 08:45:09.662,1781160309662783000,488.85,64.0,64.0
2026-06-11 08:45:10.667,1781160310667727000,135.973,64.0,64.0
2026-06-11 08:45:11.669,1781160311669267000,135.196,64.0,64.0
2026-06-11 08:45:12.674,1781160312674268000,159.271,64.0,64.0
2026-06-11 08:45:13.679,1781160313679312000,20.08,64.0,64.0
2026-06-11 08:45:14.683,1781160314683957000,152.208,64.0,64.0
2026-06-11 08:45:15.688,1781160315688840000,280.123,64.0,64.0
2026-06-11 08:45:16.693,1781160316693890000,278.439,64.0,64.0
2026-06-11 08:45:17.698,1781160317698961000,,,
2026-06-11 08:45:18.709,1781160318709837000,,,
2026-06-11 08:45:19.716,1781160319717039000,,,
2026-06-11 08:45:20.733,1781160320733749000,,,
2026-06-11 08:45:21.745,1781160321745691000,,,
2026-06-11 08:45:22.758,1781160322758192000,,,
2026-06-11 08:45:23.766,1781160323767050000,,,
2026-06-11 08:45:24.778,1781160324778476000,,,
2026-06-11 08:45:25.786,1781160325786987000,439.095,64.0,64.0
2026-06-11 08:45:26.791,1781160326792056000,,,
2026-06-11 08:45:27.803,1781160327803831000,,,
2026-06-11 08:45:28.819,1781160328819691000,451.196,64.0,64.0
2026-06-11 08:45:29.824,1781160329824513000,,,
2026-06-11 08:45:30.832,1781160330833090000,,,
2026-06-11 08:45:31.842,1781160331842909000,,,
2026-06-11 08:45:32.853,1781160332853994000,234.863,64.0,64.0
2026-06-11 08:45:33.858,1781160333859087000,179.305,64.0,64.0
2026-06-11 08:45:34.861,1781160334861695000,311.313,64.0,64.0
2026-06-11 08:45:35.866,1781160335866877000,439.932,64.0,64.0
2026-06-11 08:45:36.871,1781160336871959000,410.107,64.0,64.0
2026-06-11 08:45:37.877,1781160337877570000,370.444,64.0,64.0
2026-06-11 08:45:38.882,1781160338882726000,560.182,64.0,64.0
2026-06-11 08:45:39.882,1781160339882773000,,,
2026-06-11 08:45:40.897,1781160340897533000,613.766,64.0,64.0
2026-06-11 08:45:41.898,1781160341898624000,393.361,64.0,64.0
2026-06-11 08:45:42.903,1781160342903680000,,,
2026-06-11 08:45:43.915,1781160343915562000,,,
2026-06-11 08:45:44.925,1781160344926144000,,,
2026-06-11 08:45:45.936,1781160345936892000,,,
2026-06-11 08:45:46.947,1781160346947593000,,,
2026-06-11 08:45:47.964,1781160347964342000,,,
2026-06-11 08:45:48.975,1781160348975465000,,,
2026-06-11 08:45:49.987,1781160349987780000,232.937,64.0,64.0
2026-06-11 08:45:50.992,1781160350992809000,245.079,64.0,64.0
2026-06-11 08:45:51.997,1781160351997715000,726.118,64.0,64.0
2026-06-11 08:45:53.002,1781160353002966000,,,
2026-06-11 08:45:54.018,1781160354018861000,,,
2026-06-11 08:45:55.031,1781160355031321000,,,
2026-06-11 08:45:56.041,1781160356041996000,,,
2026-06-11 08:45:57.052,1781160357052442000,,,
2026-06-11 08:45:58.063,1781160358063298000,,,
2026-06-11 08:45:59.073,1781160359073322000,623.944,64.0,64.0
2026-06-11 08:46:00.076,1781160360076458000,544.944,64.0,64.0
2026-06-11 08:46:01.081,1781160361081532000,,,
2026-06-11 08:46:02.094,1781160362094168000,,,
2026-06-11 08:46:03.104,1781160363104948000,449.61,64.0,64.0
2026-06-11 08:46:04.105,1781160364105852000,234.46,64.0,64.0
2026-06-11 08:46:05.110,1781160365110716000,,,
2026-06-11 08:46:06.121,1781160366122065000,997.128,64.0,64.0
2026-06-11 08:46:07.127,1781160367128072000,813.757,64.0,64.0
2026-06-11 08:46:08.131,1781160368132106000,,,
2026-06-11 08:46:09.146,1781160369146430000,848.817,64.0,64.0
2026-06-11 08:46:10.151,1781160370151650000,225.219,64.0,64.0
2026-06-11 08:46:11.156,1781160371156695000,300.127,64.0,64.0
2026-06-11 08:46:12.159,1781160372160041000,289.95,64.0,64.0
2026-06-11 08:46:13.164,1781160373164988000,212.869,64.0,64.0
2026-06-11 08:46:14.164,1781160374165068000,61.561,64.0,64.0
2026-06-11 08:46:15.169,1781160375170186000,115.978,64.0,64.0
2026-06-11 08:46:16.175,1781160376175167000,306.077,64.0,64.0
2026-06-11 08:46:17.176,1781160377176239000,315.269,64.0,64.0
2026-06-11 08:46:18.180,1781160378180529000,442.586,64.0,64.0
2026-06-11 08:46:19.182,1781160379182511000,893.458,64.0,64.0
2026-06-11 08:46:20.187,1781160380187484000,440.903,64.0,64.0
2026-06-11 08:46:21.192,1781160381192523000,221.773,64.0,64.0
2026-06-11 08:46:22.197,1781160382197493000,779.659,64.0,64.0
2026-06-11 08:46:23.200,1781160383200694000,569.125,64.0,64.0
2026-06-11 08:46:24.205,1781160384205468000,982.998,64.0,64.0
2026-06-11 08:46:25.208,1781160385208757000,,,
2026-06-11 08:46:26.216,1781160386216923000,413.145,64.0,64.0
2026-06-11 08:46:27.221,1781160387221952000,415.994,64.0,64.0
2026-06-11 08:46:28.225,1781160388226056000,982.121,64.0,64.0
2026-06-11 08:46:29.229,1781160389229414000,348.875,64.0,64.0
2026-06-11 08:46:30.234,1781160390234558000,282.188,64.0,64.0
2026-06-11 08:46:31.237,1781160391237309000,291.341,64.0,64.0
2026-06-11 08:46:32.242,1781160392242437000,20.169,64.0,64.0
2026-06-11 08:46:33.247,1781160393247336000,587.641,64.0,64.0
2026-06-11 08:46:34.251,1781160394252121000,689.317,64.0,64.0
2026-06-11 08:46:35.255,1781160395255884000,128.083,64.0,64.0
2026-06-11 08:46:36.260,1781160396261053000,,,
2026-06-11 08:46:37.275,1781160397275308000,,,
2026-06-11 08:46:38.286,1781160398286764000,263.438,64.0,64.0
2026-06-11 08:46:39.288,1781160399288445000,270.117,64.0,64.0
2026-06-11 08:46:40.291,1781160400291742000,,,
2026-06-11 08:46:41.298,1781160401299059000,,,
2026-06-11 08:46:42.307,1781160402307839000,704.017,64.0,64.0
2026-06-11 08:46:43.310,1781160403310938000,,,
2026-06-11 08:46:44.322,1781160404322726000,,,
2026-06-11 08:46:45.335,1781160405335328000,,,
2026-06-11 08:46:46.347,1781160406347888000,154.747,64.0,64.0
2026-06-11 08:46:47.352,1781160407352845000,37.076,64.0,64.0
2026-06-11 08:46:48.357,1781160408358031000,27.964,64.0,64.0
2026-06-11 08:46:49.359,1781160409359888000,,,
2026-06-11 08:46:50.371,1781160410371942000,627.109,64.0,64.0
2026-06-11 08:46:51.373,1781160411374020000,,,
2026-06-11 08:46:52.393,1781160412393992000,,,
2026-06-11 08:46:53.406,1781160413406677000,,,
2026-06-11 08:46:54.418,1781160414419008000,,,
2026-06-11 08:46:55.433,1781160415433570000,,,
2026-06-11 08:46:56.443,1781160416443306000,352.828,64.0,64.0
2026-06-11 08:46:57.448,1781160417448504000,,,
2026-06-11 08:46:58.462,1781160418462698000,,,
2026-06-11 08:46:59.475,1781160419476146000,,,
2026-06-11 08:47:00.488,1781160420488606000,,,
2026-06-11 08:47:01.502,1781160421502840000,,,
2026-06-11 08:47:02.514,1781160422514391000,,,
2026-06-11 08:47:03.523,1781160423523726000,,,
2026-06-11 08:47:04.536,1781160424536354000,269.412,64.0,64.0
2026-06-11 08:47:05.538,1781160425538760000,303.534,64.0,64.0
2026-06-11 08:47:06.543,1781160426543689000,306.417,64.0,64.0
2026-06-11 08:47:07.548,1781160427548595000,847.474,64.0,64.0
2026-06-11 08:47:08.553,1781160428553695000,,,
2026-06-11 08:47:09.563,1781160429563622000,,,
2026-06-11 08:47:10.574,1781160430574950000,,,
2026-06-11 08:47:11.589,1781160431589384000,,,
2026-06-11 08:47:12.600,1781160432600516000,962.543,64.0,64.0
2026-06-11 08:47:13.601,1781160433601313000,,,
2026-06-11 08:47:14.613,1781160434613245000,,,
2026-06-11 08:47:15.625,1781160435625565000,,,
2026-06-11 08:47:16.637,1781160436638077000,,,
2026-06-11 08:47:17.649,1781160437649329000,,,
2026-06-11 08:47:18.660,1781160438660113000,,,
2026-06-11 08:47:19.671,1781160439671816000,,,
2026-06-11 08:47:20.682,1781160440682930000,843.067,64.0,64.0
2026-06-11 08:47:21.683,1781160441683291000,,,
2026-06-11 08:47:22.694,1781160442694398000,,,
2026-06-11 08:47:23.703,1781160443703327000,209.524,64.0,64.0
2026-06-11 08:47:24.704,1781160444704376000,337.118,64.0,64.0
2026-06-11 08:47:25.707,1781160445708000000,367.687,64.0,64.0
2026-06-11 08:47:26.711,1781160446712245000,102.706,64.0,64.0
2026-06-11 08:47:27.712,1781160447713207000,114.578,64.0,64.0
2026-06-11 08:47:28.717,1781160448718113000,5.387,64.0,64.0
2026-06-11 08:47:29.721,1781160449721761000,300.145,64.0,64.0
2026-06-11 08:47:30.726,1781160450726778000,177.178,64.0,64.0
2026-06-11 08:47:31.731,1781160451731927000,381.188,64.0,64.0
2026-06-11 08:47:32.736,1781160452737027000,465.807,64.0,64.0
2026-06-11 08:47:33.741,1781160453742074000,340.928,64.0,64.0
2026-06-11 08:47:34.745,1781160454745379000,347.403,64.0,64.0
2026-06-11 08:47:35.750,1781160455750449000,221.47,64.0,64.0
2026-06-11 08:47:36.754,1781160456754599000,16.225,64.0,64.0
2026-06-11 08:47:37.759,1781160457759457000,22.178,64.0,64.0
2026-06-11 08:47:38.764,1781160458764718000,,,
2026-06-11 08:47:39.778,1781160459779089000,136.256,64.0,64.0
2026-06-11 08:47:40.783,1781160460784078000,27.133,64.0,64.0
2026-06-11 08:47:41.788,1781160461788904000,593.616,64.0,64.0
2026-06-11 08:47:42.791,1781160462791927000,209.118,64.0,64.0
2026-06-11 08:47:43.793,1781160463793212000,285.529,64.0,64.0
2026-06-11 08:47:44.798,1781160464798340000,761.839,64.0,64.0
2026-06-11 08:47:45.803,1781160465803429000,393.481,64.0,64.0
2026-06-11 08:47:46.805,1781160466805363000,484.345,64.0,64.0
2026-06-11 08:47:47.810,1781160467810432000,293.46,64.0,64.0
2026-06-11 08:47:48.815,1781160468815315000,5.008,64.0,64.0
2026-06-11 08:47:49.820,1781160469820592000,557.351,64.0,64.0
2026-06-11 08:47:50.825,1781160470825638000,538.964,64.0,64.0
2026-06-11 08:47:51.827,1781160471828289000,88.914,64.0,64.0
2026-06-11 08:47:52.833,1781160472833353000,272.893,64.0,64.0
2026-06-11 08:47:53.837,1781160473837641000,278.841,64.0,64.0
2026-06-11 08:47:54.842,1781160474842714000,819.456,64.0,64.0
2026-06-11 08:47:55.845,1781160475845737000,274.592,64.0,64.0
2026-06-11 08:47:56.850,1781160476850696000,384.964,64.0,64.0
2026-06-11 08:47:57.853,1781160477853910000,393.199,64.0,64.0
2026-06-11 08:47:58.858,1781160478858952000,8.358,64.0,64.0
2026-06-11 08:47:59.863,1781160479864122000,544.809,64.0,64.0
2026-06-11 08:48:00.868,1781160480869260000,313.98,64.0,64.0
2026-06-11 08:48:01.870,1781160481870642000,555.472,64.0,64.0
2026-06-11 08:48:02.875,1781160482875637000,565.761,64.0,64.0
2026-06-11 08:48:03.880,1781160483880733000,206.465,64.0,64.0
2026-06-11 08:48:04.885,1781160484885410000,2.753,64.0,64.0
2026-06-11 08:48:05.885,1781160485885518000,142.659,64.0,64.0
2026-06-11 08:48:06.890,1781160486890597000,146.117,64.0,64.0
2026-06-11 08:48:07.891,1781160487891176000,600.368,64.0,64.0
2026-06-11 08:48:08.896,1781160488896413000,202.653,64.0,64.0
2026-06-11 08:48:09.901,1781160489901511000,785.667,64.0,64.0
2026-06-11 08:48:10.906,1781160490906573000,842.113,64.0,64.0
2026-06-11 08:48:11.911,1781160491911681000,107.044,64.0,64.0
2026-06-11 08:48:12.916,1781160492916728000,470.801,64.0,64.0
2026-06-11 08:48:13.921,1781160493921826000,413.525,64.0,64.0
2026-06-11 08:48:14.926,1781160494926912000,489.524,64.0,64.0
2026-06-11 08:48:15.931,1781160495931902000,310.562,64.0,64.0
2026-06-11 08:48:16.932,1781160496933101000,255.07,64.0,64.0
2026-06-11 08:48:17.934,1781160497934313000,260.997,64.0,64.0
2026-06-11 08:48:18.939,1781160498939333000,,,
2026-06-11 08:48:19.947,1781160499947319000,657.364,64.0,64.0
2026-06-11 08:48:20.952,1781160500952463000,305.424,64.0,64.0
2026-06-11 08:48:21.954,1781160501954650000,561.42,64.0,64.0
2026-06-11 08:48:22.959,1781160502959729000,768.139,64.0,64.0
2026-06-11 08:48:23.964,1781160503964870000,473.67,64.0,64.0
2026-06-11 08:48:24.969,1781160504969853000,405.876,64.0,64.0
2026-06-11 08:48:25.974,1781160505974952000,431.612,64.0,64.0
2026-06-11 08:48:26.979,1781160506980013000,81.669,64.0,64.0
2026-06-11 08:48:27.984,1781160507984463000,,,
2026-06-11 08:48:28.994,1781160508994224000,225.381,64.0,64.0
2026-06-11 08:48:29.999,1781160509999795000,86.073,64.0,64.0
2026-06-11 08:48:31.000,1781160511000834000,85.221,64.0,64.0
2026-06-11 08:48:32.005,1781160512005943000,308.163,64.0,64.0
2026-06-11 08:48:33.010,1781160513011022000,455.654,64.0,64.0
2026-06-11 08:48:34.015,1781160514016125000,450.878,64.0,64.0
2026-06-11 08:48:35.020,1781160515021136000,319.609,64.0,64.0
2026-06-11 08:48:36.025,1781160516026272000,338.297,64.0,64.0
2026-06-11 08:48:37.031,1781160517031327000,,,
2026-06-11 08:48:38.045,1781160518046266000,160.606,64.0,64.0
2026-06-11 08:48:39.051,1781160519051275000,410.68,64.0,64.0
2026-06-11 08:48:40.051,1781160520051539000,89.113,64.0,64.0
2026-06-11 08:48:41.052,1781160521052925000,277.462,64.0,64.0
2026-06-11 08:48:42.057,1781160522057959000,89.67,64.0,64.0
2026-06-11 08:48:43.062,1781160523063100000,361.601,64.0,64.0
2026-06-11 08:48:44.067,1781160524068180000,272.042,64.0,64.0
2026-06-11 08:48:45.069,1781160525069628000,477.674,64.0,64.0
2026-06-11 08:48:46.074,1781160526074603000,250.445,64.0,64.0
2026-06-11 08:48:47.079,1781160527079723000,269.131,64.0,64.0
2026-06-11 08:48:48.084,1781160528084804000,267.046,64.0,64.0
2026-06-11 08:48:49.089,1781160529089861000,376.392,64.0,64.0
2026-06-11 08:48:50.094,1781160530094946000,186.777,64.0,64.0
2026-06-11 08:48:51.099,1781160531100054000,757.626,64.0,64.0
2026-06-11 08:48:52.102,1781160532102777000,133.715,64.0,64.0
2026-06-11 08:48:53.107,1781160533107926000,59.443,64.0,64.0
2026-06-11 08:48:54.112,1781160534113016000,101.08,64.0,64.0
2026-06-11 08:48:55.117,1781160535118075000,95.29,64.0,64.0
2026-06-11 08:48:56.118,1781160536119107000,232.074,64.0,64.0
2026-06-11 08:48:57.123,1781160537124209000,347.587,64.0,64.0
2026-06-11 08:48:58.129,1781160538129230000,878.861,64.0,64.0
2026-06-11 08:48:59.134,1781160539134327000,43.627,64.0,64.0
2026-06-11 08:49:00.139,1781160540139354000,371.228,64.0,64.0
2026-06-11 08:49:01.142,1781160541142792000,563.431,64.0,64.0
2026-06-11 08:49:02.147,1781160542148070000,68.17,64.0,64.0
2026-06-11 08:49:03.152,1781160543153112000,41.698,64.0,64.0
2026-06-11 08:49:04.157,1781160544158231000,306.299,64.0,64.0
2026-06-11 08:49:05.162,1781160545163186000,107.759,64.0,64.0
2026-06-11 08:49:06.168,1781160546168228000,14.875,64.0,64.0
2026-06-11 08:49:07.173,1781160547173512000,350.505,64.0,64.0
2026-06-11 08:49:08.178,1781160548178396000,310.182,64.0,64.0
2026-06-11 08:49:09.183,1781160549183559000,761.097,64.0,64.0
2026-06-11 08:49:10.185,1781160550185414000,437.028,64.0,64.0
2026-06-11 08:49:11.190,1781160551190493000,307.014,64.0,64.0
2026-06-11 08:49:12.192,1781160552192748000,131.757,64.0,64.0
2026-06-11 08:49:13.197,1781160553197785000,76.154,64.0,64.0
2026-06-11 08:49:14.202,1781160554202897000,89.179,64.0,64.0
2026-06-11 08:49:15.205,1781160555205669000,26.292,64.0,64.0
2026-06-11 08:49:16.209,1781160556209490000,226.103,64.0,64.0
2026-06-11 08:49:17.209,1781160557209836000,43.794,64.0,64.0
2026-06-11 08:49:18.214,1781160558214915000,155.268,64.0,64.0
2026-06-11 08:49:19.217,1781160559217900000,173.855,64.0,64.0
2026-06-11 08:49:20.221,1781160560221210000,405.741,64.0,64.0
2026-06-11 08:49:21.225,1781160561225746000,365.61,64.0,64.0
2026-06-11 08:49:22.230,1781160562230772000,38.35,64.0,64.0
2026-06-11 08:49:23.234,1781160563235119000,213.524,64.0,64.0
2026-06-11 08:49:24.239,1781160564240200000,473.707,64.0,64.0
2026-06-11 08:49:25.242,1781160565242370000,678.221,64.0,64.0
2026-06-11 08:49:26.243,1781160566243186000,665.936,64.0,64.0
2026-06-11 08:49:27.248,1781160567248145000,794.909,64.0,64.0
2026-06-11 08:49:28.253,1781160568253379000,836.254,64.0,64.0
2026-06-11 08:49:29.253,1781160569254141000,827.097,64.0,64.0
2026-06-11 08:49:30.258,1781160570258900000,240.875,64.0,64.0
2026-06-11 08:49:31.263,1781160571263957000,,,
2026-06-11 08:49:32.278,1781160572278333000,693.66,64.0,64.0
2026-06-11 08:49:33.278,1781160573279183000,,,
2026-06-11 08:49:34.293,1781160574293336000,454.608,64.0,64.0
2026-06-11 08:49:35.298,1781160575298482000,,,
2026-06-11 08:49:36.309,1781160576309298000,,,
2026-06-11 08:49:37.319,1781160577319970000,81.804,64.0,64.0
2026-06-11 08:49:38.320,1781160578320765000,,,
2026-06-11 08:49:39.332,1781160579333098000,,,
2026-06-11 08:49:40.352,1781160580352317000,,,
2026-06-11 08:49:41.363,1781160581363599000,,,
2026-06-11 08:49:42.376,1781160582376607000,,,
2026-06-11 08:49:43.388,1781160583388425000,,,
2026-06-11 08:49:44.402,1781160584402229000,,,
2026-06-11 08:49:45.415,1781160585416009000,,,
2026-06-11 08:49:46.427,1781160586427989000,281.358,64.0,64.0
2026-06-11 08:49:47.432,1781160587433009000,304.095,64.0,64.0
2026-06-11 08:49:48.437,1781160588438128000,,,
2026-06-11 08:49:49.452,1781160589452242000,,,
2026-06-11 08:49:50.462,1781160590463006000,,,
2026-06-11 08:49:51.471,1781160591471830000,,,
2026-06-11 08:49:52.482,1781160592482310000,589.733,64.0,64.0
2026-06-11 08:49:53.487,1781160593487340000,426.513,64.0,64.0
2026-06-11 08:49:54.492,1781160594492440000,222.182,64.0,64.0
2026-06-11 08:49:55.497,1781160595497512000,,,
2026-06-11 08:49:56.509,1781160596509619000,,,
2026-06-11 08:49:57.522,1781160597523032000,,,
2026-06-11 08:49:58.540,1781160598540491000,740.583,64.0,64.0
2026-06-11 08:49:59.542,1781160599542815000,221.085,64.0,64.0
2026-06-11 08:50:00.547,1781160600547854000,415.248,64.0,64.0
2026-06-11 08:50:01.551,1781160601552176000,60.29,64.0,64.0
2026-06-11 08:50:02.557,1781160602557254000,407.042,64.0,64.0
2026-06-11 08:50:03.562,1781160603562382000,,,
2026-06-11 08:50:04.575,1781160604576051000,323.46,64.0,64.0
2026-06-11 08:50:05.576,1781160605576381000,,,
2026-06-11 08:50:06.588,1781160606588984000,,,
2026-06-11 08:50:07.601,1781160607602065000,,,
2026-06-11 08:50:08.612,1781160608612531000,,,
2026-06-11 08:50:09.625,1781160609625893000,,,
2026-06-11 08:50:10.637,1781160610637663000,,,
2026-06-11 08:50:11.649,1781160611649714000,,,
2026-06-11 08:50:12.660,1781160612660280000,,,
2026-06-11 08:50:13.668,1781160613668566000,,,
2026-06-11 08:50:14.681,1781160614681180000,,,
2026-06-11 08:50:15.692,1781160615692465000,,,
2026-06-11 08:50:16.703,1781160616703560000,,,
2026-06-11 08:50:17.713,1781160617713852000,,,
2026-06-11 08:50:18.723,1781160618723452000,,,
2026-06-11 08:50:19.734,1781160619734557000,,,
2026-06-11 08:50:20.742,1781160620742231000,,,
2026-06-11 08:50:21.753,1781160621753992000,,,
2026-06-11 08:50:22.767,1781160622767263000,,,
2026-06-11 08:50:23.774,1781160623774973000,,,
2026-06-11 08:50:24.785,1781160624785662000,,,
2026-06-11 08:50:25.796,1781160625797077000,,,
2026-06-11 08:50:26.808,1781160626808268000,,,
2026-06-11 08:50:27.817,1781160627817651000,,,
2026-06-11 08:50:28.824,1781160628824498000,,,
2026-06-11 08:50:29.834,1781160629834373000,,,
2026-06-11 08:50:30.846,1781160630846189000,,,
2026-06-11 08:50:31.856,1781160631856144000,,,
2026-06-11 08:50:32.867,1781160632867184000,,,
2026-06-11 08:50:33.875,1781160633875234000,,,
2026-06-11 08:50:34.887,1781160634887517000,,,
2026-06-11 08:50:35.900,1781160635900514000,,,
2026-06-11 08:50:36.912,1781160636912444000,,,
2026-06-11 08:50:37.925,1781160637925209000,842.864,64.0,64.0
2026-06-11 08:50:38.930,1781160638930392000,107.865,64.0,64.0
2026-06-11 08:50:39.935,1781160639935430000,309.634,64.0,64.0
2026-06-11 08:50:40.940,1781160640940473000,147.463,64.0,64.0
2026-06-11 08:50:41.945,1781160641945540000,272.142,64.0,64.0
2026-06-11 08:50:42.950,1781160642950616000,592.836,64.0,64.0
2026-06-11 08:50:43.955,1781160643955656000,189.975,64.0,64.0
2026-06-11 08:50:44.956,1781160644956888000,291.431,64.0,64.0
2026-06-11 08:50:45.961,1781160645961883000,293.978,64.0,64.0
2026-06-11 08:50:46.966,1781160646966886000,15.931,64.0,64.0
2026-06-11 08:50:47.968,1781160647968762000,283.204,64.0,64.0
2026-06-11 08:50:48.973,1781160648973287000,285.69,64.0,64.0
2026-06-11 08:50:49.978,1781160649978333000,210.108,64.0,64.0
2026-06-11 08:50:50.982,1781160650982857000,310.745,64.0,64.0
2026-06-11 08:50:51.985,1781160651985801000,242.54,64.0,64.0
2026-06-11 08:50:52.990,1781160652990839000,322.226,64.0,64.0
2026-06-11 08:50:53.995,1781160653995872000,423.461,64.0,64.0
2026-06-11 08:50:55.000,1781160655000943000,194.512,64.0,64.0
2026-06-11 08:50:56.001,1781160656002086000,501.928,64.0,64.0
2026-06-11 08:50:57.003,1781160657003843000,52.333,64.0,64.0
2026-06-11 08:50:58.004,1781160658004988000,378.276,64.0,64.0
2026-06-11 08:50:59.066,1781160659068891000,257.527,64.0,64.0
2026-06-11 08:51:00.068,1781160660068400000,10.914,64.0,64.0
2026-06-11 08:51:01.071,1781160661071535000,28.81,64.0,64.0
2026-06-11 08:51:02.076,1781160662076492000,3.402,64.0,64.0
2026-06-11 08:51:03.080,1781160663080483000,463.294,64.0,64.0
2026-06-11 08:51:04.085,1781160664085582000,199.217,64.0,64.0
2026-06-11 08:51:05.090,1781160665090638000,378.369,64.0,64.0
2026-06-11 08:51:06.095,1781160666095684000,26.3,64.0,64.0
2026-06-11 08:51:07.096,1781160667096914000,409.54,64.0,64.0
2026-06-11 08:51:08.101,1781160668101995000,235.092,64.0,64.0
2026-06-11 08:51:09.105,1781160669105277000,448.563,64.0,64.0
2026-06-11 08:51:10.110,1781160670110515000,335.852,64.0,64.0
2026-06-11 08:51:11.115,1781160671115540000,28.706,64.0,64.0
2026-06-11 08:51:12.117,1781160672117182000,524.222,64.0,64.0
2026-06-11 08:51:13.120,1781160673120662000,107.693,64.0,64.0
2026-06-11 08:51:14.121,1781160674121955000,662.689,64.0,64.0
2026-06-11 08:51:15.123,1781160675123905000,436.257,64.0,64.0
2026-06-11 08:51:16.128,1781160676128921000,414.298,64.0,64.0
2026-06-11 08:51:17.132,1781160677132510000,480.596,64.0,64.0
2026-06-11 08:51:18.137,1781160678137435000,106.214,64.0,64.0
2026-06-11 08:51:19.142,1781160679142445000,210.581,64.0,64.0
2026-06-11 08:51:20.146,1781160680146746000,573.052,64.0,64.0
2026-06-11 08:51:21.151,1781160681151780000,315.401,64.0,64.0
2026-06-11 08:51:22.154,1781160682155020000,363.133,64.0,64.0
2026-06-11 08:51:23.159,1781160683160121000,235.333,64.0,64.0
2026-06-11 08:51:24.164,1781160684165259000,197.698,64.0,64.0
2026-06-11 08:51:25.170,1781160685170247000,120.367,64.0,64.0
2026-06-11 08:51:26.175,1781160686175381000,270.764,64.0,64.0
2026-06-11 08:51:27.180,1781160687180523000,180.636,64.0,64.0
2026-06-11 08:51:28.185,1781160688185648000,405.756,64.0,64.0
2026-06-11 08:51:29.190,1781160689190685000,374.719,64.0,64.0
2026-06-11 08:51:30.195,1781160690195801000,308.222,64.0,64.0
2026-06-11 08:51:31.200,1781160691200898000,405.295,64.0,64.0
2026-06-11 08:51:32.204,1781160692204877000,210.395,64.0,64.0
2026-06-11 08:51:33.209,1781160693210008000,55.149,64.0,64.0
2026-06-11 08:51:34.212,1781160694213146000,357.098,64.0,64.0
2026-06-11 08:51:35.218,1781160695218280000,644.26,64.0,64.0
2026-06-11 08:51:36.223,1781160696223398000,366.961,64.0,64.0
2026-06-11 08:51:37.228,1781160697228572000,475.091,64.0,64.0
2026-06-11 08:51:38.233,1781160698233619000,482.084,64.0,64.0
2026-06-11 08:51:39.238,1781160699238705000,384.702,64.0,64.0
2026-06-11 08:51:40.243,1781160700243787000,209.601,64.0,64.0
2026-06-11 08:51:41.245,1781160701245238000,315.835,64.0,64.0
2026-06-11 08:51:42.247,1781160702247237000,356.118,64.0,64.0
2026-06-11 08:51:43.252,1781160703252267000,319.955,64.0,64.0
2026-06-11 08:51:44.253,1781160704253422000,326.296,64.0,64.0
2026-06-11 08:51:45.258,1781160705258641000,471.504,64.0,64.0
2026-06-11 08:51:46.263,1781160706263729000,135.236,64.0,64.0
2026-06-11 08:51:47.268,1781160707268799000,438.371,64.0,64.0
2026-06-11 08:51:48.273,1781160708273925000,983.313,64.0,64.0
2026-06-11 08:51:49.274,1781160709274529000,610.91,64.0,64.0
2026-06-11 08:51:50.279,1781160710279663000,715.078,64.0,64.0
2026-06-11 08:51:51.280,1781160711281187000,557.476,64.0,64.0
2026-06-11 08:51:52.286,1781160712286333000,363.194,64.0,64.0
2026-06-11 08:51:53.291,1781160713291301000,513.33,64.0,64.0
2026-06-11 08:51:54.294,1781160714295240000,275.203,64.0,64.0
2026-06-11 08:51:55.300,1781160715300321000,571.162,64.0,64.0
2026-06-11 08:51:56.302,1781160716302174000,22.196,64.0,64.0
2026-06-11 08:51:57.307,1781160717307476000,437.445,64.0,64.0
2026-06-11 08:51:58.312,1781160718312323000,85.548,64.0,64.0
2026-06-11 08:51:59.313,1781160719313657000,2.778,64.0,64.0
2026-06-11 08:52:00.314,1781160720314277000,211.699,64.0,64.0
2026-06-11 08:52:01.319,1781160721319324000,3.702,64.0,64.0
2026-06-11 08:52:02.323,1781160722323585000,5.235,64.0,64.0
2026-06-11 08:52:03.328,1781160723328734000,262.151,64.0,64.0
2026-06-11 08:52:04.333,1781160724333830000,3.213,64.0,64.0
2026-06-11 08:52:05.337,1781160725337343000,2.59,64.0,64.0
2026-06-11 08:52:06.337,1781160726337528000,5.51,64.0,64.0
2026-06-11 08:52:07.338,1781160727338937000,276.618,64.0,64.0
2026-06-11 08:52:08.343,1781160728344098000,3.235,64.0,64.0
2026-06-11 08:52:09.345,1781160729345937000,20.435,64.0,64.0
2026-06-11 08:52:10.350,1781160730351137000,176.062,64.0,64.0
2026-06-11 08:52:11.351,1781160731351856000,108.782,64.0,64.0
2026-06-11 08:52:12.356,1781160732356887000,389.457,64.0,64.0
2026-06-11 08:52:13.361,1781160733361888000,319.088,64.0,64.0
2026-06-11 08:52:14.366,1781160734367159000,418.582,64.0,64.0
2026-06-11 08:52:15.371,1781160735372216000,3.508,64.0,64.0
2026-06-11 08:52:16.376,1781160736377145000,476.694,64.0,64.0
2026-06-11 08:52:17.377,1781160737377886000,267.528,64.0,64.0
2026-06-11 08:52:18.382,1781160738382905000,448.727,64.0,64.0
2026-06-11 08:52:19.387,1781160739387843000,416.271,64.0,64.0
2026-06-11 08:52:20.392,1781160740393037000,411.548,64.0,64.0
2026-06-11 08:52:21.395,1781160741395881000,185.05,64.0,64.0
2026-06-11 08:52:22.398,1781160742398403000,297.869,64.0,64.0
2026-06-11 08:52:23.403,1781160743403430000,350.56,64.0,64.0
2026-06-11 08:52:24.408,1781160744408515000,662.687,64.0,64.0
2026-06-11 08:52:25.412,1781160745412610000,621.39,64.0,64.0
2026-06-11 08:52:26.417,1781160746417727000,,,
2026-06-11 08:52:27.431,1781160747431810000,285.356,64.0,64.0
2026-06-11 08:52:28.435,1781160748435579000,380.179,64.0,64.0
2026-06-11 08:52:29.436,1781160749437153000,429.766,64.0,64.0
2026-06-11 08:52:30.441,1781160750442111000,266.765,64.0,64.0
2026-06-11 08:52:31.446,1781160751447254000,418.418,64.0,64.0
2026-06-11 08:52:32.449,1781160752450055000,361.246,64.0,64.0
2026-06-11 08:52:33.454,1781160753455154000,411.283,64.0,64.0
2026-06-11 08:52:34.456,1781160754457053000,205.542,64.0,64.0
2026-06-11 08:52:35.462,1781160755463290000,528.982,64.0,64.0
2026-06-11 08:52:36.468,1781160756468247000,269.418,64.0,64.0
2026-06-11 08:52:37.473,1781160757473340000,173.483,64.0,64.0
2026-06-11 08:52:38.475,1781160758475492000,698.459,64.0,64.0
2026-06-11 08:52:39.478,1781160759478806000,3.136,64.0,64.0
2026-06-11 08:52:40.483,1781160760483862000,449.254,64.0,64.0
2026-06-11 08:52:41.488,1781160761489096000,140.132,64.0,64.0
2026-06-11 08:52:42.493,1781160762493913000,121.701,64.0,64.0
2026-06-11 08:52:43.498,1781160763499097000,293.407,64.0,64.0
2026-06-11 08:52:44.503,1781160764504093000,360.036,64.0,64.0
2026-06-11 08:52:45.508,1781160765508997000,504.541,64.0,64.0
2026-06-11 08:52:46.514,1781160766514301000,296.799,64.0,64.0
2026-06-11 08:52:47.519,1781160767519339000,90.118,64.0,64.0
2026-06-11 08:52:48.521,1781160768521209000,269.581,64.0,64.0
2026-06-11 08:52:49.526,1781160769526158000,235.094,64.0,64.0
2026-06-11 08:52:50.531,1781160770531418000,26.397,64.0,64.0
2026-06-11 08:52:51.536,1781160771536444000,102.199,64.0,64.0
2026-06-11 08:52:52.541,1781160772541393000,760.55,64.0,64.0
2026-06-11 08:52:53.544,1781160773544562000,3.311,64.0,64.0
2026-06-11 08:52:54.549,1781160774549667000,30.27,64.0,64.0
2026-06-11 08:52:55.554,1781160775554665000,12.326,64.0,64.0
2026-06-11 08:52:56.559,1781160776559513000,3.167,64.0,64.0
2026-06-11 08:52:57.564,1781160777564724000,24.406,64.0,64.0
2026-06-11 08:52:58.569,1781160778569793000,3.236,64.0,64.0
2026-06-11 08:52:59.574,1781160779574774000,3.21,64.0,64.0
2026-06-11 08:53:00.578,1781160780578657000,3.29,64.0,64.0
2026-06-11 08:53:01.583,1781160781583611000,3.237,64.0,64.0
2026-06-11 08:53:02.588,1781160782588854000,5.021,64.0,64.0
2026-06-11 08:53:03.590,1781160783590625000,2.077,64.0,64.0
2026-06-11 08:53:04.595,1781160784595803000,153.039,64.0,64.0
2026-06-11 08:53:05.600,1781160785600777000,147.558,64.0,64.0
2026-06-11 08:53:06.605,1781160786605835000,22.6,64.0,64.0
2026-06-11 08:53:07.607,1781160787607789000,269.276,64.0,64.0
2026-06-11 08:53:08.612,1781160788612696000,13.572,64.0,64.0
2026-06-11 08:53:09.617,1781160789617930000,565.341,64.0,64.0
2026-06-11 08:53:10.622,1781160790623026000,281.142,64.0,64.0
2026-06-11 08:53:11.627,1781160791628107000,44.378,64.0,64.0
2026-06-11 08:53:12.632,1781160792633245000,377.491,64.0,64.0
2026-06-11 08:53:13.636,1781160793636568000,326.184,64.0,64.0
2026-06-11 08:53:14.641,1781160794641696000,472.657,64.0,64.0
2026-06-11 08:53:15.646,1781160795646762000,194.749,64.0,64.0
2026-06-11 08:53:16.651,1781160796651783000,251.25,64.0,64.0
2026-06-11 08:53:17.653,1781160797653538000,342.742,64.0,64.0
2026-06-11 08:53:18.658,1781160798658570000,341.346,64.0,64.0
2026-06-11 08:53:19.663,1781160799663586000,290.791,64.0,64.0
2026-06-11 08:53:20.668,1781160800668617000,162.587,64.0,64.0
2026-06-11 08:53:21.669,1781160801670228000,175.652,64.0,64.0
2026-06-11 08:53:22.675,1781160802675300000,793.529,64.0,64.0
2026-06-11 08:53:23.678,1781160803678499000,540.053,64.0,64.0
2026-06-11 08:53:24.683,1781160804683591000,705.191,64.0,64.0
2026-06-11 08:53:25.687,1781160805687718000,410.346,64.0,64.0
2026-06-11 08:53:26.692,1781160806692796000,747.147,64.0,64.0
2026-06-11 08:53:27.697,1781160807697888000,146.257,64.0,64.0
2026-06-11 08:53:28.702,1781160808702801000,416.234,64.0,64.0
2026-06-11 08:53:29.703,1781160809703348000,631.429,64.0,64.0
2026-06-11 08:53:30.704,1781160810704504000,913.657,64.0,64.0
2026-06-11 08:53:31.709,1781160811709750000,51.536,64.0,64.0
2026-06-11 08:53:32.714,1781160812714799000,423.778,64.0,64.0
2026-06-11 08:53:33.719,1781160813719867000,443.85,64.0,64.0
2026-06-11 08:53:34.719,1781160814719879000,361.842,64.0,64.0
2026-06-11 08:53:35.724,1781160815724980000,244.088,64.0,64.0
2026-06-11 08:53:36.726,1781160816727174000,227.418,64.0,64.0
2026-06-11 08:53:37.732,1781160817732195000,228.498,64.0,64.0
2026-06-11 08:53:38.737,1781160818737359000,462.001,64.0,64.0
2026-06-11 08:53:39.738,1781160819739048000,265.528,64.0,64.0
2026-06-11 08:53:40.743,1781160820744047000,383.771,64.0,64.0
2026-06-11 08:53:41.748,1781160821749218000,603.034,64.0,64.0
2026-06-11 08:53:42.754,1781160822754199000,588.918,64.0,64.0
2026-06-11 08:53:43.759,1781160823759339000,611.922,64.0,64.0
2026-06-11 08:53:44.764,1781160824764344000,915.532,64.0,64.0
2026-06-11 08:53:45.769,1781160825769328000,275.728,64.0,64.0
2026-06-11 08:53:46.774,1781160826774409000,416.031,64.0,64.0
2026-06-11 08:53:47.778,1781160827778927000,780.527,64.0,64.0
2026-06-11 08:53:48.781,1781160828781219000,480.521,64.0,64.0
2026-06-11 08:53:49.785,1781160829785479000,686.22,64.0,64.0
2026-06-11 08:53:50.790,1781160830790602000,424.813,64.0,64.0
2026-06-11 08:53:51.795,1781160831795624000,747.818,64.0,64.0
2026-06-11 08:53:52.798,1781160832798678000,344.144,64.0,64.0
2026-06-11 08:53:53.803,1781160833803772000,395.678,64.0,64.0
2026-06-11 08:53:54.808,1781160834808798000,3.305,64.0,64.0
2026-06-11 08:53:55.813,1781160835813862000,,,
2026-06-11 08:53:56.824,1781160836824526000,,,
2026-06-11 08:53:57.837,1781160837837519000,,,
2026-06-11 08:53:58.848,1781160838848225000,,,
2026-06-11 08:53:59.860,1781160839861105000,,,
2026-06-11 08:54:00.870,1781160840870937000,668.237,64.0,64.0
2026-06-11 08:54:01.875,1781160841875993000,,,
2026-06-11 08:54:02.886,1781160842886391000,127.641,64.0,64.0
2026-06-11 08:54:03.886,1781160843886535000,900.666,64.0,64.0
2026-06-11 08:54:04.887,1781160844887738000,441.461,64.0,64.0
2026-06-11 08:54:05.891,1781160845891537000,916.555,64.0,64.0
2026-06-11 08:54:06.893,1781160846893449000,2.71,64.0,64.0
2026-06-11 08:54:07.898,1781160847898536000,810.601,64.0,64.0
2026-06-11 08:54:08.899,1781160848899998000,34.137,64.0,64.0
2026-06-11 08:54:09.902,1781160849902906000,,,
2026-06-11 08:54:10.920,1781160850920292000,134.885,64.0,64.0
2026-06-11 08:54:11.925,1781160851925462000,516.525,64.0,64.0
2026-06-11 08:54:12.930,1781160852930415000,,,
2026-06-11 08:54:13.938,1781160853939130000,565.534,64.0,64.0
2026-06-11 08:54:14.943,1781160854943361000,,,
2026-06-11 08:54:15.953,1781160855953445000,863.998,64.0,64.0
2026-06-11 08:54:16.958,1781160856958685000,276.173,64.0,64.0
2026-06-11 08:54:17.963,1781160857963238000,774.205,64.0,64.0
2026-06-11 08:54:18.968,1781160858968266000,493.374,64.0,64.0
2026-06-11 08:54:19.973,1781160859973338000,758.079,64.0,64.0
2026-06-11 08:54:20.978,1781160860978365000,452.447,64.0,64.0
2026-06-11 08:54:21.983,1781160861983402000,510.917,64.0,64.0
2026-06-11 08:54:22.988,1781160862988435000,225.915,64.0,64.0
2026-06-11 08:54:23.993,1781160863993492000,251.34,64.0,64.0
2026-06-11 08:54:24.998,1781160864998734000,283.328,64.0,64.0
2026-06-11 08:54:26.000,1781160866000831000,158.167,64.0,64.0
2026-06-11 08:54:27.005,1781160867006163000,812.229,64.0,64.0
2026-06-11 08:54:28.010,1781160868011066000,383.558,64.0,64.0
2026-06-11 08:54:29.015,1781160869016176000,431.307,64.0,64.0
2026-06-11 08:54:30.021,1781160870021265000,13.083,64.0,64.0
2026-06-11 08:54:31.026,1781160871026201000,244.554,64.0,64.0
2026-06-11 08:54:32.026,1781160872026476000,451.094,64.0,64.0
2026-06-11 08:54:33.031,1781160873031782000,599.651,64.0,64.0
2026-06-11 08:54:34.036,1781160874036789000,9.696,64.0,64.0
2026-06-11 08:54:35.041,1781160875041878000,583.169,64.0,64.0
2026-06-11 08:54:36.046,1781160876046954000,680.197,64.0,64.0
2026-06-11 08:54:37.051,1781160877052058000,187.833,64.0,64.0
2026-06-11 08:54:38.056,1781160878057233000,574.117,64.0,64.0
2026-06-11 08:54:39.062,1781160879062263000,298.982,64.0,64.0
2026-06-11 08:54:40.067,1781160880067392000,901.821,64.0,64.0
2026-06-11 08:54:41.067,1781160881068081000,392.583,64.0,64.0
2026-06-11 08:54:42.072,1781160882073218000,273.346,64.0,64.0
2026-06-11 08:54:43.078,1781160883078245000,,,
2026-06-11 08:54:44.085,1781160884086035000,491.931,64.0,64.0
2026-06-11 08:54:45.090,1781160885091085000,416.471,64.0,64.0
2026-06-11 08:54:46.095,1781160886096048000,156.037,64.0,64.0
2026-06-11 08:54:47.097,1781160887097895000,645.836,64.0,64.0
2026-06-11 08:54:48.102,1781160888102930000,581.112,64.0,64.0
2026-06-11 08:54:49.107,1781160889107993000,687.002,64.0,64.0
2026-06-11 08:54:50.110,1781160890110708000,154.787,64.0,64.0
2026-06-11 08:54:51.115,1781160891115802000,95.233,64.0,64.0
2026-06-11 08:54:52.120,1781160892120993000,186.28,64.0,64.0
2026-06-11 08:54:53.121,1781160893121234000,146.678,64.0,64.0
2026-06-11 08:54:54.122,1781160894122353000,128.103,64.0,64.0
2026-06-11 08:54:55.127,1781160895127460000,168.135,64.0,64.0
2026-06-11 08:54:56.132,1781160896132522000,307.653,64.0,64.0
2026-06-11 08:54:57.137,1781160897137664000,135.225,64.0,64.0
2026-06-11 08:54:58.142,1781160898142782000,151.87,64.0,64.0
2026-06-11 08:54:59.147,1781160899147826000,540.033,64.0,64.0
2026-06-11 08:55:00.151,1781160900151278000,493.653,64.0,64.0
2026-06-11 08:55:01.154,1781160901155184000,264.696,64.0,64.0
2026-06-11 08:55:02.160,1781160902160294000,132.025,64.0,64.0
2026-06-11 08:55:03.165,1781160903165354000,255.895,64.0,64.0
2026-06-11 08:55:04.170,1781160904170403000,262.948,64.0,64.0
2026-06-11 08:55:05.175,1781160905175481000,3.344,64.0,64.0
2026-06-11 08:55:06.180,1781160906180626000,38.895,64.0,64.0
2026-06-11 08:55:07.185,1781160907185645000,83.589,64.0,64.0
2026-06-11 08:55:08.190,1781160908190348000,140.021,64.0,64.0
2026-06-11 08:55:09.195,1781160909195561000,471.86,64.0,64.0
2026-06-11 08:55:10.200,1781160910200592000,190.593,64.0,64.0
2026-06-11 08:55:11.201,1781160911201926000,32.35,64.0,64.0
2026-06-11 08:55:12.204,1781160912204964000,495.077,64.0,64.0
2026-06-11 08:55:13.209,1781160913209330000,252.9,64.0,64.0
2026-06-11 08:55:14.214,1781160914214394000,165.447,64.0,64.0
2026-06-11 08:55:15.219,1781160915219496000,343.092,64.0,64.0
2026-06-11 08:55:16.224,1781160916224526000,166.04,64.0,64.0
2026-06-11 08:55:17.229,1781160917229638000,133.852,64.0,64.0
2026-06-11 08:55:18.234,1781160918234320000,315.871,64.0,64.0
2026-06-11 08:55:19.235,1781160919235373000,243.77,64.0,64.0
2026-06-11 08:55:20.238,1781160920238442000,45.858,64.0,64.0
2026-06-11 08:55:21.243,1781160921243532000,351.582,64.0,64.0
2026-06-11 08:55:22.248,1781160922248597000,164.34,64.0,64.0
2026-06-11 08:55:23.253,1781160923253630000,498.575,64.0,64.0
2026-06-11 08:55:24.258,1781160924258746000,217.379,64.0,64.0
2026-06-11 08:55:25.263,1781160925263748000,231.104,64.0,64.0
2026-06-11 08:55:26.268,1781160926268588000,161.288,64.0,64.0
2026-06-11 08:55:27.273,1781160927273572000,347.804,64.0,64.0
2026-06-11 08:55:28.278,1781160928278677000,364.251,64.0,64.0
2026-06-11 08:55:29.283,1781160929283747000,489.912,64.0,64.0
2026-06-11 08:55:30.284,1781160930285127000,641.624,64.0,64.0
2026-06-11 08:55:31.290,1781160931290272000,346.396,64.0,64.0
2026-06-11 08:55:32.292,1781160932292278000,133.13,64.0,64.0
2026-06-11 08:55:33.297,1781160933297380000,214.247,64.0,64.0
2026-06-11 08:55:34.302,1781160934302454000,183.255,64.0,64.0
2026-06-11 08:55:35.307,1781160935307523000,332.882,64.0,64.0
2026-06-11 08:55:36.307,1781160936307758000,284.414,64.0,64.0
2026-06-11 08:55:37.312,1781160937312799000,511.997,64.0,64.0
2026-06-11 08:55:38.317,1781160938317849000,96.262,64.0,64.0
2026-06-11 08:55:39.321,1781160939321585000,216.73,64.0,64.0
2026-06-11 08:55:40.326,1781160940326648000,449.061,64.0,64.0
2026-06-11 08:55:41.331,1781160941331727000,302.724,64.0,64.0
2026-06-11 08:55:42.332,1781160942332635000,651.709,64.0,64.0
2026-06-11 08:55:43.337,1781160943337742000,711.773,64.0,64.0
2026-06-11 08:55:44.342,1781160944342645000,417.703,64.0,64.0
2026-06-11 08:55:45.347,1781160945347896000,268.948,64.0,64.0
2026-06-11 08:55:46.352,1781160946352996000,35.025,64.0,64.0
2026-06-11 08:55:47.357,1781160947358058000,721.574,64.0,64.0
2026-06-11 08:55:48.362,1781160948363140000,3.869,64.0,64.0
2026-06-11 08:55:49.367,1781160949368202000,499.063,64.0,64.0
2026-06-11 08:55:50.373,1781160950373289000,243.378,64.0,64.0
2026-06-11 08:55:51.378,1781160951378479000,621.194,64.0,64.0
2026-06-11 08:55:52.383,1781160952383524000,745.841,64.0,64.0
2026-06-11 08:55:53.388,1781160953388600000,3.509,64.0,64.0
2026-06-11 08:55:54.393,1781160954393685000,102.871,64.0,64.0
2026-06-11 08:55:55.398,1781160955398774000,289.567,64.0,64.0
2026-06-11 08:55:56.403,1781160956403865000,138.442,64.0,64.0
2026-06-11 08:55:57.408,1781160957409011000,392.857,64.0,64.0
2026-06-11 08:55:58.413,1781160958414135000,40.012,64.0,64.0
2026-06-11 08:55:59.418,1781160959418637000,576.723,64.0,64.0
2026-06-11 08:56:00.423,1781160960423677000,267.901,64.0,64.0
2026-06-11 08:56:01.426,1781160961426604000,327.212,64.0,64.0
2026-06-11 08:56:02.431,1781160962431634000,477.883,64.0,64.0
2026-06-11 08:56:03.436,1781160963436725000,315.57,64.0,64.0
2026-06-11 08:56:04.441,1781160964441695000,674.792,64.0,64.0
2026-06-11 08:56:05.442,1781160965443021000,91.908,64.0,64.0
2026-06-11 08:56:06.447,1781160966448090000,428.941,64.0,64.0
2026-06-11 08:56:07.452,1781160967453142000,233.696,64.0,64.0
2026-06-11 08:56:08.458,1781160968458243000,257.348,64.0,64.0
2026-06-11 08:56:09.463,1781160969463277000,340.874,64.0,64.0
2026-06-11 08:56:10.468,1781160970468513000,522.762,64.0,64.0
2026-06-11 08:56:11.473,1781160971473564000,97.223,64.0,64.0
2026-06-11 08:56:12.475,1781160972475375000,112.84,64.0,64.0
2026-06-11 08:56:13.480,1781160973480464000,518.492,64.0,64.0
2026-06-11 08:56:14.485,1781160974485479000,566.108,64.0,64.0
2026-06-11 08:56:15.490,1781160975490586000,285.416,64.0,64.0
2026-06-11 08:56:16.495,1781160976495649000,118.247,64.0,64.0
2026-06-11 08:56:17.498,1781160977498329000,453.448,64.0,64.0
2026-06-11 08:56:18.503,1781160978503394000,185.828,64.0,64.0
2026-06-11 08:56:19.503,1781160979504108000,438.556,64.0,64.0
2026-06-11 08:56:20.504,1781160980504313000,357.558,64.0,64.0
2026-06-11 08:56:21.508,1781160981508652000,276.74,64.0,64.0
2026-06-11 08:56:22.513,1781160982513788000,468.379,64.0,64.0
2026-06-11 08:56:23.518,1781160983518814000,304.104,64.0,64.0
2026-06-11 08:56:24.519,1781160984519218000,764.241,64.0,64.0
2026-06-11 08:56:25.524,1781160985524355000,412.844,64.0,64.0
2026-06-11 08:56:26.529,1781160986529271000,504.579,64.0,64.0
2026-06-11 08:56:27.530,1781160987530547000,141.123,64.0,64.0
2026-06-11 08:56:28.535,1781160988535577000,407.446,64.0,64.0
2026-06-11 08:56:29.540,1781160989540624000,108.892,64.0,64.0
2026-06-11 08:56:30.541,1781160990541562000,111.871,64.0,64.0
2026-06-11 08:56:31.546,1781160991546780000,274.557,64.0,64.0
2026-06-11 08:56:32.550,1781160992551099000,607.343,64.0,64.0
2026-06-11 08:56:33.555,1781160993556134000,392.889,64.0,64.0
2026-06-11 08:56:34.560,1781160994561156000,597.183,64.0,64.0
2026-06-11 08:56:35.566,1781160995566242000,771.403,64.0,64.0
2026-06-11 08:56:36.571,1781160996571385000,268.83,64.0,64.0
2026-06-11 08:56:37.576,1781160997576432000,359.349,64.0,64.0
2026-06-11 08:56:38.577,1781160998577673000,37.848,64.0,64.0
2026-06-11 08:56:39.582,1781160999582772000,481.251,64.0,64.0
2026-06-11 08:56:40.584,1781161000584475000,140.518,64.0,64.0
2026-06-11 08:56:41.589,1781161001589406000,434.887,64.0,64.0
2026-06-11 08:56:42.594,1781161002594553000,218.223,64.0,64.0
2026-06-11 08:56:43.599,1781161003599620000,544.069,64.0,64.0
2026-06-11 08:56:44.604,1781161004604733000,145.163,64.0,64.0
2026-06-11 08:56:45.609,1781161005609818000,293.5,64.0,64.0
2026-06-11 08:56:46.614,1781161006614859000,183.501,64.0,64.0
2026-06-11 08:56:47.617,1781161007617611000,420.195,64.0,64.0
2026-06-11 08:56:48.622,1781161008622694000,609.36,64.0,64.0
2026-06-11 08:56:49.627,1781161009627691000,889.724,64.0,64.0
2026-06-11 08:56:50.632,1781161010632699000,35.257,64.0,64.0
2026-06-11 08:56:51.637,1781161011637733000,373.503,64.0,64.0
2026-06-11 08:56:52.641,1781161012641399000,293.1,64.0,64.0
2026-06-11 08:56:53.646,1781161013646398000,5.0,64.0,64.0
2026-06-11 08:56:54.651,1781161014652050000,699.728,64.0,64.0
2026-06-11 08:56:55.653,1781161015653969000,821.297,64.0,64.0
2026-06-11 08:56:56.657,1781161016658146000,106.443,64.0,64.0
2026-06-11 08:56:57.662,1781161017663272000,265.191,64.0,64.0
2026-06-11 08:56:58.667,1781161018667353000,61.014,64.0,64.0
2026-06-11 08:56:59.672,1781161019672497000,509.962,64.0,64.0
2026-06-11 08:57:00.677,1781161020677594000,158.16,64.0,64.0
2026-06-11 08:57:01.682,1781161021682696000,44.568,64.0,64.0
2026-06-11 08:57:02.687,1781161022687744000,366.25,64.0,64.0
2026-06-11 08:57:03.692,1781161023692840000,335.936,64.0,64.0
2026-06-11 08:57:04.697,1781161024697923000,262.761,64.0,64.0
2026-06-11 08:57:05.702,1781161025702960000,190.509,64.0,64.0
2026-06-11 08:57:06.707,1781161026708074000,85.685,64.0,64.0
2026-06-11 08:57:07.712,1781161027713192000,128.122,64.0,64.0
2026-06-11 08:57:08.718,1781161028718288000,,,
2026-06-11 08:57:09.731,1781161029731728000,341.627,64.0,64.0
2026-06-11 08:57:10.736,1781161030736915000,68.23,64.0,64.0
2026-06-11 08:57:11.741,1781161031742041000,238.892,64.0,64.0
2026-06-11 08:57:12.746,1781161032747150000,736.156,64.0,64.0
2026-06-11 08:57:13.751,1781161033752205000,417.126,64.0,64.0
2026-06-11 08:57:14.757,1781161034757327000,259.595,64.0,64.0
2026-06-11 08:57:15.762,1781161035762380000,218.589,64.0,64.0
2026-06-11 08:57:16.767,1781161036767484000,436.304,64.0,64.0
2026-06-11 08:57:17.772,1781161037772495000,563.183,64.0,64.0
2026-06-11 08:57:18.777,1781161038777604000,123.097,64.0,64.0
2026-06-11 08:57:19.782,1781161039782716000,279.584,64.0,64.0
2026-06-11 08:57:20.782,1781161040783062000,350.629,64.0,64.0
2026-06-11 08:57:21.787,1781161041788268000,544.502,64.0,64.0
2026-06-11 08:57:22.793,1781161042793316000,418.048,64.0,64.0
2026-06-11 08:57:23.798,1781161043798404000,386.928,64.0,64.0
2026-06-11 08:57:24.800,1781161044801062000,196.369,64.0,64.0
2026-06-11 08:57:25.805,1781161045806168000,257.605,64.0,64.0
2026-06-11 08:57:26.810,1781161046811168000,362.429,64.0,64.0
2026-06-11 08:57:27.816,1781161047816252000,470.325,64.0,64.0
2026-06-11 08:57:28.817,1781161048817472000,760.756,64.0,64.0
2026-06-11 08:57:29.822,1781161049822544000,4.135,64.0,64.0
2026-06-11 08:57:30.826,1781161050826590000,160.981,64.0,64.0
2026-06-11 08:57:31.831,1781161051831603000,255.37,64.0,64.0
2026-06-11 08:57:32.836,1781161052836723000,79.464,64.0,64.0
2026-06-11 08:57:33.840,1781161053841033000,399.686,64.0,64.0
2026-06-11 08:57:34.845,1781161054846106000,693.7,64.0,64.0
2026-06-11 08:57:35.849,1781161055849414000,890.444,64.0,64.0
2026-06-11 08:57:36.850,1781161056850835000,279.725,64.0,64.0
2026-06-11 08:57:37.855,1781161057856026000,407.458,64.0,64.0
2026-06-11 08:57:38.858,1781161058859131000,187.095,64.0,64.0
2026-06-11 08:57:39.863,1781161059864239000,519.768,64.0,64.0
2026-06-11 08:57:40.869,1781161060869357000,468.364,64.0,64.0
2026-06-11 08:57:41.874,1781161061874487000,464.658,64.0,64.0
2026-06-11 08:57:42.874,1781161062874985000,746.018,64.0,64.0
2026-06-11 08:57:43.874,1781161063875221000,,,
2026-06-11 08:57:44.889,1781161064889154000,444.635,64.0,64.0
2026-06-11 08:57:45.894,1781161065894284000,48.29,64.0,64.0
2026-06-11 08:57:46.897,1781161066897980000,431.584,64.0,64.0
2026-06-11 08:57:47.902,1781161067903144000,354.962,64.0,64.0
2026-06-11 08:57:48.905,1781161068905979000,335.157,64.0,64.0
2026-06-11 08:57:49.910,1781161069911053000,145.757,64.0,64.0
2026-06-11 08:57:50.915,1781161070916140000,242.547,64.0,64.0
2026-06-11 08:57:51.919,1781161071919820000,446.656,64.0,64.0
2026-06-11 08:57:52.924,1781161072924917000,637.984,64.0,64.0
2026-06-11 08:57:53.926,1781161073926276000,4.136,64.0,64.0
2026-06-11 08:57:54.931,1781161074931469000,443.652,64.0,64.0
2026-06-11 08:57:55.936,1781161075936496000,329.361,64.0,64.0
2026-06-11 08:57:56.940,1781161076940674000,443.358,64.0,64.0
2026-06-11 08:57:57.941,1781161077941977000,715.749,64.0,64.0
2026-06-11 08:57:58.944,1781161078944350000,352.245,64.0,64.0
2026-06-11 08:57:59.944,1781161079944841000,664.736,64.0,64.0
2026-06-11 08:58:00.949,1781161080949475000,457.627,64.0,64.0
2026-06-11 08:58:01.949,1781161081949976000,3.717,64.0,64.0
2026-06-11 08:58:02.951,1781161082951879000,111.624,64.0,64.0
2026-06-11 08:58:03.961,1781161083961732000,94.195,64.0,64.0
2026-06-11 08:58:04.967,1781161084967671000,64.933,64.0,64.0
2026-06-11 08:58:05.972,1781161085972460000,2.737,64.0,64.0
2026-06-11 08:58:06.977,1781161086977507000,264.782,64.0,64.0
2026-06-11 08:58:07.979,1781161087979200000,32.79,64.0,64.0
2026-06-11 08:58:08.984,1781161088984229000,52.105,64.0,64.0
2026-06-11 08:58:09.989,1781161089989269000,43.259,64.0,64.0
2026-06-11 08:58:10.991,1781161090991784000,63.557,64.0,64.0
2026-06-11 08:58:11.996,1781161091996844000,121.206,64.0,64.0
2026-06-11 08:58:13.001,1781161093001862000,602.904,64.0,64.0
2026-06-11 08:58:14.006,1781161094006867000,485.503,64.0,64.0
2026-06-11 08:58:15.011,1781161095011843000,113.191,64.0,64.0
2026-06-11 08:58:16.016,1781161096016688000,155.755,64.0,64.0
2026-06-11 08:58:17.021,1781161097021821000,447.565,64.0,64.0
2026-06-11 08:58:18.026,1781161098026745000,448.685,64.0,64.0
2026-06-11 08:58:19.026,1781161099026782000,445.724,64.0,64.0
2026-06-11 08:58:20.031,1781161100032059000,736.178,64.0,64.0
2026-06-11 08:58:21.033,1781161101033291000,710.047,64.0,64.0
2026-06-11 08:58:22.035,1781161102035974000,2.793,64.0,64.0
2026-06-11 08:58:23.040,1781161103040885000,216.291,64.0,64.0
2026-06-11 08:58:24.045,1781161104046173000,58.466,64.0,64.0
2026-06-11 08:58:25.049,1781161105049719000,261.412,64.0,64.0
2026-06-11 08:58:26.050,1781161106050697000,356.318,64.0,64.0
2026-06-11 08:58:27.050,1781161107050955000,262.32,64.0,64.0
2026-06-11 08:58:28.055,1781161108055897000,123.32,64.0,64.0
2026-06-11 08:58:29.056,1781161109056644000,337.535,64.0,64.0
2026-06-11 08:58:30.057,1781161110057637000,113.331,64.0,64.0
2026-06-11 08:58:31.060,1781161111061059000,438.022,64.0,64.0
2026-06-11 08:58:32.065,1781161112065752000,288.644,64.0,64.0
2026-06-11 08:58:33.065,1781161113066000000,275.113,64.0,64.0
2026-06-11 08:58:34.068,1781161114069060000,358.393,64.0,64.0
2026-06-11 08:58:35.073,1781161115074131000,411.075,64.0,64.0
2026-06-11 08:58:36.079,1781161116079250000,148.139,64.0,64.0
2026-06-11 08:58:37.084,1781161117084317000,350.536,64.0,64.0
2026-06-11 08:58:38.089,1781161118089207000,437.482,64.0,64.0
2026-06-11 08:58:39.090,1781161119090296000,29.026,64.0,64.0
2026-06-11 08:58:40.095,1781161120095418000,416.25,64.0,64.0
2026-06-11 08:58:41.100,1781161121100504000,331.369,64.0,64.0
2026-06-11 08:58:42.105,1781161122105544000,3.614,64.0,64.0
2026-06-11 08:58:43.110,1781161123110464000,772.809,64.0,64.0
2026-06-11 08:58:44.112,1781161124112806000,488.034,64.0,64.0
2026-06-11 08:58:45.117,1781161125117853000,139.876,64.0,64.0
2026-06-11 08:58:46.122,1781161126122966000,261.893,64.0,64.0
2026-06-11 08:58:47.123,1781161127123556000,300.51,64.0,64.0
2026-06-11 08:58:48.128,1781161128128441000,702.723,64.0,64.0
2026-06-11 08:58:49.133,1781161129133671000,99.442,64.0,64.0
2026-06-11 08:58:50.136,1781161130136877000,377.576,64.0,64.0
2026-06-11 08:58:51.141,1781161131141988000,144.079,64.0,64.0
2026-06-11 08:58:52.146,1781161132147018000,271.822,64.0,64.0
2026-06-11 08:58:53.148,1781161133148255000,550.026,64.0,64.0
2026-06-11 08:58:54.151,1781161134151964000,207.132,64.0,64.0
2026-06-11 08:58:55.156,1781161135156977000,373.912,64.0,64.0
2026-06-11 08:58:56.161,1781161136162023000,410.887,64.0,64.0
2026-06-11 08:58:57.166,1781161137167070000,517.024,64.0,64.0
2026-06-11 08:58:58.172,1781161138172210000,182.245,64.0,64.0
2026-06-11 08:58:59.177,1781161139177395000,261.36,64.0,64.0
2026-06-11 08:59:00.182,1781161140182561000,47.185,64.0,64.0
2026-06-11 08:59:01.187,1781161141187656000,264.444,64.0,64.0
2026-06-11 08:59:02.189,1781161142189985000,27.139,64.0,64.0
2026-06-11 08:59:03.191,1781161143191342000,435.982,64.0,64.0
2026-06-11 08:59:04.192,1781161144192799000,614.007,64.0,64.0
2026-06-11 08:59:05.196,1781161145196976000,472.521,64.0,64.0
2026-06-11 08:59:06.201,1781161146202037000,176.506,64.0,64.0
2026-06-11 08:59:07.206,1781161147207095000,78.104,64.0,64.0
2026-06-11 08:59:08.211,1781161148212243000,31.625,64.0,64.0
2026-06-11 08:59:09.217,1781161149217288000,362.077,64.0,64.0
2026-06-11 08:59:10.222,1781161150222416000,139.965,64.0,64.0
2026-06-11 08:59:11.225,1781161151226149000,434.338,64.0,64.0
2026-06-11 08:59:12.226,1781161152227181000,551.044,64.0,64.0
2026-06-11 08:59:13.231,1781161153232162000,188.887,64.0,64.0
2026-06-11 08:59:14.236,1781161154237129000,276.091,64.0,64.0
2026-06-11 08:59:15.237,1781161155237360000,,,
2026-06-11 08:59:16.248,1781161156248722000,,,
2026-06-11 08:59:17.263,1781161157263216000,,,
2026-06-11 08:59:18.275,1781161158275178000,396.95,64.0,64.0
2026-06-11 08:59:19.276,1781161159276933000,,,
2026-06-11 08:59:20.288,1781161160288685000,,,
2026-06-11 08:59:21.298,1781161161299060000,,,
2026-06-11 08:59:22.309,1781161162309614000,921.275,64.0,64.0
2026-06-11 08:59:23.314,1781161163314831000,636.98,64.0,64.0
2026-06-11 08:59:24.319,1781161164319850000,,,
2026-06-11 08:59:25.339,1781161165339366000,,,
2026-06-11 08:59:26.351,1781161166352119000,,,
2026-06-11 08:59:27.363,1781161167363584000,297.833,64.0,64.0
2026-06-11 08:59:28.363,1781161168364013000,355.434,64.0,64.0
2026-06-11 08:59:29.368,1781161169369096000,976.866,64.0,64.0
2026-06-11 08:59:30.372,1781161170372475000,904.764,64.0,64.0
2026-06-11 08:59:31.375,1781161171375542000,225.169,64.0,64.0
2026-06-11 08:59:32.380,1781161172380610000,900.754,64.0,64.0
2026-06-11 08:59:33.380,1781161173380643000,315.875,64.0,64.0
2026-06-11 08:59:34.385,1781161174385596000,374.818,64.0,64.0
2026-06-11 08:59:35.386,1781161175386759000,385.43,64.0,64.0
2026-06-11 08:59:36.391,1781161176391760000,170.999,64.0,64.0
2026-06-11 08:59:37.396,1781161177396917000,,,
2026-06-11 08:59:38.411,1781161178411848000,242.11,64.0,64.0
2026-06-11 08:59:39.416,1781161179416916000,598.209,64.0,64.0
2026-06-11 08:59:40.421,1781161180422119000,207.423,64.0,64.0
2026-06-11 08:59:41.425,1781161181425297000,367.677,64.0,64.0
2026-06-11 08:59:42.430,1781161182430283000,25.651,64.0,64.0
2026-06-11 08:59:43.435,1781161183435273000,,,
2026-06-11 08:59:44.447,1781161184447387000,171.714,64.0,64.0
2026-06-11 08:59:45.452,1781161185452490000,927.567,64.0,64.0
2026-06-11 08:59:46.456,1781161186456891000,7.771,64.0,64.0
2026-06-11 08:59:47.461,1781161187461900000,455.163,64.0,64.0
2026-06-11 08:59:48.461,1781161188462039000,815.935,64.0,64.0
2026-06-11 08:59:49.467,1781161189467200000,48.349,64.0,64.0
2026-06-11 08:59:50.471,1781161190472084000,316.043,64.0,64.0
2026-06-11 08:59:51.476,1781161191477269000,759.975,64.0,64.0
2026-06-11 08:59:52.482,1781161192482296000,649.955,64.0,64.0
2026-06-11 08:59:53.487,1781161193487382000,672.419,64.0,64.0
2026-06-11 08:59:54.489,1781161194490215000,,,
2026-06-11 08:59:55.504,1781161195505018000,,,
2026-06-11 08:59:56.515,1781161196515748000,176.567,64.0,64.0
2026-06-11 08:59:57.520,1781161197520814000,432.833,64.0,64.0
2026-06-11 08:59:58.525,1781161198526069000,,,
2026-06-11 08:59:59.538,1781161199538169000,144.873,64.0,64.0
2026-06-11 09:00:00.538,1781161200538464000,383.046,64.0,64.0
2026-06-11 09:00:01.543,1781161201543583000,118.823,64.0,64.0
2026-06-11 09:00:02.548,1781161202548732000,175.053,64.0,64.0
2026-06-11 09:00:03.553,1781161203553736000,110.648,64.0,64.0
2026-06-11 09:00:04.558,1781161204558911000,16.291,64.0,64.0
2026-06-11 09:00:05.563,1781161205563981000,521.084,64.0,64.0
2026-06-11 09:00:06.568,1781161206569122000,838.286,64.0,64.0
2026-06-11 09:00:07.573,1781161207574208000,101.867,64.0,64.0
2026-06-11 09:00:08.579,1781161208579253000,411.902,64.0,64.0
2026-06-11 09:00:09.584,1781161209584309000,537.624,64.0,64.0
2026-06-11 09:00:10.589,1781161210589385000,207.291,64.0,64.0
2026-06-11 09:00:11.594,1781161211594441000,,,
2026-06-11 09:00:12.606,1781161212606765000,691.316,64.0,64.0
2026-06-11 09:00:13.611,1781161213611847000,295.644,64.0,64.0
2026-06-11 09:00:14.616,1781161214617143000,576.691,64.0,64.0
2026-06-11 09:00:15.622,1781161215622316000,545.53,64.0,64.0
2026-06-11 09:00:16.625,1781161216625910000,562.393,64.0,64.0
2026-06-11 09:00:17.630,1781161217630937000,859.192,64.0,64.0
2026-06-11 09:00:18.635,1781161218636043000,701.659,64.0,64.0
2026-06-11 09:00:19.639,1781161219639543000,441.53,64.0,64.0
2026-06-11 09:00:20.644,1781161220644628000,145.664,64.0,64.0
2026-06-11 09:00:21.646,1781161221646654000,342.982,64.0,64.0
2026-06-11 09:00:22.650,1781161222650722000,729.968,64.0,64.0
2026-06-11 09:00:23.652,1781161223653217000,361.14,64.0,64.0
2026-06-11 09:00:24.658,1781161224658292000,382.521,64.0,64.0
2026-06-11 09:00:25.663,1781161225663414000,202.253,64.0,64.0
2026-06-11 09:00:26.664,1781161226664692000,320.197,64.0,64.0
2026-06-11 09:00:27.669,1781161227669840000,3.842,64.0,64.0
2026-06-11 09:00:28.674,1781161228674989000,426.552,64.0,64.0
2026-06-11 09:00:29.679,1781161229680105000,230.218,64.0,64.0
2026-06-11 09:00:30.681,1781161230681497000,519.58,64.0,64.0
2026-06-11 09:00:31.686,1781161231686674000,496.674,64.0,64.0
2026-06-11 09:00:32.688,1781161232688713000,636.78,64.0,64.0
2026-06-11 09:00:33.688,1781161233688788000,136.49,64.0,64.0
2026-06-11 09:00:34.693,1781161234693880000,349.151,64.0,64.0
2026-06-11 09:00:35.698,1781161235698777000,508.449,64.0,64.0
2026-06-11 09:00:36.698,1781161236698965000,170.044,64.0,64.0
2026-06-11 09:00:37.703,1781161237704054000,261.663,64.0,64.0
2026-06-11 09:00:38.705,1781161238705203000,318.837,64.0,64.0
2026-06-11 09:00:39.710,1781161239710228000,337.842,64.0,64.0
2026-06-11 09:00:40.710,1781161240710802000,212.834,64.0,64.0
2026-06-11 09:00:41.715,1781161241715926000,315.173,64.0,64.0
2026-06-11 09:00:42.720,1781161242720845000,417.957,64.0,64.0
2026-06-11 09:00:43.725,1781161243725904000,516.316,64.0,64.0
2026-06-11 09:00:44.730,1781161244731147000,298.689,64.0,64.0
2026-06-11 09:00:45.735,1781161245736262000,197.245,64.0,64.0
2026-06-11 09:00:46.741,1781161246741407000,3.426,64.0,64.0
2026-06-11 09:00:47.746,1781161247746474000,296.383,64.0,64.0
2026-06-11 09:00:48.751,1781161248751587000,411.373,64.0,64.0
2026-06-11 09:00:49.754,1781161249754524000,712.877,64.0,64.0
2026-06-11 09:00:50.759,1781161250759584000,39.869,64.0,64.0
2026-06-11 09:00:51.764,1781161251764674000,458.191,64.0,64.0
2026-06-11 09:00:52.769,1781161252769814000,620.683,64.0,64.0
2026-06-11 09:00:53.774,1781161253774902000,300.675,64.0,64.0
2026-06-11 09:00:54.779,1781161254779932000,78.592,64.0,64.0
2026-06-11 09:00:55.784,1781161255785173000,231.509,64.0,64.0
2026-06-11 09:00:56.789,1781161256790180000,228.292,64.0,64.0
2026-06-11 09:00:57.795,1781161257795293000,151.822,64.0,64.0
2026-06-11 09:00:58.800,1781161258800376000,517.407,64.0,64.0
2026-06-11 09:00:59.805,1781161259805463000,390.284,64.0,64.0
2026-06-11 09:01:00.810,1781161260810570000,644.613,64.0,64.0
2026-06-11 09:01:01.813,1781161261813942000,230.348,64.0,64.0
2026-06-11 09:01:02.814,1781161262814394000,408.317,64.0,64.0
2026-06-11 09:01:03.819,1781161263819534000,243.198,64.0,64.0
2026-06-11 09:01:04.824,1781161264824612000,382.772,64.0,64.0
2026-06-11 09:01:05.829,1781161265829735000,107.388,64.0,64.0
2026-06-11 09:01:06.834,1781161266834805000,326.2,64.0,64.0
2026-06-11 09:01:07.835,1781161267835503000,349.039,64.0,64.0
2026-06-11 09:01:08.840,1781161268840647000,314.026,64.0,64.0
2026-06-11 09:01:09.844,1781161269844643000,131.978,64.0,64.0
2026-06-11 09:01:10.849,1781161270849765000,215.498,64.0,64.0
2026-06-11 09:01:11.854,1781161271854742000,7.586,64.0,64.0
2026-06-11 09:01:12.855,1781161272855634000,,,
2026-06-11 09:01:13.865,1781161273865792000,,,
2026-06-11 09:01:14.877,1781161274877447000,,,
2026-06-11 09:01:15.889,1781161275889690000,538.884,64.0,64.0
2026-06-11 09:01:16.894,1781161276894812000,,,
2026-06-11 09:01:17.906,1781161277906181000,416.305,64.0,64.0
2026-06-11 09:01:18.911,1781161278911429000,106.996,64.0,64.0
2026-06-11 09:01:19.913,1781161279913746000,,,
2026-06-11 09:01:20.928,1781161280928272000,,,
2026-06-11 09:01:21.941,1781161281941804000,,,
2026-06-11 09:01:22.956,1781161282956239000,,,
2026-06-11 09:01:23.968,1781161283968168000,,,
2026-06-11 09:01:24.981,1781161284981680000,,,
2026-06-11 09:01:25.995,1781161285995401000,,,
2026-06-11 09:01:27.006,1781161287006262000,,,
2026-06-11 09:01:28.018,1781161288019059000,,,
2026-06-11 09:01:29.031,1781161289032146000,,,
2026-06-11 09:01:30.045,1781161290045250000,,,
2026-06-11 09:01:31.057,1781161291057276000,783.905,64.0,64.0
2026-06-11 09:01:32.057,1781161292057503000,,,
2026-06-11 09:01:33.070,1781161293070612000,,,
2026-06-11 09:01:34.083,1781161294083383000,,,
2026-06-11 09:01:35.094,1781161295094169000,,,
2026-06-11 09:01:36.105,1781161296105984000,2.789,64.0,64.0
2026-06-11 09:01:37.110,1781161297111202000,,,
2026-06-11 09:01:38.122,1781161298122641000,,,
2026-06-11 09:01:39.134,1781161299134925000,264.32,64.0,64.0
2026-06-11 09:01:40.139,1781161300140107000,209.158,64.0,64.0
2026-06-11 09:01:41.144,1781161301145191000,6.242,64.0,64.0
2026-06-11 09:01:42.150,1781161302150249000,,,
2026-06-11 09:01:43.159,1781161303159610000,,,
2026-06-11 09:01:44.169,1781161304169452000,,,
2026-06-11 09:01:45.181,1781161305181175000,,,
2026-06-11 09:01:46.188,1781161306189082000,,,
2026-06-11 09:01:47.198,1781161307198275000,,,
2026-06-11 09:01:48.204,1781161308204889000,967.511,64.0,64.0
2026-06-11 09:01:49.209,1781161309210114000,65.692,64.0,64.0
2026-06-11 09:01:50.215,1781161310215251000,395.202,64.0,64.0
2026-06-11 09:01:51.220,1781161311220376000,218.961,64.0,64.0
2026-06-11 09:01:52.225,1781161312225502000,,,
2026-06-11 09:01:53.238,1781161313238874000,,,
2026-06-11 09:01:54.248,1781161314249126000,,,
2026-06-11 09:01:55.260,1781161315260158000,,,
2026-06-11 09:01:56.270,1781161316270352000,,,
2026-06-11 09:01:57.280,1781161317280253000,,,
2026-06-11 09:01:58.288,1781161318288803000,,,
2026-06-11 09:01:59.298,1781161319298199000,,,
2026-06-11 09:02:00.311,1781161320311230000,165.729,64.0,64.0
2026-06-11 09:02:01.314,1781161321314668000,81.894,64.0,64.0
2026-06-11 09:02:02.319,1781161322319828000,,,
2026-06-11 09:02:03.330,1781161323330573000,,,
2026-06-11 09:02:04.342,1781161324342185000,4.164,64.0,64.0
2026-06-11 09:02:05.347,1781161325347250000,199.277,64.0,64.0
2026-06-11 09:02:06.352,1781161326352263000,,,
2026-06-11 09:02:07.363,1781161327363914000,659.812,64.0,64.0
2026-06-11 09:02:08.367,1781161328367781000,496.739,64.0,64.0
2026-06-11 09:02:09.368,1781161329369084000,,,
2026-06-11 09:02:10.381,1781161330381595000,,,
2026-06-11 09:02:11.388,1781161331388961000,,,
2026-06-11 09:02:12.399,1781161332399968000,,,
2026-06-11 09:02:13.410,1781161333410647000,,,
2026-06-11 09:02:14.421,1781161334421981000,,,
2026-06-11 09:02:15.431,1781161335432014000,,,
2026-06-11 09:02:16.442,1781161336442554000,,,
2026-06-11 09:02:17.452,1781161337452944000,,,
2026-06-11 09:02:18.464,1781161338465066000,910.756,64.0,64.0
2026-06-11 09:02:19.470,1781161339470288000,,,
2026-06-11 09:02:20.481,1781161340481428000,,,
2026-06-11 09:02:21.493,1781161341493784000,,,
2026-06-11 09:02:22.505,1781161342505543000,,,
2026-06-11 09:02:23.516,1781161343516512000,,,
2026-06-11 09:02:24.530,1781161344530549000,,,
2026-06-11 09:02:25.545,1781161345545127000,,,
2026-06-11 09:02:26.555,1781161346556083000,579.755,64.0,64.0
2026-06-11 09:02:27.561,1781161347561164000,,,
2026-06-11 09:02:28.571,1781161348571588000,688.566,64.0,64.0
2026-06-11 09:02:29.575,1781161349575266000,,,
2026-06-11 09:02:30.584,1781161350584388000,150.734,64.0,64.0
2026-06-11 09:02:31.587,1781161351587469000,,,
2026-06-11 09:02:32.597,1781161352597769000,,,
2026-06-11 09:02:33.609,1781161353609230000,,,
2026-06-11 09:02:34.618,1781161354618537000,507.848,64.0,64.0
2026-06-11 09:02:35.621,1781161355622152000,,,
2026-06-11 09:02:36.636,1781161356636168000,489.381,64.0,64.0
2026-06-11 09:02:37.637,1781161357637148000,820.445,64.0,64.0
2026-06-11 09:02:38.642,1781161358642386000,404.857,64.0,64.0
2026-06-11 09:02:39.647,1781161359647405000,66.825,64.0,64.0
2026-06-11 09:02:40.650,1781161360650426000,312.854,64.0,64.0
2026-06-11 09:02:41.654,1781161361654954000,27.067,64.0,64.0
2026-06-11 09:02:42.655,1781161362655352000,491.045,64.0,64.0
2026-06-11 09:02:43.660,1781161363660459000,215.106,64.0,64.0
2026-06-11 09:02:44.665,1781161364665446000,,,
2026-06-11 09:02:45.679,1781161365679203000,,,
2026-06-11 09:02:46.691,1781161366691771000,,,
2026-06-11 09:02:47.704,1781161367705039000,,,
2026-06-11 09:02:48.715,1781161368715242000,,,
2026-06-11 09:02:49.726,1781161369727100000,,,
2026-06-11 09:02:50.739,1781161370739864000,58.71,64.0,64.0
2026-06-11 09:02:51.744,1781161371744979000,,,
2026-06-11 09:02:52.754,1781161372754962000,130.592,64.0,64.0
2026-06-11 09:02:53.759,1781161373759998000,52.196,64.0,64.0
2026-06-11 09:02:54.764,1781161374765065000,265.103,64.0,64.0
2026-06-11 09:02:55.769,1781161375770072000,662.116,64.0,64.0
2026-06-11 09:02:56.773,1781161376773479000,525.365,64.0,64.0
2026-06-11 09:02:57.778,1781161377778595000,410.867,64.0,64.0
2026-06-11 09:02:58.783,1781161378783832000,238.514,64.0,64.0
2026-06-11 09:02:59.788,1781161379788854000,282.397,64.0,64.0
2026-06-11 09:03:00.793,1781161380793779000,374.752,64.0,64.0
2026-06-11 09:03:01.798,1781161381798528000,504.484,64.0,64.0
2026-06-11 09:03:02.803,1781161382803588000,605.838,64.0,64.0
2026-06-11 09:03:03.808,1781161383808682000,437.814,64.0,64.0
2026-06-11 09:03:04.812,1781161384812701000,30.454,64.0,64.0
2026-06-11 09:03:05.818,1781161385819273000,473.854,64.0,64.0
2026-06-11 09:03:06.820,1781161386821130000,,,
2026-06-11 09:03:07.832,1781161387832995000,114.913,64.0,64.0
2026-06-11 09:03:08.837,1781161388837817000,705.772,64.0,64.0
2026-06-11 09:03:09.839,1781161389839939000,10.243,64.0,64.0
2026-06-11 09:03:10.844,1781161390845086000,86.493,64.0,64.0
2026-06-11 09:03:11.849,1781161391850257000,585.778,64.0,64.0
2026-06-11 09:03:12.853,1781161392853403000,580.041,64.0,64.0
2026-06-11 09:03:13.855,1781161393855934000,177.003,64.0,64.0
2026-06-11 09:03:14.856,1781161394856525000,240.109,64.0,64.0
2026-06-11 09:03:15.861,1781161395861662000,220.314,64.0,64.0
2026-06-11 09:03:16.865,1781161396865464000,497.356,64.0,64.0
2026-06-11 09:03:17.870,1781161397870399000,43.477,64.0,64.0
2026-06-11 09:03:18.875,1781161398875372000,82.562,64.0,64.0
2026-06-11 09:03:19.880,1781161399880472000,151.535,64.0,64.0
2026-06-11 09:03:20.885,1781161400885499000,95.169,64.0,64.0
2026-06-11 09:03:21.890,1781161401890522000,152.009,64.0,64.0
2026-06-11 09:03:22.895,1781161402895519000,182.708,64.0,64.0
2026-06-11 09:03:23.900,1781161403900468000,116.171,64.0,64.0
2026-06-11 09:03:24.904,1781161404904245000,232.726,64.0,64.0
2026-06-11 09:03:25.909,1781161405909183000,815.61,64.0,64.0
2026-06-11 09:03:26.914,1781161406914321000,390.128,64.0,64.0
2026-06-11 09:03:27.919,1781161407919355000,709.188,64.0,64.0
2026-06-11 09:03:28.924,1781161408924575000,70.656,64.0,64.0
2026-06-11 09:03:29.927,1781161409927538000,36.953,64.0,64.0
2026-06-11 09:03:30.932,1781161410932631000,244.522,64.0,64.0
2026-06-11 09:03:31.936,1781161411936424000,217.487,64.0,64.0
2026-06-11 09:03:32.937,1781161412937414000,199.6,64.0,64.0
2026-06-11 09:03:33.939,1781161413939361000,234.293,64.0,64.0
2026-06-11 09:03:34.944,1781161414944350000,287.508,64.0,64.0
2026-06-11 09:03:35.948,1781161415948878000,329.799,64.0,64.0
2026-06-11 09:03:36.953,1781161416953903000,76.083,64.0,64.0
2026-06-11 09:03:37.953,1781161417954012000,470.589,64.0,64.0
2026-06-11 09:03:38.958,1781161418958768000,115.375,64.0,64.0
2026-06-11 09:03:39.961,1781161419961778000,326.711,64.0,64.0
2026-06-11 09:03:40.965,1781161420965520000,462.578,64.0,64.0
2026-06-11 09:03:41.970,1781161421970853000,318.885,64.0,64.0
2026-06-11 09:03:42.975,1781161422975638000,496.675,64.0,64.0
2026-06-11 09:03:43.978,1781161423978386000,194.251,64.0,64.0
2026-06-11 09:03:44.983,1781161424983376000,248.332,64.0,64.0
2026-06-11 09:03:45.988,1781161425988521000,388.591,64.0,64.0
2026-06-11 09:03:46.988,1781161426989029000,187.498,64.0,64.0
2026-06-11 09:03:47.993,1781161427993937000,267.214,64.0,64.0
2026-06-11 09:03:48.998,1781161428999035000,326.916,64.0,64.0
2026-06-11 09:03:50.005,1781161430006042000,96.876,64.0,64.0
2026-06-11 09:03:51.006,1781161431006485000,71.726,64.0,64.0
2026-06-11 09:03:52.011,1781161432011580000,211.663,64.0,64.0
2026-06-11 09:03:53.011,1781161433011726000,254.916,64.0,64.0
2026-06-11 09:03:54.016,1781161434016741000,286.906,64.0,64.0
2026-06-11 09:03:55.020,1781161435020273000,477.64,64.0,64.0
2026-06-11 09:03:56.025,1781161436025231000,285.788,64.0,64.0
2026-06-11 09:03:57.030,1781161437030273000,421.884,64.0,64.0
2026-06-11 09:03:58.035,1781161438035485000,160.589,64.0,64.0
2026-06-11 09:03:59.040,1781161439040580000,793.455,64.0,64.0
2026-06-11 09:04:00.045,1781161440045616000,460.365,64.0,64.0
2026-06-11 09:04:01.049,1781161441049509000,57.677,64.0,64.0
2026-06-11 09:04:02.053,1781161442053972000,320.57,64.0,64.0
2026-06-11 09:04:03.058,1781161443059069000,179.62,64.0,64.0
2026-06-11 09:04:04.061,1781161444062198000,287.519,64.0,64.0
2026-06-11 09:04:05.067,1781161445067323000,38.198,64.0,64.0
2026-06-11 09:04:06.072,1781161446072227000,96.604,64.0,64.0
2026-06-11 09:04:07.077,1781161447077377000,326.311,64.0,64.0
2026-06-11 09:04:08.078,1781161448078277000,240.077,64.0,64.0
2026-06-11 09:04:09.083,1781161449083369000,118.477,64.0,64.0
2026-06-11 09:04:10.084,1781161450084736000,285.697,64.0,64.0
2026-06-11 09:04:11.089,1781161451089700000,155.47,64.0,64.0
2026-06-11 09:04:12.094,1781161452094604000,431.281,64.0,64.0
2026-06-11 09:04:13.098,1781161453098751000,355.436,64.0,64.0
2026-06-11 09:04:14.103,1781161454103947000,151.376,64.0,64.0
2026-06-11 09:04:15.108,1781161455109019000,3.176,64.0,64.0
2026-06-11 09:04:16.113,1781161456114189000,87.247,64.0,64.0
2026-06-11 09:04:17.118,1781161457118460000,393.567,64.0,64.0
2026-06-11 09:04:18.123,1781161458123342000,145.103,64.0,64.0
2026-06-11 09:04:19.128,1781161459128342000,180.392,64.0,64.0
2026-06-11 09:04:20.133,1781161460133576000,300.794,64.0,64.0
2026-06-11 09:04:21.135,1781161461135899000,3.695,64.0,64.0
2026-06-11 09:04:22.140,1781161462140944000,208.493,64.0,64.0
2026-06-11 09:04:23.145,1781161463145903000,262.661,64.0,64.0
2026-06-11 09:04:24.150,1781161464151142000,250.158,64.0,64.0
2026-06-11 09:04:25.155,1781161465156264000,455.471,64.0,64.0
2026-06-11 09:04:26.161,1781161466161285000,329.674,64.0,64.0
2026-06-11 09:04:27.161,1781161467161816000,250.924,64.0,64.0
2026-06-11 09:04:28.164,1781161468164911000,433.644,64.0,64.0
2026-06-11 09:04:29.169,1781161469170050000,129.725,64.0,64.0
2026-06-11 09:04:30.173,1781161470173273000,95.604,64.0,64.0
2026-06-11 09:04:31.178,1781161471178274000,168.26,64.0,64.0
2026-06-11 09:04:32.181,1781161472181155000,368.593,64.0,64.0
2026-06-11 09:04:33.186,1781161473186208000,368.767,64.0,64.0
2026-06-11 09:04:34.191,1781161474191472000,538.005,64.0,64.0
2026-06-11 09:04:35.196,1781161475196448000,211.359,64.0,64.0
2026-06-11 09:04:36.201,1781161476201552000,252.966,64.0,64.0
2026-06-11 09:04:37.202,1781161477202348000,132.708,64.0,64.0
2026-06-11 09:04:38.207,1781161478207476000,231.692,64.0,64.0
2026-06-11 09:04:39.212,1781161479212499000,268.282,64.0,64.0
2026-06-11 09:04:40.217,1781161480217555000,137.089,64.0,64.0
2026-06-11 09:04:41.222,1781161481222725000,246.468,64.0,64.0
2026-06-11 09:04:42.227,1781161482227765000,24.476,64.0,64.0
2026-06-11 09:04:43.228,1781161483228163000,204.705,64.0,64.0
2026-06-11 09:04:44.233,1781161484233396000,387.08,64.0,64.0
2026-06-11 09:04:45.238,1781161485238503000,443.021,64.0,64.0
2026-06-11 09:04:46.243,1781161486243572000,437.482,64.0,64.0
2026-06-11 09:04:47.243,1781161487244095000,181.87,64.0,64.0
2026-06-11 09:04:48.247,1781161488247929000,278.847,64.0,64.0
2026-06-11 09:04:49.252,1781161489253006000,63.961,64.0,64.0
2026-06-11 09:04:50.257,1781161490258119000,61.808,64.0,64.0
2026-06-11 09:04:51.262,1781161491263051000,61.319,64.0,64.0
2026-06-11 09:04:52.263,1781161492263248000,54.709,64.0,64.0
2026-06-11 09:04:53.263,1781161493263814000,198.964,64.0,64.0
2026-06-11 09:04:54.268,1781161494268636000,194.471,64.0,64.0
2026-06-11 09:04:55.269,1781161495269805000,562.361,64.0,64.0
2026-06-11 09:04:56.272,1781161496272165000,592.209,64.0,64.0
2026-06-11 09:04:57.277,1781161497277398000,399.774,64.0,64.0
2026-06-11 09:04:58.282,1781161498282419000,446.998,64.0,64.0
2026-06-11 09:04:59.285,1781161499285372000,225.327,64.0,64.0
2026-06-11 09:05:00.290,1781161500290264000,95.624,64.0,64.0
2026-06-11 09:05:01.295,1781161501295574000,163.238,64.0,64.0
2026-06-11 09:05:02.300,1781161502300578000,267.629,64.0,64.0
2026-06-11 09:05:03.305,1781161503305492000,76.565,64.0,64.0
2026-06-11 09:05:04.310,1781161504310764000,230.494,64.0,64.0
2026-06-11 09:05:05.314,1781161505314478000,367.656,64.0,64.0
2026-06-11 09:05:06.319,1781161506319600000,491.976,64.0,64.0
2026-06-11 09:05:07.324,1781161507324651000,263.075,64.0,64.0
2026-06-11 09:05:08.327,1781161508327561000,279.265,64.0,64.0
2026-06-11 09:05:09.327,1781161509327810000,266.254,64.0,64.0
2026-06-11 09:05:10.329,1781161510329788000,261.274,64.0,64.0
2026-06-11 09:05:11.330,1781161511330725000,379.144,64.0,64.0
2026-06-11 09:05:12.335,1781161512335755000,194.86,64.0,64.0
2026-06-11 09:05:13.340,1781161513340703000,57.202,64.0,64.0
2026-06-11 09:05:14.345,1781161514345938000,213.679,64.0,64.0
2026-06-11 09:05:15.350,1781161515350999000,103.357,64.0,64.0
2026-06-11 09:05:16.354,1781161516354183000,291.059,64.0,64.0
2026-06-11 09:05:17.359,1781161517359396000,235.823,64.0,64.0
2026-06-11 09:05:18.364,1781161518364298000,300.455,64.0,64.0
2026-06-11 09:05:19.369,1781161519369532000,646.351,64.0,64.0
2026-06-11 09:05:20.374,1781161520374499000,328.505,64.0,64.0
2026-06-11 09:05:21.378,1781161521378952000,252.985,64.0,64.0
2026-06-11 09:05:22.380,1781161522380453000,510.529,64.0,64.0
2026-06-11 09:05:23.381,1781161523381973000,711.916,64.0,64.0
2026-06-11 09:05:24.382,1781161524382609000,377.316,64.0,64.0
2026-06-11 09:05:25.387,1781161525387775000,394.029,64.0,64.0
2026-06-11 09:05:26.392,1781161526392794000,335.838,64.0,64.0
2026-06-11 09:05:27.397,1781161527397370000,14.175,64.0,64.0
2026-06-11 09:05:28.402,1781161528402305000,345.083,64.0,64.0
2026-06-11 09:05:29.407,1781161529407538000,275.003,64.0,64.0
2026-06-11 09:05:30.412,1781161530412604000,399.331,64.0,64.0
2026-06-11 09:05:31.417,1781161531417643000,590.18,64.0,64.0
2026-06-11 09:05:32.417,1781161532418179000,365.01,64.0,64.0
2026-06-11 09:05:33.423,1781161533423150000,446.462,64.0,64.0
2026-06-11 09:05:34.428,1781161534428255000,475.136,64.0,64.0
2026-06-11 09:05:35.428,1781161535428631000,135.463,64.0,64.0
2026-06-11 09:05:36.431,1781161536432072000,338.109,64.0,64.0
2026-06-11 09:05:37.436,1781161537437151000,697.446,64.0,64.0
2026-06-11 09:05:38.441,1781161538442106000,3.442,64.0,64.0
2026-06-11 09:05:39.447,1781161539447267000,292.726,64.0,64.0
2026-06-11 09:05:40.452,1781161540452378000,371.249,64.0,64.0
2026-06-11 09:05:41.457,1781161541457284000,67.974,64.0,64.0
2026-06-11 09:05:42.460,1781161542460880000,146.741,64.0,64.0
2026-06-11 09:05:43.465,1781161543465923000,543.433,64.0,64.0
2026-06-11 09:05:44.467,1781161544468090000,328.915,64.0,64.0
2026-06-11 09:05:45.472,1781161545473183000,133.649,64.0,64.0
2026-06-11 09:05:46.477,1781161546477392000,353.937,64.0,64.0
2026-06-11 09:05:47.480,1781161547480515000,124.75,64.0,64.0
2026-06-11 09:05:48.485,1781161548485618000,295.2,64.0,64.0
2026-06-11 09:05:49.490,1781161549490568000,285.814,64.0,64.0
2026-06-11 09:05:50.495,1781161550495720000,163.357,64.0,64.0
2026-06-11 09:05:51.500,1781161551500862000,188.07,64.0,64.0
2026-06-11 09:05:52.505,1781161552505912000,371.389,64.0,64.0
2026-06-11 09:05:53.510,1781161553511004000,3.155,64.0,64.0
2026-06-11 09:05:54.515,1781161554516095000,406.534,64.0,64.0
2026-06-11 09:05:55.520,1781161555521198000,417.566,64.0,64.0
2026-06-11 09:05:56.526,1781161556526248000,411.951,64.0,64.0
2026-06-11 09:05:57.529,1781161557530134000,215.331,64.0,64.0
2026-06-11 09:05:58.530,1781161558530430000,289.305,64.0,64.0
2026-06-11 09:05:59.535,1781161559535602000,318.583,64.0,64.0
2026-06-11 09:06:00.540,1781161560540730000,136.945,64.0,64.0
2026-06-11 09:06:01.545,1781161561545812000,,,
2026-06-11 09:06:02.560,1781161562560166000,3.353,64.0,64.0
2026-06-11 09:06:03.565,1781161563565318000,792.485,64.0,64.0
2026-06-11 09:06:04.570,1781161564570435000,162.651,64.0,64.0
2026-06-11 09:06:05.574,1781161565574628000,3.555,64.0,64.0
2026-06-11 09:06:06.579,1781161566579741000,605.007,64.0,64.0
2026-06-11 09:06:07.584,1781161567584805000,287.16,64.0,64.0
2026-06-11 09:06:08.589,1781161568589978000,323.229,64.0,64.0
2026-06-11 09:06:09.593,1781161569593385000,308.798,64.0,64.0
2026-06-11 09:06:10.598,1781161570598429000,376.265,64.0,64.0
2026-06-11 09:06:11.603,1781161571603402000,527.681,64.0,64.0
2026-06-11 09:06:12.608,1781161572608648000,127.814,64.0,64.0
2026-06-11 09:06:13.613,1781161573613717000,168.365,64.0,64.0
2026-06-11 09:06:14.618,1781161574618793000,111.397,64.0,64.0
2026-06-11 09:06:15.623,1781161575623869000,,,
2026-06-11 09:06:16.635,1781161576635887000,100.729,64.0,64.0
2026-06-11 09:06:17.640,1781161577641123000,,,
2026-06-11 09:06:18.652,1781161578652157000,246.558,64.0,64.0
2026-06-11 09:06:19.657,1781161579657236000,,,
2026-06-11 09:06:20.668,1781161580668596000,72.222,64.0,64.0
2026-06-11 09:06:21.668,1781161581669111000,206.198,64.0,64.0
2026-06-11 09:06:22.674,1781161582674164000,151.078,64.0,64.0
2026-06-11 09:06:23.676,1781161583676889000,205.04,64.0,64.0
2026-06-11 09:06:24.680,1781161584681221000,526.114,64.0,64.0
2026-06-11 09:06:25.682,1781161585682199000,348.889,64.0,64.0
2026-06-11 09:06:26.684,1781161586684266000,213.399,64.0,64.0
2026-06-11 09:06:27.685,1781161587685516000,346.705,64.0,64.0
2026-06-11 09:06:28.690,1781161588690704000,144.844,64.0,64.0
2026-06-11 09:06:29.693,1781161589693733000,343.028,64.0,64.0
2026-06-11 09:06:30.698,1781161590698746000,149.47,64.0,64.0
2026-06-11 09:06:31.703,1781161591703788000,260.301,64.0,64.0
2026-06-11 09:06:32.708,1781161592708854000,342.019,64.0,64.0
2026-06-11 09:06:33.713,1781161593713966000,265.434,64.0,64.0
2026-06-11 09:06:34.717,1781161594717645000,138.962,64.0,64.0
2026-06-11 09:06:35.722,1781161595722746000,171.823,64.0,64.0
2026-06-11 09:06:36.725,1781161596725572000,442.405,64.0,64.0
2026-06-11 09:06:37.730,1781161597730648000,459.708,64.0,64.0
2026-06-11 09:06:38.735,1781161598735741000,427.598,64.0,64.0
2026-06-11 09:06:39.740,1781161599740885000,146.93,64.0,64.0
2026-06-11 09:06:40.745,1781161600745906000,284.233,64.0,64.0
2026-06-11 09:06:41.750,1781161601750742000,296.943,64.0,64.0
2026-06-11 09:06:42.755,1781161602755783000,71.687,64.0,64.0
2026-06-11 09:06:43.760,1781161603760902000,410.979,64.0,64.0
2026-06-11 09:06:44.765,1781161604765895000,333.875,64.0,64.0
2026-06-11 09:06:45.770,1781161605770824000,466.649,64.0,64.0
2026-06-11 09:06:46.774,1781161606774908000,177.84,64.0,64.0
2026-06-11 09:06:47.779,1781161607780036000,229.352,64.0,64.0
2026-06-11 09:06:48.784,1781161608785000000,93.317,64.0,64.0
2026-06-11 09:06:49.789,1781161609790039000,99.785,64.0,64.0
2026-06-11 09:06:50.794,1781161610795121000,266.262,64.0,64.0
2026-06-11 09:06:51.798,1781161611798777000,356.068,64.0,64.0
2026-06-11 09:06:52.803,1781161612803882000,181.901,64.0,64.0
2026-06-11 09:06:53.808,1781161613808985000,102.795,64.0,64.0
2026-06-11 09:06:54.812,1781161614813002000,125.159,64.0,64.0
2026-06-11 09:06:55.817,1781161615818064000,118.03,64.0,64.0
2026-06-11 09:06:56.818,1781161616818375000,149.232,64.0,64.0
2026-06-11 09:06:57.823,1781161617823491000,179.797,64.0,64.0
2026-06-11 09:06:58.828,1781161618828571000,648.801,64.0,64.0
2026-06-11 09:06:59.833,1781161619833664000,62.239,64.0,64.0
2026-06-11 09:07:00.838,1781161620838720000,170.023,64.0,64.0
2026-06-11 09:07:01.842,1781161621843189000,283.944,64.0,64.0
2026-06-11 09:07:02.848,1781161622848278000,69.025,64.0,64.0
2026-06-11 09:07:03.849,1781161623849910000,224.644,64.0,64.0
2026-06-11 09:07:04.854,1781161624854862000,48.493,64.0,64.0
2026-06-11 09:07:05.856,1781161625856485000,251.203,64.0,64.0
2026-06-11 09:07:06.861,1781161626861775000,228.415,64.0,64.0
2026-06-11 09:07:07.866,1781161627866833000,3.426,64.0,64.0
2026-06-11 09:07:08.871,1781161628871905000,32.705,64.0,64.0
2026-06-11 09:07:09.876,1781161629876966000,276.747,64.0,64.0
2026-06-11 09:07:10.878,1781161630878874000,40.515,64.0,64.0
2026-06-11 09:07:11.883,1781161631883874000,291.064,64.0,64.0
2026-06-11 09:07:12.888,1781161632889040000,278.203,64.0,64.0
2026-06-11 09:07:13.893,1781161633894170000,330.901,64.0,64.0
2026-06-11 09:07:14.898,1781161634899196000,278.896,64.0,64.0
2026-06-11 09:07:15.904,1781161635904304000,194.238,64.0,64.0
2026-06-11 09:07:16.909,1781161636909360000,108.784,64.0,64.0
2026-06-11 09:07:17.912,1781161637912843000,5.701,64.0,64.0
2026-06-11 09:07:18.917,1781161638917903000,116.128,64.0,64.0
2026-06-11 09:07:19.922,1781161639923036000,463.984,64.0,64.0
2026-06-11 09:07:20.925,1781161640926115000,155.236,64.0,64.0
2026-06-11 09:07:21.930,1781161641931116000,170.847,64.0,64.0
2026-06-11 09:07:22.932,1781161642932587000,29.453,64.0,64.0
2026-06-11 09:07:23.933,1781161643933703000,211.775,64.0,64.0
2026-06-11 09:07:24.938,1781161644938765000,108.268,64.0,64.0
2026-06-11 09:07:25.942,1781161645942938000,80.807,64.0,64.0
2026-06-11 09:07:26.947,1781161646947976000,299.016,64.0,64.0
2026-06-11 09:07:27.950,1781161647950286000,262.091,64.0,64.0
2026-06-11 09:07:28.955,1781161648955335000,,,
2026-06-11 09:07:29.983,1781161649984144000,,,
2026-06-11 09:07:30.997,1781161650997322000,448.251,64.0,64.0
2026-06-11 09:07:32.002,1781161652002543000,,,
2026-06-11 09:07:33.016,1781161653016798000,,,
2026-06-11 09:07:34.029,1781161654030106000,,,
2026-06-11 09:07:35.044,1781161655044237000,,,
2026-06-11 09:07:36.056,1781161656056582000,,,
2026-06-11 09:07:37.067,1781161657067926000,,,
2026-06-11 09:07:38.078,1781161658078419000,,,
2026-06-11 09:07:39.088,1781161659088985000,,,
2026-06-11 09:07:40.099,1781161660099681000,,,
2026-06-11 09:07:41.110,1781161661110808000,,,
2026-06-11 09:07:42.122,1781161662122917000,219.34,64.0,64.0
2026-06-11 09:07:43.127,1781161663128088000,,,
2026-06-11 09:07:44.142,1781161664143067000,,,
2026-06-11 09:07:45.151,1781161665151184000,,,
2026-06-11 09:07:46.163,1781161666163661000,,,
2026-06-11 09:07:47.176,1781161667177004000,,,
2026-06-11 09:07:48.188,1781161668189054000,,,
2026-06-11 09:07:49.201,1781161669201285000,,,
2026-06-11 09:07:50.213,1781161670213566000,,,
2026-06-11 09:07:51.226,1781161671226278000,,,
2026-06-11 09:07:52.238,1781161672238362000,,,
2026-06-11 09:07:53.251,1781161673251260000,177.832,64.0,64.0
2026-06-11 09:07:54.256,1781161674256480000,81.678,64.0,64.0
2026-06-11 09:07:55.261,1781161675261462000,,,
2026-06-11 09:07:56.274,1781161676274657000,,,
2026-06-11 09:07:57.284,1781161677285062000,,,
2026-06-11 09:07:59.295,1781161679295162000,,,
2026-06-11 09:08:00.304,1781161680305126000,,,
2026-06-11 09:08:01.314,1781161681314519000,507.368,64.0,64.0
2026-06-11 09:08:02.316,1781161682316843000,343.904,64.0,64.0
2026-06-11 09:08:03.319,1781161683319971000,470.763,64.0,64.0
2026-06-11 09:08:04.324,1781161684324876000,420.176,64.0,64.0
2026-06-11 09:08:05.329,1781161685329858000,62.219,64.0,64.0
2026-06-11 09:08:06.334,1781161686334881000,181.808,64.0,64.0
2026-06-11 09:08:07.339,1781161687339887000,81.239,64.0,64.0
2026-06-11 09:08:08.343,1781161688343719000,,,
2026-06-11 09:08:09.351,1781161689351854000,,,
2026-06-11 09:08:10.359,1781161690359942000,42.979,64.0,64.0
2026-06-11 09:08:11.363,1781161691363732000,413.83,64.0,64.0
2026-06-11 09:08:12.366,1781161692366525000,473.359,64.0,64.0
2026-06-11 09:08:13.366,1781161693366743000,556.882,64.0,64.0
2026-06-11 09:08:14.368,1781161694368203000,2.698,64.0,64.0
2026-06-11 09:08:15.370,1781161695370552000,62.189,64.0,64.0
2026-06-11 09:08:16.374,1781161696374823000,682.509,64.0,64.0
2026-06-11 09:08:17.379,1781161697379832000,510.03,64.0,64.0
2026-06-11 09:08:18.384,1781161698384822000,,,
2026-06-11 09:08:19.392,1781161699392461000,181.386,64.0,64.0
2026-06-11 09:08:20.397,1781161700397764000,462.862,64.0,64.0
2026-06-11 09:08:21.401,1781161701401600000,,,
2026-06-11 09:08:22.416,1781161702417006000,,,
2026-06-11 09:08:23.429,1781161703429883000,,,
2026-06-11 09:08:24.441,1781161704441576000,,,
2026-06-11 09:08:25.450,1781161705450869000,,,
2026-06-11 09:08:26.464,1781161706464249000,,,
2026-06-11 09:08:27.476,1781161707476246000,,,
2026-06-11 09:08:28.489,1781161708489847000,542.332,64.0,64.0
2026-06-11 09:08:29.494,1781161709494306000,180.075,64.0,64.0
2026-06-11 09:08:30.499,1781161710499384000,185.388,64.0,64.0
2026-06-11 09:08:31.501,1781161711501700000,,,
2026-06-11 09:08:32.509,1781161712509779000,,,
2026-06-11 09:08:33.519,1781161713519529000,,,
2026-06-11 09:08:34.528,1781161714529087000,241.197,64.0,64.0
2026-06-11 09:08:35.533,1781161715533734000,467.383,64.0,64.0
2026-06-11 09:08:36.538,1781161716538711000,,,
2026-06-11 09:08:37.549,1781161717549862000,560.903,64.0,64.0
2026-06-11 09:08:38.554,1781161718554907000,346.287,64.0,64.0
2026-06-11 09:08:39.559,1781161719560361000,329.148,64.0,64.0
2026-06-11 09:08:40.562,1781161720562358000,,,
2026-06-11 09:08:41.575,1781161721575452000,,,
2026-06-11 09:08:42.586,1781161722586380000,,,
2026-06-11 09:08:43.600,1781161723600140000,343.826,64.0,64.0
2026-06-11 09:08:44.605,1781161724605368000,38.808,64.0,64.0
2026-06-11 09:08:45.610,1781161725610407000,,,
2026-06-11 09:08:46.618,1781161726618733000,950.695,64.0,64.0
2026-06-11 09:08:47.622,1781161727622194000,504.671,64.0,64.0
2026-06-11 09:08:48.627,1781161728627150000,,,
2026-06-11 09:08:49.638,1781161729638275000,,,
2026-06-11 09:08:50.651,1781161730651394000,457.583,64.0,64.0
2026-06-11 09:08:51.651,1781161731651792000,,,
2026-06-11 09:08:52.663,1781161732663630000,856.199,64.0,64.0
2026-06-11 09:08:53.668,1781161733668791000,,,
2026-06-11 09:08:54.678,1781161734679138000,,,
2026-06-11 09:08:55.691,1781161735692012000,,,
2026-06-11 09:08:56.703,1781161736703810000,,,
2026-06-11 09:08:57.716,1781161737717634000,,,
2026-06-11 09:08:58.727,1781161738727824000,,,
2026-06-11 09:08:59.741,1781161739741740000,,,
2026-06-11 09:09:00.752,1781161740752714000,,,
2026-06-11 09:09:01.763,1781161741763578000,712.327,64.0,64.0
2026-06-11 09:09:02.765,1781161742765892000,507.299,64.0,64.0
2026-06-11 09:09:03.768,1781161743768783000,,,
2026-06-11 09:09:04.781,1781161744781601000,288.369,64.0,64.0
2026-06-11 09:09:05.786,1781161745786647000,451.064,64.0,64.0
2026-06-11 09:09:06.791,1781161746791804000,454.294,64.0,64.0
2026-06-11 09:09:07.794,1781161747794347000,,,
2026-06-11 09:09:08.803,1781161748804228000,290.706,64.0,64.0
2026-06-11 09:09:09.808,1781161749809158000,,,
2026-06-11 09:09:10.819,1781161750819229000,832.395,64.0,64.0
2026-06-11 09:09:11.824,1781161751824258000,280.474,64.0,64.0
2026-06-11 09:09:12.829,1781161752829209000,728.567,64.0,64.0
2026-06-11 09:09:13.834,1781161753834352000,282.381,64.0,64.0
2026-06-11 09:09:14.839,1781161754839553000,357.15,64.0,64.0
2026-06-11 09:09:15.844,1781161755844446000,194.971,64.0,64.0
2026-06-11 09:09:16.848,1781161756848486000,94.951,64.0,64.0
2026-06-11 09:09:17.853,1781161757853581000,43.576,64.0,64.0
2026-06-11 09:09:18.853,1781161758853963000,16.801,64.0,64.0
2026-06-11 09:09:19.858,1781161759859368000,107.151,64.0,64.0
2026-06-11 09:09:20.861,1781161760861422000,57.538,64.0,64.0
2026-06-11 09:09:21.865,1781161761865371000,300.016,64.0,64.0
2026-06-11 09:09:22.870,1781161762870344000,121.454,64.0,64.0
2026-06-11 09:09:23.874,1781161763874851000,127.036,64.0,64.0
2026-06-11 09:09:24.875,1781161764875652000,199.31,64.0,64.0
2026-06-11 09:09:25.880,1781161765880679000,195.561,64.0,64.0
2026-06-11 09:09:26.881,1781161766881790000,409.429,64.0,64.0
2026-06-11 09:09:27.884,1781161767884816000,120.011,64.0,64.0
2026-06-11 09:09:28.889,1781161768890120000,138.497,64.0,64.0
2026-06-11 09:09:29.890,1781161769891335000,52.193,64.0,64.0
2026-06-11 09:09:30.895,1781161770896091000,180.765,64.0,64.0
2026-06-11 09:09:31.899,1781161771899590000,133.4,64.0,64.0
2026-06-11 09:09:32.904,1781161772904499000,322.826,64.0,64.0
2026-06-11 09:09:33.909,1781161773909417000,234.497,64.0,64.0
2026-06-11 09:09:34.911,1781161774911730000,175.574,64.0,64.0
2026-06-11 09:09:35.915,1781161775916109000,157.367,64.0,64.0
2026-06-11 09:09:36.921,1781161776921252000,256.416,64.0,64.0
2026-06-11 09:09:37.924,1781161777924470000,275.103,64.0,64.0
2026-06-11 09:09:38.929,1781161778929596000,587.93,64.0,64.0
2026-06-11 09:09:39.934,1781161779934620000,108.073,64.0,64.0
2026-06-11 09:09:40.939,1781161780939701000,67.046,64.0,64.0
2026-06-11 09:09:41.941,1781161781941447000,397.008,64.0,64.0
2026-06-11 09:09:42.946,1781161782946631000,748.628,64.0,64.0
2026-06-11 09:09:43.948,1781161783948949000,247.767,64.0,64.0
2026-06-11 09:09:44.949,1781161784949323000,278.765,64.0,64.0
2026-06-11 09:09:45.954,1781161785954406000,183.323,64.0,64.0
2026-06-11 09:09:46.959,1781161786959327000,316.766,64.0,64.0
2026-06-11 09:09:47.959,1781161787959621000,370.681,64.0,64.0
2026-06-11 09:09:48.964,1781161788964659000,422.126,64.0,64.0
2026-06-11 09:09:49.964,1781161789964721000,166.078,64.0,64.0
2026-06-11 09:09:50.969,1781161790970002000,253.322,64.0,64.0
2026-06-11 09:09:51.974,1781161791974369000,448.662,64.0,64.0
2026-06-11 09:09:52.979,1781161792979420000,181.052,64.0,64.0
2026-06-11 09:09:53.983,1781161793983321000,,,
2026-06-11 09:09:54.995,1781161794995317000,221.379,64.0,64.0
2026-06-11 09:09:55.995,1781161795995678000,65.697,64.0,64.0
2026-06-11 09:09:57.000,1781161797000663000,59.226,64.0,64.0
2026-06-11 09:09:58.001,1781161798002016000,38.789,64.0,64.0
2026-06-11 09:09:59.004,1781161799005136000,276.248,64.0,64.0
2026-06-11 09:10:00.005,1781161800005461000,281.747,64.0,64.0
2026-06-11 09:10:01.010,1781161801010504000,207.483,64.0,64.0
2026-06-11 09:10:02.015,1781161802015551000,,,
2026-06-11 09:10:03.024,1781161803024946000,517.601,64.0,64.0
2026-06-11 09:10:04.029,1781161804030150000,5.266,64.0,64.0
2026-06-11 09:10:05.034,1781161805035031000,579.993,64.0,64.0
2026-06-11 09:10:06.036,1781161806036925000,102.054,64.0,64.0
2026-06-11 09:10:07.041,1781161807042073000,68.001,64.0,64.0
2026-06-11 09:10:08.046,1781161808047147000,211.286,64.0,64.0
2026-06-11 09:10:09.051,1781161809052244000,208.164,64.0,64.0
2026-06-11 09:10:10.057,1781161810057355000,135.387,64.0,64.0
2026-06-11 09:10:11.062,1781161811062482000,172.196,64.0,64.0
2026-06-11 09:10:12.064,1781161812064609000,289.957,64.0,64.0
2026-06-11 09:10:13.069,1781161813069707000,271.341,64.0,64.0
2026-06-11 09:10:14.074,1781161814074619000,385.671,64.0,64.0
2026-06-11 09:10:15.079,1781161815079655000,559.514,64.0,64.0
2026-06-11 09:10:16.084,1781161816084692000,253.917,64.0,64.0
2026-06-11 09:10:17.089,1781161817089704000,298.232,64.0,64.0
2026-06-11 09:10:18.090,1781161818090940000,422.609,64.0,64.0
2026-06-11 09:10:19.095,1781161819095881000,108.789,64.0,64.0
2026-06-11 09:10:20.099,1781161820099752000,696.592,64.0,64.0
2026-06-11 09:10:21.101,1781161821101981000,3.236,64.0,64.0
2026-06-11 09:10:22.106,1781161822107102000,181.057,64.0,64.0
2026-06-11 09:10:23.106,1781161823107248000,387.184,64.0,64.0
2026-06-11 09:10:24.112,1781161824112324000,279.388,64.0,64.0
2026-06-11 09:10:25.117,1781161825117391000,19.604,64.0,64.0
2026-06-11 09:10:26.122,1781161826122582000,243.641,64.0,64.0
2026-06-11 09:10:27.123,1781161827123688000,561.181,64.0,64.0
2026-06-11 09:10:28.128,1781161828128702000,104.01,64.0,64.0
2026-06-11 09:10:29.133,1781161829133746000,64.078,64.0,64.0
2026-06-11 09:10:30.138,1781161830138790000,595.769,64.0,64.0
2026-06-11 09:10:31.143,1781161831143847000,231.51,64.0,64.0
2026-06-11 09:10:32.148,1781161832148867000,295.373,64.0,64.0
2026-06-11 09:10:33.152,1781161833152490000,110.206,64.0,64.0
2026-06-11 09:10:34.156,1781161834156891000,228.348,64.0,64.0
2026-06-11 09:10:35.161,1781161835161845000,252.443,64.0,64.0
2026-06-11 09:10:36.166,1781161836167132000,183.987,64.0,64.0
2026-06-11 09:10:37.171,1781161837172208000,508.803,64.0,64.0
2026-06-11 09:10:38.177,1781161838177299000,451.087,64.0,64.0
2026-06-11 09:10:39.182,1781161839182387000,475.045,64.0,64.0
2026-06-11 09:10:40.187,1781161840187479000,646.654,64.0,64.0
2026-06-11 09:10:41.189,1781161841189741000,382.21,64.0,64.0
2026-06-11 09:10:42.194,1781161842194737000,95.359,64.0,64.0
2026-06-11 09:10:43.198,1781161843198576000,281.042,64.0,64.0
2026-06-11 09:10:44.199,1781161844199716000,975.851,64.0,64.0
2026-06-11 09:10:45.203,1781161845204007000,3.924,64.0,64.0
2026-06-11 09:10:46.208,1781161846209075000,235.905,64.0,64.0
2026-06-11 09:10:47.213,1781161847214134000,223.338,64.0,64.0
2026-06-11 09:10:48.234,1781161848236387000,281.85,64.0,64.0
2026-06-11 09:10:49.239,1781161849239551000,3.163,64.0,64.0
2026-06-11 09:10:50.243,1781161850243317000,39.93,64.0,64.0
2026-06-11 09:10:51.247,1781161851248010000,303.062,64.0,64.0
2026-06-11 09:10:52.248,1781161852248560000,13.383,64.0,64.0
2026-06-11 09:10:53.251,1781161853252254000,442.224,64.0,64.0
2026-06-11 09:10:54.255,1781161854255526000,447.64,64.0,64.0
2026-06-11 09:10:55.260,1781161855260754000,3.052,64.0,64.0
2026-06-11 09:10:56.265,1781161856265760000,94.46,64.0,64.0
2026-06-11 09:10:57.270,1781161857270904000,254.273,64.0,64.0
2026-06-11 09:10:58.275,1781161858275939000,396.224,64.0,64.0
2026-06-11 09:10:59.280,1781161859281053000,130.106,64.0,64.0
2026-06-11 09:11:00.281,1781161860281881000,100.097,64.0,64.0
2026-06-11 09:11:01.286,1781161861286925000,241.111,64.0,64.0
2026-06-11 09:11:02.291,1781161862291960000,886.094,64.0,64.0
2026-06-11 09:11:03.296,1781161863297079000,115.444,64.0,64.0
2026-06-11 09:11:04.297,1781161864297768000,147.14,64.0,64.0
2026-06-11 09:11:05.302,1781161865302874000,85.361,64.0,64.0
2026-06-11 09:11:06.307,1781161866307931000,563.56,64.0,64.0
2026-06-11 09:11:07.311,1781161867311553000,737.698,64.0,64.0
2026-06-11 09:11:08.314,1781161868314849000,181.852,64.0,64.0
2026-06-11 09:11:09.316,1781161869316787000,688.7,64.0,64.0
2026-06-11 09:11:10.317,1781161870318102000,289.839,64.0,64.0
2026-06-11 09:11:11.322,1781161871323494000,470.023,64.0,64.0
2026-06-11 09:11:12.324,1781161872324803000,168.491,64.0,64.0
2026-06-11 09:11:13.329,1781161873329879000,152.7,64.0,64.0
2026-06-11 09:11:14.334,1781161874334902000,725.355,64.0,64.0
2026-06-11 09:11:15.339,1781161875339857000,47.008,64.0,64.0
2026-06-11 09:11:16.344,1781161876345126000,334.852,64.0,64.0
2026-06-11 09:11:17.347,1781161877347877000,226.663,64.0,64.0
2026-06-11 09:11:18.347,1781161878348103000,19.161,64.0,64.0
2026-06-11 09:11:19.349,1781161879350121000,65.536,64.0,64.0
2026-06-11 09:11:20.354,1781161880355162000,587.546,64.0,64.0
2026-06-11 09:11:21.359,1781161881359909000,169.999,64.0,64.0
2026-06-11 09:11:22.364,1781161882364734000,229.269,64.0,64.0
2026-06-11 09:11:23.369,1781161883369816000,144.964,64.0,64.0
2026-06-11 09:11:24.374,1781161884374851000,144.032,64.0,64.0
2026-06-11 09:11:25.375,1781161885376134000,295.011,64.0,64.0
2026-06-11 09:11:26.380,1781161886380988000,369.763,64.0,64.0
2026-06-11 09:11:27.381,1781161887381617000,41.778,64.0,64.0
2026-06-11 09:11:28.386,1781161888386765000,3.337,64.0,64.0
2026-06-11 09:11:29.391,1781161889391862000,244.006,64.0,64.0
2026-06-11 09:11:30.396,1781161890396928000,34.329,64.0,64.0
2026-06-11 09:11:31.401,1781161891402032000,14.192,64.0,64.0
2026-06-11 09:11:32.406,1781161892407069000,340.613,64.0,64.0
2026-06-11 09:11:33.411,1781161893412084000,105.25,64.0,64.0
2026-06-11 09:11:34.416,1781161894417205000,889.707,64.0,64.0
2026-06-11 09:11:35.417,1781161895417921000,477.247,64.0,64.0
2026-06-11 09:11:36.422,1781161896423168000,553.247,64.0,64.0
2026-06-11 09:11:37.427,1781161897428237000,348.648,64.0,64.0
2026-06-11 09:11:38.433,1781161898433282000,303.991,64.0,64.0
2026-06-11 09:11:39.438,1781161899438284000,361.13,64.0,64.0
2026-06-11 09:11:40.443,1781161900443503000,639.193,64.0,64.0
2026-06-11 09:11:41.448,1781161901448496000,885.941,64.0,64.0
2026-06-11 09:11:42.453,1781161902453657000,151.833,64.0,64.0
2026-06-11 09:11:43.456,1781161903457144000,51.723,64.0,64.0
2026-06-11 09:11:44.461,1781161904462189000,133.716,64.0,64.0
2026-06-11 09:11:45.467,1781161905467324000,82.393,64.0,64.0
2026-06-11 09:11:46.472,1781161906472330000,296.004,64.0,64.0
2026-06-11 09:11:47.473,1781161907473194000,280.863,64.0,64.0
2026-06-11 09:11:48.478,1781161908478262000,273.714,64.0,64.0
2026-06-11 09:11:49.483,1781161909483188000,496.17,64.0,64.0
2026-06-11 09:11:50.488,1781161910488373000,486.06,64.0,64.0
2026-06-11 09:11:51.493,1781161911493517000,98.076,64.0,64.0
2026-06-11 09:11:52.497,1781161912497517000,5.644,64.0,64.0
2026-06-11 09:11:53.502,1781161913502631000,112.889,64.0,64.0
2026-06-11 09:11:54.507,1781161914507748000,118.817,64.0,64.0
2026-06-11 09:11:55.512,1781161915512844000,260.268,64.0,64.0
2026-06-11 09:11:56.513,1781161916514004000,342.701,64.0,64.0
2026-06-11 09:11:57.518,1781161917519060000,150.231,64.0,64.0
2026-06-11 09:11:58.523,1781161918524123000,,,
2026-06-11 09:11:59.533,1781161919534051000,332.222,64.0,64.0
2026-06-11 09:12:00.538,1781161920539018000,325.178,64.0,64.0
2026-06-11 09:12:01.539,1781161921539221000,559.637,64.0,64.0
2026-06-11 09:12:02.544,1781161922544452000,425.964,64.0,64.0
2026-06-11 09:12:03.546,1781161923546591000,668.991,64.0,64.0
2026-06-11 09:12:04.548,1781161924548559000,155.624,64.0,64.0
2026-06-11 09:12:05.553,1781161925553630000,425.289,64.0,64.0
2026-06-11 09:12:06.556,1781161926556750000,486.118,64.0,64.0
2026-06-11 09:12:07.559,1781161927559766000,149.432,64.0,64.0
2026-06-11 09:12:08.563,1781161928564113000,210.398,64.0,64.0
2026-06-11 09:12:09.568,1781161929569196000,401.292,64.0,64.0
2026-06-11 09:12:10.574,1781161930574313000,681.286,64.0,64.0
2026-06-11 09:12:11.579,1781161931579341000,230.849,64.0,64.0
2026-06-11 09:12:12.584,1781161932584473000,948.272,64.0,64.0
2026-06-11 09:12:13.584,1781161933584474000,387.738,64.0,64.0
2026-06-11 09:12:14.588,1781161934588977000,403.362,64.0,64.0
2026-06-11 09:12:15.593,1781161935593944000,479.292,64.0,64.0
2026-06-11 09:12:16.595,1781161936595672000,86.065,64.0,64.0
2026-06-11 09:12:17.600,1781161937600693000,205.382,64.0,64.0
2026-06-11 09:12:18.605,1781161938605628000,109.621,64.0,64.0
2026-06-11 09:12:19.607,1781161939608099000,107.46,64.0,64.0
2026-06-11 09:12:20.612,1781161940612714000,193.423,64.0,64.0
2026-06-11 09:12:21.617,1781161941617736000,406.606,64.0,64.0
2026-06-11 09:12:22.622,1781161942622406000,310.211,64.0,64.0
2026-06-11 09:12:23.622,1781161943622297000,152.932,64.0,64.0
2026-06-11 09:12:24.627,1781161944627560000,460.943,64.0,64.0
2026-06-11 09:12:25.632,1781161945632666000,2.903,64.0,64.0
2026-06-11 09:12:26.637,1781161946637749000,296.259,64.0,64.0
2026-06-11 09:12:27.642,1781161947642843000,7.218,64.0,64.0
2026-06-11 09:12:28.647,1781161948647757000,733.942,64.0,64.0
2026-06-11 09:12:29.652,1781161949653009000,110.826,64.0,64.0
2026-06-11 09:12:30.657,1781161950658068000,233.532,64.0,64.0
2026-06-11 09:12:31.661,1781161951662040000,38.499,64.0,64.0
2026-06-11 09:12:32.666,1781161952667125000,911.072,64.0,64.0
2026-06-11 09:12:33.669,1781161953669129000,292.728,64.0,64.0
2026-06-11 09:12:34.674,1781161954674389000,323.687,64.0,64.0
2026-06-11 09:12:35.679,1781161955679465000,278.247,64.0,64.0
2026-06-11 09:12:36.684,1781161956684563000,838.82,64.0,64.0
2026-06-11 09:12:37.688,1781161957689210000,72.383,64.0,64.0
2026-06-11 09:12:38.692,1781161958692537000,,,
2026-06-11 09:12:39.701,1781161959701075000,,,
2026-06-11 09:12:40.711,1781161960711771000,850.243,64.0,64.0
2026-06-11 09:12:41.711,1781161961712077000,248.044,64.0,64.0
2026-06-11 09:12:42.716,1781161962717132000,,,
2026-06-11 09:12:43.729,1781161963730092000,188.352,64.0,64.0
2026-06-11 09:12:44.735,1781161964735364000,367.846,64.0,64.0
2026-06-11 09:12:45.740,1781161965740413000,255.155,64.0,64.0
2026-06-11 09:12:46.744,1781161966744220000,475.606,64.0,64.0
2026-06-11 09:12:47.746,1781161967746967000,471.907,64.0,64.0
2026-06-11 09:12:48.751,1781161968751887000,408.434,64.0,64.0
2026-06-11 09:12:49.756,1781161969757069000,,,
2026-06-11 09:12:50.773,1781161970773249000,,,
2026-06-11 09:12:51.787,1781161971787342000,,,
2026-06-11 09:12:52.797,1781161972797375000,,,
2026-06-11 09:12:53.806,1781161973806533000,,,
2026-06-11 09:12:54.817,1781161974817251000,,,
2026-06-11 09:12:55.830,1781161975830551000,935.346,64.0,64.0
2026-06-11 09:12:56.833,1781161976834120000,,,
2026-06-11 09:12:57.847,1781161977847170000,,,
2026-06-11 09:12:58.864,1781161978864358000,,,
2026-06-11 09:12:59.872,1781161979873133000,,,
2026-06-11 09:13:00.886,1781161980887008000,,,
2026-06-11 09:13:01.899,1781161981899665000,,,
2026-06-11 09:13:02.915,1781161982915194000,,,
2026-06-11 09:13:03.925,1781161983925260000,,,
2026-06-11 09:13:04.936,1781161984937072000,,,
2026-06-11 09:13:05.948,1781161985948783000,,,
2026-06-11 09:13:06.958,1781161986958341000,829.203,64.0,64.0
2026-06-11 09:13:07.963,1781161987963406000,,,
2026-06-11 09:13:08.978,1781161988978227000,326.152,64.0,64.0
2026-06-11 09:13:09.982,1781161989982328000,721.074,64.0,64.0
2026-06-11 09:13:10.987,1781161990987460000,157.203,64.0,64.0
2026-06-11 09:13:11.992,1781161991992567000,,,
2026-06-11 09:13:13.009,1781161993009618000,,,
2026-06-11 09:13:14.022,1781161994022511000,,,
2026-06-11 09:13:15.033,1781161995033844000,,,
2026-06-11 09:13:16.044,1781161996044699000,,,
2026-06-11 09:13:17.056,1781161997056624000,,,
2026-06-11 09:13:18.068,1781161998068775000,,,
2026-06-11 09:13:19.095,1781161999095826000,,,
2026-06-11 09:13:20.105,1781162000105173000,,,
2026-06-11 09:13:21.117,1781162001117778000,,,
2026-06-11 09:13:22.121,1781162002121164000,,,
2026-06-11 09:13:23.128,1781162003128981000,191.612,64.0,64.0
2026-06-11 09:13:24.134,1781162004134200000,192.878,64.0,64.0
2026-06-11 09:13:25.139,1781162005139097000,6.01,64.0,64.0
2026-06-11 09:13:26.144,1781162006144151000,59.291,64.0,64.0
2026-06-11 09:13:27.149,1781162007149103000,6.003,64.0,64.0
2026-06-11 09:13:28.154,1781162008154096000,22.104,64.0,64.0
2026-06-11 09:13:29.159,1781162009159359000,,,
2026-06-11 09:13:30.172,1781162010172825000,66.449,64.0,64.0
2026-06-11 09:13:31.177,1781162011177770000,202.285,64.0,64.0
2026-06-11 09:13:32.182,1781162012182774000,185.67,64.0,64.0
2026-06-11 09:13:33.187,1781162013187776000,156.656,64.0,64.0
2026-06-11 09:13:34.192,1781162014193040000,309.086,64.0,64.0
2026-06-11 09:13:35.194,1781162015195169000,318.856,64.0,64.0
2026-06-11 09:13:36.199,1781162016199971000,413.741,64.0,64.0
2026-06-11 09:13:37.202,1781162017202866000,558.272,64.0,64.0
2026-06-11 09:13:38.204,1781162018204759000,229.43,64.0,64.0
2026-06-11 09:13:39.209,1781162019209755000,280.271,64.0,64.0
2026-06-11 09:13:40.213,1781162020213913000,96.597,64.0,64.0
2026-06-11 09:13:41.218,1781162021219017000,77.901,64.0,64.0
2026-06-11 09:13:42.223,1781162022224063000,,,
2026-06-11 09:13:43.238,1781162023238253000,,,
2026-06-11 09:13:44.250,1781162024251111000,243.212,64.0,64.0
2026-06-11 09:13:45.255,1781162025256047000,303.196,64.0,64.0
2026-06-11 09:13:46.261,1781162026261442000,330.934,64.0,64.0
2026-06-11 09:13:47.266,1781162027266504000,59.413,64.0,64.0
2026-06-11 09:13:48.270,1781162028271174000,,,
2026-06-11 09:13:49.285,1781162029285864000,,,
2026-06-11 09:13:50.295,1781162030296318000,712.191,64.0,64.0
2026-06-11 09:13:51.297,1781162031297703000,8.998,64.0,64.0
2026-06-11 09:13:52.298,1781162032298478000,458.725,64.0,64.0
2026-06-11 09:13:53.303,1781162033303541000,528.984,64.0,64.0
2026-06-11 09:13:54.308,1781162034308593000,173.719,64.0,64.0
2026-06-11 09:13:55.312,1781162035312316000,50.215,64.0,64.0
2026-06-11 09:13:56.313,1781162036313655000,20.528,64.0,64.0
2026-06-11 09:13:57.318,1781162037318933000,205.843,64.0,64.0
2026-06-11 09:13:58.323,1781162038323925000,383.689,64.0,64.0
2026-06-11 09:13:59.328,1781162039329286000,,,
2026-06-11 09:14:00.338,1781162040338857000,,,
2026-06-11 09:14:01.354,1781162041354809000,,,
2026-06-11 09:14:02.365,1781162042366028000,,,
2026-06-11 09:14:03.379,1781162043379284000,,,
2026-06-11 09:14:04.390,1781162044390888000,,,
2026-06-11 09:14:05.405,1781162045405866000,,,
2026-06-11 09:14:06.417,1781162046417869000,,,
2026-06-11 09:14:07.429,1781162047429586000,,,
2026-06-11 09:14:08.440,1781162048440496000,,,
2026-06-11 09:14:09.454,1781162049454508000,625.955,64.0,64.0
2026-06-11 09:14:10.457,1781162050457901000,,,
2026-06-11 09:14:11.471,1781162051471458000,641.679,64.0,64.0
2026-06-11 09:14:12.476,1781162052476379000,181.173,64.0,64.0
2026-06-11 09:14:13.478,1781162053478867000,352.529,64.0,64.0
2026-06-11 09:14:14.483,1781162054484041000,460.92,64.0,64.0
2026-06-11 09:14:15.485,1781162055485382000,,,
2026-06-11 09:14:16.497,1781162056497839000,,,
2026-06-11 09:14:17.508,1781162057508928000,532.312,64.0,64.0
2026-06-11 09:14:18.511,1781162058511333000,98.101,64.0,64.0
2026-06-11 09:14:19.516,1781162059516402000,23.743,64.0,64.0
2026-06-11 09:14:20.523,1781162060524185000,100.629,64.0,64.0
2026-06-11 09:14:21.528,1781162061528812000,,,
2026-06-11 09:14:22.537,1781162062538119000,223.261,64.0,64.0
2026-06-11 09:14:23.543,1781162063543218000,33.177,64.0,64.0
2026-06-11 09:14:24.544,1781162064544732000,237.387,64.0,64.0
2026-06-11 09:14:25.549,1781162065549773000,277.278,64.0,64.0
2026-06-11 09:14:26.553,1781162066553633000,976.339,64.0,64.0
2026-06-11 09:14:27.556,1781162067556659000,8.14,64.0,64.0
2026-06-11 09:14:28.561,1781162068561711000,406.447,64.0,64.0
2026-06-11 09:14:29.566,1781162069566738000,962.472,64.0,64.0
2026-06-11 09:14:30.571,1781162070571741000,673.257,64.0,64.0
2026-06-11 09:14:31.573,1781162071574093000,476.141,64.0,64.0
2026-06-11 09:14:32.574,1781162072575152000,683.578,64.0,64.0
2026-06-11 09:14:33.579,1781162073580170000,230.459,64.0,64.0
2026-06-11 09:14:34.585,1781162074585333000,295.633,64.0,64.0
2026-06-11 09:14:35.589,1781162075589873000,785.567,64.0,64.0
2026-06-11 09:14:36.594,1781162076595007000,686.072,64.0,64.0
2026-06-11 09:14:37.595,1781162077595524000,178.646,64.0,64.0
2026-06-11 09:14:38.600,1781162078600590000,761.69,64.0,64.0
2026-06-11 09:14:39.605,1781162079605534000,987.361,64.0,64.0
2026-06-11 09:14:40.606,1781162080606744000,32.037,64.0,64.0
2026-06-11 09:14:41.611,1781162081611719000,420.35,64.0,64.0
2026-06-11 09:14:42.616,1781162082616958000,881.941,64.0,64.0
2026-06-11 09:14:43.617,1781162083617709000,6.461,64.0,64.0
2026-06-11 09:14:44.622,1781162084622866000,,,
2026-06-11 09:14:45.642,1781162085643116000,,,
2026-06-11 09:14:46.656,1781162086656221000,,,
2026-06-11 09:14:47.665,1781162087665779000,,,
2026-06-11 09:14:48.678,1781162088678356000,,,
2026-06-11 09:14:49.688,1781162089688284000,374.391,64.0,64.0
2026-06-11 09:14:50.688,1781162090688378000,,,
2026-06-11 09:14:51.697,1781162091697534000,421.485,64.0,64.0
2026-06-11 09:14:52.702,1781162092702798000,369.672,64.0,64.0
2026-06-11 09:14:53.706,1781162093706154000,551.234,64.0,64.0
2026-06-11 09:14:54.710,1781162094710692000,3.492,64.0,64.0
2026-06-11 09:14:55.715,1781162095715796000,266.995,64.0,64.0
2026-06-11 09:14:56.716,1781162096717035000,645.851,64.0,64.0
2026-06-11 09:14:57.721,1781162097721916000,625.948,64.0,64.0
2026-06-11 09:14:58.722,1781162098722812000,504.025,64.0,64.0
2026-06-11 09:14:59.724,1781162099725056000,75.886,64.0,64.0
2026-06-11 09:15:00.726,1781162100726957000,,,
2026-06-11 09:15:01.736,1781162101736243000,172.249,64.0,64.0
2026-06-11 09:15:02.740,1781162102740471000,295.125,64.0,64.0
2026-06-11 09:15:03.745,1781162103745385000,198.081,64.0,64.0
2026-06-11 09:15:04.745,1781162104745815000,3.182,64.0,64.0
2026-06-11 09:15:05.745,1781162105745982000,568.282,64.0,64.0
2026-06-11 09:15:06.746,1781162106746829000,13.389,64.0,64.0
2026-06-11 09:15:07.751,1781162107751788000,403.832,64.0,64.0
2026-06-11 09:15:08.756,1781162108756740000,40.119,64.0,64.0
2026-06-11 09:15:09.761,1781162109761895000,229.383,64.0,64.0
2026-06-11 09:15:10.766,1781162110767101000,503.603,64.0,64.0
2026-06-11 09:15:11.769,1781162111769901000,353.196,64.0,64.0
2026-06-11 09:15:12.770,1781162112770853000,662.199,64.0,64.0
2026-06-11 09:15:13.773,1781162113773391000,796.483,64.0,64.0
2026-06-11 09:15:14.778,1781162114778420000,157.127,64.0,64.0
2026-06-11 09:15:15.783,1781162115783515000,,,
2026-06-11 09:15:16.797,1781162116797331000,249.234,64.0,64.0
2026-06-11 09:15:17.798,1781162117798793000,586.771,64.0,64.0
2026-06-11 09:15:18.803,1781162118803724000,682.778,64.0,64.0
2026-06-11 09:15:19.808,1781162119808886000,191.991,64.0,64.0
2026-06-11 09:15:20.809,1781162120809487000,224.8,64.0,64.0
2026-06-11 09:15:21.813,1781162121813314000,228.735,64.0,64.0
2026-06-11 09:15:22.818,1781162122818386000,,,
2026-06-11 09:15:23.830,1781162123830122000,,,
2026-06-11 09:15:24.841,1781162124841936000,326.944,64.0,64.0
2026-06-11 09:15:25.846,1781162125846957000,,,
2026-06-11 09:15:26.853,1781162126854075000,,,
2026-06-11 09:15:27.861,1781162127861294000,268.915,64.0,64.0
2026-06-11 09:15:28.865,1781162128865296000,,,
2026-06-11 09:15:29.876,1781162129877107000,917.864,64.0,64.0
2026-06-11 09:15:30.879,1781162130879319000,,,
2026-06-11 09:15:31.887,1781162131887350000,,,
2026-06-11 09:15:32.895,1781162132895201000,,,
2026-06-11 09:15:33.904,1781162133904431000,,,
2026-06-11 09:15:34.913,1781162134913502000,,,
2026-06-11 09:15:35.923,1781162135923542000,69.463,64.0,64.0
2026-06-11 09:15:36.927,1781162136928105000,,,
2026-06-11 09:15:37.937,1781162137938116000,375.329,64.0,64.0
2026-06-11 09:15:38.940,1781162138940552000,162.442,64.0,64.0
2026-06-11 09:15:39.944,1781162139944650000,,,
2026-06-11 09:15:40.953,1781162140953716000,,,
2026-06-11 09:15:41.967,1781162141967694000,437.728,64.0,64.0
2026-06-11 09:15:42.972,1781162142972890000,924.102,64.0,64.0
2026-06-11 09:15:43.977,1781162143977977000,,,
2026-06-11 09:15:44.990,1781162144990436000,,,
2026-06-11 09:15:46.001,1781162146001890000,,,
2026-06-11 09:15:47.013,1781162147013477000,,,
2026-06-11 09:15:48.027,1781162148027395000,,,
2026-06-11 09:15:49.039,1781162149040117000,,,
2026-06-11 09:15:50.054,1781162150054325000,,,
2026-06-11 09:15:51.067,1781162151067483000,,,
2026-06-11 09:15:52.079,1781162152079572000,,,
2026-06-11 09:15:53.090,1781162153090714000,385.069,64.0,64.0
2026-06-11 09:15:54.095,1781162154095851000,264.516,64.0,64.0
2026-06-11 09:15:55.096,1781162155096549000,289.67,64.0,64.0
2026-06-11 09:15:56.101,1781162156101358000,,,
2026-06-11 09:15:57.112,1781162157112398000,350.579,64.0,64.0
2026-06-11 09:15:58.117,1781162158117610000,,,
2026-06-11 09:15:59.129,1781162159130092000,,,
2026-06-11 09:16:00.144,1781162160144413000,,,
2026-06-11 09:16:01.155,1781162161155222000,,,
2026-06-11 09:16:02.169,1781162162169154000,,,
2026-06-11 09:16:03.179,1781162163179552000,,,
2026-06-11 09:16:04.192,1781162164192602000,,,
2026-06-11 09:16:05.205,1781162165205706000,,,
2026-06-11 09:16:06.220,1781162166220443000,,,
2026-06-11 09:16:07.233,1781162167233481000,291.59,64.0,64.0
2026-06-11 09:16:08.238,1781162168238544000,,,
2026-06-11 09:16:09.252,1781162169252958000,,,
2026-06-11 09:16:10.264,1781162170264486000,835.708,64.0,64.0
2026-06-11 09:16:11.269,1781162171269585000,73.015,64.0,64.0
2026-06-11 09:16:12.274,1781162172274636000,,,
2026-06-11 09:16:13.285,1781162173286052000,,,
2026-06-11 09:16:14.299,1781162174299210000,,,
2026-06-11 09:16:15.312,1781162175312862000,,,
2026-06-11 09:16:16.325,1781162176326093000,,,
2026-06-11 09:16:17.339,1781162177339787000,,,
2026-06-11 09:16:18.353,1781162178353549000,201.991,64.0,64.0
2026-06-11 09:16:19.358,1781162179358772000,,,
2026-06-11 09:16:20.372,1781162180373050000,165.123,64.0,64.0
2026-06-11 09:16:21.373,1781162181373289000,,,
2026-06-11 09:16:22.386,1781162182386840000,262.13,64.0,64.0
2026-06-11 09:16:23.387,1781162183387369000,,,
2026-06-11 09:16:24.398,1781162184398587000,,,
2026-06-11 09:16:25.408,1781162185408614000,,,
2026-06-11 09:16:26.418,1781162186418283000,,,
2026-06-11 09:16:27.429,1781162187429561000,,,
2026-06-11 09:16:28.441,1781162188441157000,,,
2026-06-11 09:16:29.452,1781162189452747000,,,
2026-06-11 09:16:30.464,1781162190464833000,,,
2026-06-11 09:16:31.475,1781162191476083000,,,
2026-06-11 09:16:32.489,1781162192489781000,,,
2026-06-11 09:16:33.501,1781162193501272000,,,
2026-06-11 09:16:34.512,1781162194512352000,,,
2026-06-11 09:16:35.523,1781162195523172000,,,
2026-06-11 09:16:36.532,1781162196533024000,,,
2026-06-11 09:16:37.547,1781162197547286000,782.332,64.0,64.0
2026-06-11 09:16:38.552,1781162198552460000,,,
2026-06-11 09:16:39.566,1781162199566956000,,,
2026-06-11 09:16:40.578,1781162200578465000,,,
2026-06-11 09:16:41.593,1781162201593925000,,,
2026-06-11 09:16:42.606,1781162202606827000,,,
2026-06-11 09:16:43.619,1781162203619514000,,,
2026-06-11 09:16:44.634,1781162204634618000,,,
2026-06-11 09:16:45.648,1781162205648378000,,,
2026-06-11 09:16:46.662,1781162206662834000,,,
2026-06-11 09:16:47.672,1781162207672921000,,,
2026-06-11 09:16:48.684,1781162208684556000,,,
2026-06-11 09:16:49.696,1781162209696214000,380.26,64.0,64.0
2026-06-11 09:16:50.701,1781162210701323000,422.738,64.0,64.0
2026-06-11 09:16:51.706,1781162211706349000,,,
2026-06-11 09:16:52.720,1781162212720255000,,,
2026-06-11 09:16:53.731,1781162213731658000,,,
2026-06-11 09:16:54.741,1781162214741846000,,,
2026-06-11 09:16:55.749,1781162215749410000,476.112,64.0,64.0
2026-06-11 09:16:56.754,1781162216754550000,,,
2026-06-11 09:16:57.767,1781162217767149000,,,
2026-06-11 09:16:58.774,1781162218774890000,,,
2026-06-11 09:16:59.786,1781162219786531000,118.965,64.0,64.0
2026-06-11 09:17:00.791,1781162220791784000,261.281,64.0,64.0
2026-06-11 09:17:01.796,1781162221796889000,,,
2026-06-11 09:17:02.811,1781162222811480000,,,
2026-06-11 09:17:03.819,1781162223819469000,,,
2026-06-11 09:17:04.829,1781162224829326000,,,
2026-06-11 09:17:05.842,1781162225843054000,,,
2026-06-11 09:17:06.853,1781162226853586000,,,
2026-06-11 09:17:07.864,1781162227864763000,,,
2026-06-11 09:17:08.875,1781162228875662000,,,
2026-06-11 09:17:09.886,1781162229886318000,510.265,64.0,64.0
2026-06-11 09:17:10.891,1781162230891542000,484.067,64.0,64.0
2026-06-11 09:17:11.896,1781162231896597000,,,
2026-06-11 09:17:12.911,1781162232911397000,,,
2026-06-11 09:17:13.925,1781162233925380000,,,
2026-06-11 09:17:14.938,1781162234938650000,,,
2026-06-11 09:17:15.952,1781162235952208000,,,
2026-06-11 09:17:16.964,1781162236965061000,,,
2026-06-11 09:17:17.976,1781162237976390000,,,
2026-06-11 09:17:18.987,1781162238987746000,427.868,64.0,64.0
2026-06-11 09:17:19.990,1781162239990230000,,,
2026-06-11 09:17:21.002,1781162241002185000,,,
2026-06-11 09:17:22.010,1781162242011029000,,,
2026-06-11 09:17:23.018,1781162243018136000,492.613,64.0,64.0
2026-06-11 09:17:24.020,1781162244020317000,643.075,64.0,64.0
2026-06-11 09:17:25.025,1781162245025413000,,,
2026-06-11 09:17:26.039,1781162246039429000,,,
2026-06-11 09:17:27.052,1781162247053141000,209.931,64.0,64.0
2026-06-11 09:17:28.053,1781162248053501000,,,
2026-06-11 09:17:29.067,1781162249068124000,,,
2026-06-11 09:17:30.081,1781162250081827000,,,
2026-06-11 09:17:31.094,1781162251094612000,113.09,64.0,64.0
2026-06-11 09:17:32.099,1781162252099714000,,,
2026-06-11 09:17:33.111,1781162253111728000,,,
2026-06-11 09:17:34.122,1781162254122630000,,,
2026-06-11 09:17:35.136,1781162255136192000,,,
2026-06-11 09:17:36.145,1781162256145183000,,,
2026-06-11 09:17:37.157,1781162257157988000,,,
2026-06-11 09:17:38.167,1781162258168082000,,,
2026-06-11 09:17:39.177,1781162259177742000,232.762,64.0,64.0
2026-06-11 09:17:40.182,1781162260182781000,580.843,64.0,64.0
2026-06-11 09:17:41.182,1781162261183211000,,,
2026-06-11 09:17:42.194,1781162262194408000,618.874,64.0,64.0
2026-06-11 09:17:43.199,1781162263199674000,334.868,64.0,64.0
2026-06-11 09:17:44.201,1781162264201851000,,,
2026-06-11 09:17:45.213,1781162265213694000,176.114,64.0,64.0
2026-06-11 09:17:46.218,1781162266218867000,,,
2026-06-11 09:17:47.228,1781162267228191000,,,
2026-06-11 09:17:48.240,1781162268240445000,965.303,64.0,64.0
2026-06-11 09:17:49.243,1781162269243240000,535.702,64.0,64.0
2026-06-11 09:17:50.248,1781162270248375000,,,
2026-06-11 09:17:51.262,1781162271263015000,,,
2026-06-11 09:17:52.274,1781162272275034000,623.411,64.0,64.0
2026-06-11 09:17:53.278,1781162273279069000,,,
2026-06-11 09:17:54.294,1781162274294323000,,,
2026-06-11 09:17:55.307,1781162275307232000,,,
2026-06-11 09:17:56.317,1781162276317475000,741.816,64.0,64.0
2026-06-11 09:17:57.318,1781162277318855000,136.631,64.0,64.0
2026-06-11 09:17:58.323,1781162278323990000,516.118,64.0,64.0
2026-06-11 09:17:59.328,1781162279328990000,2.776,64.0,64.0
2026-06-11 09:18:00.333,1781162280334171000,3.198,64.0,64.0
2026-06-11 09:18:01.339,1781162281339259000,577.382,64.0,64.0
2026-06-11 09:18:02.342,1781162282342280000,448.735,64.0,64.0
2026-06-11 09:18:03.347,1781162283347460000,223.806,64.0,64.0
2026-06-11 09:18:04.352,1781162284352505000,474.301,64.0,64.0
2026-06-11 09:18:05.353,1781162285353866000,232.198,64.0,64.0
2026-06-11 09:18:06.358,1781162286358887000,747.934,64.0,64.0
2026-06-11 09:18:07.360,1781162287360468000,,,
2026-06-11 09:18:08.374,1781162288374365000,,,
2026-06-11 09:18:09.385,1781162289386016000,,,
2026-06-11 09:18:10.395,1781162290395505000,,,
2026-06-11 09:18:11.406,1781162291406138000,422.482,64.0,64.0
2026-06-11 09:18:12.411,1781162292411151000,494.818,64.0,64.0
2026-06-11 09:18:13.416,1781162293416383000,977.071,64.0,64.0
2026-06-11 09:18:14.419,1781162294419988000,340.403,64.0,64.0
2026-06-11 09:18:15.424,1781162295424945000,682.843,64.0,64.0
2026-06-11 09:18:16.427,1781162296427678000,421.761,64.0,64.0
2026-06-11 09:18:17.432,1781162297432673000,252.011,64.0,64.0
2026-06-11 09:18:18.437,1781162298437635000,606.166,64.0,64.0
2026-06-11 09:18:19.438,1781162299439025000,141.598,64.0,64.0
2026-06-11 09:18:20.443,1781162300443322000,686.022,64.0,64.0
2026-06-11 09:18:21.447,1781162301447725000,446.361,64.0,64.0
2026-06-11 09:18:22.450,1781162302450742000,3.138,64.0,64.0
2026-06-11 09:18:23.455,1781162303455881000,504.808,64.0,64.0
2026-06-11 09:18:24.460,1781162304460843000,566.871,64.0,64.0
2026-06-11 09:18:25.465,1781162305465998000,78.945,64.0,64.0
2026-06-11 09:18:26.470,1781162306471181000,110.553,64.0,64.0
2026-06-11 09:18:27.475,1781162307475725000,550.096,64.0,64.0
2026-06-11 09:18:28.479,1781162308480155000,20.276,64.0,64.0
2026-06-11 09:18:29.483,1781162309483592000,35.057,64.0,64.0
2026-06-11 09:18:30.488,1781162310488676000,177.313,64.0,64.0
2026-06-11 09:18:31.493,1781162311493714000,168.654,64.0,64.0
2026-06-11 09:18:32.498,1781162312498791000,321.665,64.0,64.0
2026-06-11 09:18:33.503,1781162313503738000,163.69,64.0,64.0
2026-06-11 09:18:34.507,1781162314507951000,315.48,64.0,64.0
2026-06-11 09:18:35.512,1781162315513005000,26.153,64.0,64.0
2026-06-11 09:18:36.515,1781162316515757000,5.909,64.0,64.0
2026-06-11 09:18:37.520,1781162317520682000,3.74,64.0,64.0
2026-06-11 09:18:38.524,1781162318524514000,7.003,64.0,64.0
2026-06-11 09:18:39.525,1781162319525521000,49.667,64.0,64.0
2026-06-11 09:18:40.530,1781162320530520000,128.871,64.0,64.0
2026-06-11 09:18:41.532,1781162321532565000,135.649,64.0,64.0
2026-06-11 09:18:42.536,1781162322536674000,275.311,64.0,64.0
2026-06-11 09:18:43.540,1781162323541164000,73.067,64.0,64.0
2026-06-11 09:18:44.546,1781162324546235000,125.078,64.0,64.0
2026-06-11 09:18:45.550,1781162325551175000,376.295,64.0,64.0
2026-06-11 09:18:46.556,1781162326556290000,902.962,64.0,64.0
2026-06-11 09:18:47.559,1781162327559837000,410.295,64.0,64.0
2026-06-11 09:18:48.564,1781162328564899000,2.557,64.0,64.0
2026-06-11 09:18:49.569,1781162329570005000,25.767,64.0,64.0
2026-06-11 09:18:50.574,1781162330575045000,21.967,64.0,64.0
2026-06-11 09:18:51.579,1781162331580425000,7.414,64.0,64.0
2026-06-11 09:18:52.584,1781162332585270000,15.579,64.0,64.0
2026-06-11 09:18:53.589,1781162333589403000,14.734,64.0,64.0
2026-06-11 09:18:54.594,1781162334594954000,181.041,64.0,64.0
2026-06-11 09:18:55.599,1781162335600020000,41.29,64.0,64.0
2026-06-11 09:18:56.603,1781162336603545000,316.638,64.0,64.0
2026-06-11 09:18:57.608,1781162337608530000,95.571,64.0,64.0
2026-06-11 09:18:58.612,1781162338612370000,2.866,64.0,64.0
2026-06-11 09:18:59.615,1781162339615904000,271.263,64.0,64.0
2026-06-11 09:19:00.620,1781162340620950000,16.277,64.0,64.0
2026-06-11 09:19:01.623,1781162341624281000,11.741,64.0,64.0
2026-06-11 09:19:02.624,1781162342625232000,7.775,64.0,64.0
2026-06-11 09:19:03.627,1781162343627573000,17.395,64.0,64.0
2026-06-11 09:19:04.632,1781162344632237000,144.273,64.0,64.0
2026-06-11 09:19:05.636,1781162345636707000,37.037,64.0,64.0
2026-06-11 09:19:06.640,1781162346641147000,74.895,64.0,64.0
2026-06-11 09:19:07.642,1781162347642701000,359.006,64.0,64.0
2026-06-11 09:19:08.647,1781162348647726000,727.718,64.0,64.0
2026-06-11 09:19:09.652,1781162349652851000,5.047,64.0,64.0
2026-06-11 09:19:10.653,1781162350653382000,9.622,64.0,64.0
2026-06-11 09:19:11.658,1781162351658344000,2.707,64.0,64.0
2026-06-11 09:19:12.663,1781162352663562000,3.269,64.0,64.0
2026-06-11 09:19:13.664,1781162353664385000,21.479,64.0,64.0
2026-06-11 09:19:14.669,1781162354669346000,8.088,64.0,64.0
2026-06-11 09:19:15.674,1781162355674505000,15.096,64.0,64.0
2026-06-11 09:19:16.676,1781162356676740000,3.765,64.0,64.0
2026-06-11 09:19:17.681,1781162357681606000,216.132,64.0,64.0
2026-06-11 09:19:18.685,1781162358685275000,47.342,64.0,64.0
2026-06-11 09:19:19.690,1781162359690348000,193.83,64.0,64.0
2026-06-11 09:19:20.695,1781162360695356000,109.922,64.0,64.0
2026-06-11 09:19:21.699,1781162361699294000,3.827,64.0,64.0
2026-06-11 09:19:22.699,1781162362699482000,2.282,64.0,64.0
2026-06-11 09:19:23.704,1781162363704456000,7.355,64.0,64.0
2026-06-11 09:19:24.709,1781162364709680000,3.796,64.0,64.0
2026-06-11 09:19:25.714,1781162365714775000,100.977,64.0,64.0
2026-06-11 09:19:26.719,1781162366719797000,4.107,64.0,64.0
2026-06-11 09:19:27.720,1781162367720726000,2.497,64.0,64.0
2026-06-11 09:19:28.721,1781162368721930000,140.052,64.0,64.0
2026-06-11 09:19:29.726,1781162369726948000,128.696,64.0,64.0
2026-06-11 09:19:30.730,1781162370731162000,53.891,64.0,64.0
2026-06-11 09:19:31.736,1781162371736272000,200.34,64.0,64.0
2026-06-11 09:19:32.741,1781162372741347000,264.826,64.0,64.0
2026-06-11 09:19:33.746,1781162373746444000,7.523,64.0,64.0
2026-06-11 09:19:34.751,1781162374751365000,8.755,64.0,64.0
2026-06-11 09:19:35.756,1781162375756507000,275.594,64.0,64.0
2026-06-11 09:19:36.761,1781162376761543000,50.597,64.0,64.0
2026-06-11 09:19:37.766,1781162377766661000,18.102,64.0,64.0
2026-06-11 09:19:38.767,1781162378767586000,677.918,64.0,64.0
2026-06-11 09:19:39.772,1781162379772563000,3.107,64.0,64.0
2026-06-11 09:19:40.774,1781162380774363000,182.642,64.0,64.0
2026-06-11 09:19:41.775,1781162381775494000,156.686,64.0,64.0
2026-06-11 09:19:42.780,1781162382780474000,74.026,64.0,64.0
2026-06-11 09:19:43.785,1781162383785510000,216.286,64.0,64.0
2026-06-11 09:19:44.790,1781162384790500000,607.011,64.0,64.0
2026-06-11 09:19:45.795,1781162385795505000,3.648,64.0,64.0
2026-06-11 09:19:46.800,1781162386800659000,6.232,64.0,64.0
2026-06-11 09:19:47.803,1781162387803704000,360.29,64.0,64.0
2026-06-11 09:19:48.805,1781162388805998000,4.969,64.0,64.0
2026-06-11 09:19:49.806,1781162389806597000,882.877,64.0,64.0
2026-06-11 09:19:50.811,1781162390811660000,14.546,64.0,64.0
2026-06-11 09:19:51.816,1781162391816796000,40.963,64.0,64.0
2026-06-11 09:19:52.821,1781162392821952000,259.377,64.0,64.0
2026-06-11 09:19:53.826,1781162393826989000,269.89,64.0,64.0
2026-06-11 09:19:54.831,1781162394831813000,421.358,64.0,64.0
2026-06-11 09:19:55.836,1781162395836314000,50.369,64.0,64.0
2026-06-11 09:19:56.839,1781162396839462000,199.856,64.0,64.0
2026-06-11 09:19:57.841,1781162397842058000,4.009,64.0,64.0
2026-06-11 09:19:58.847,1781162398847259000,2.848,64.0,64.0
2026-06-11 09:19:59.852,1781162399852288000,3.301,64.0,64.0
2026-06-11 09:20:00.857,1781162400857356000,17.647,64.0,64.0
2026-06-11 09:20:01.862,1781162401862493000,3.304,64.0,64.0
2026-06-11 09:20:02.867,1781162402867568000,3.286,64.0,64.0
2026-06-11 09:20:03.872,1781162403872549000,151.522,64.0,64.0
2026-06-11 09:20:04.875,1781162404876090000,4.64,64.0,64.0
2026-06-11 09:20:05.880,1781162405881091000,51.786,64.0,64.0
2026-06-11 09:20:06.885,1781162406886199000,106.268,64.0,64.0
2026-06-11 09:20:07.891,1781162407891333000,112.512,64.0,64.0
2026-06-11 09:20:08.896,1781162408896191000,3.463,64.0,64.0
2026-06-11 09:20:09.901,1781162409901417000,9.707,64.0,64.0
2026-06-11 09:20:10.906,1781162410906497000,9.563,64.0,64.0
2026-06-11 09:20:11.911,1781162411911618000,2.246,64.0,64.0
2026-06-11 09:20:12.916,1781162412916677000,368.408,64.0,64.0
2026-06-11 09:20:13.921,1781162413921530000,5.911,64.0,64.0
2026-06-11 09:20:14.926,1781162414926776000,1.837,64.0,64.0
2026-06-11 09:20:15.931,1781162415931322000,116.93,64.0,64.0
2026-06-11 09:20:16.936,1781162416936519000,21.717,64.0,64.0
2026-06-11 09:20:17.941,1781162417941546000,152.288,64.0,64.0
2026-06-11 09:20:18.946,1781162418946449000,191.007,64.0,64.0
2026-06-11 09:20:19.947,1781162419947312000,141.51,64.0,64.0
2026-06-11 09:20:20.952,1781162420952599000,158.039,64.0,64.0
2026-06-11 09:20:21.954,1781162421955110000,3.599,64.0,64.0
2026-06-11 09:20:22.959,1781162422960206000,56.924,64.0,64.0
2026-06-11 09:20:23.965,1781162423965158000,6.587,64.0,64.0
2026-06-11 09:20:24.970,1781162424970407000,39.159,64.0,64.0
2026-06-11 09:20:25.973,1781162425974132000,7.141,64.0,64.0
2026-06-11 09:20:26.975,1781162426975696000,68.68,64.0,64.0
2026-06-11 09:20:27.980,1781162427980762000,207.257,64.0,64.0
2026-06-11 09:20:28.982,1781162428982599000,26.734,64.0,64.0
2026-06-11 09:20:29.984,1781162429984911000,120.554,64.0,64.0
2026-06-11 09:20:30.989,1781162430990012000,141.689,64.0,64.0
2026-06-11 09:20:31.994,1781162431995114000,434.665,64.0,64.0
2026-06-11 09:20:32.999,1781162433000259000,247.374,64.0,64.0
2026-06-11 09:20:34.004,1781162434004250000,50.024,64.0,64.0
2026-06-11 09:20:35.009,1781162435009437000,8.919,64.0,64.0
2026-06-11 09:20:36.014,1781162436014464000,9.868,64.0,64.0
2026-06-11 09:20:37.019,1781162437019603000,20.383,64.0,64.0
2026-06-11 09:20:38.019,1781162438020006000,88.003,64.0,64.0
2026-06-11 09:20:39.021,1781162439021431000,69.881,64.0,64.0
2026-06-11 09:20:40.026,1781162440026698000,143.681,64.0,64.0
2026-06-11 09:20:41.031,1781162441031824000,220.183,64.0,64.0
2026-06-11 09:20:42.036,1781162442036907000,222.522,64.0,64.0
2026-06-11 09:20:43.039,1781162443040081000,266.176,64.0,64.0
2026-06-11 09:20:44.044,1781162444045074000,125.969,64.0,64.0
2026-06-11 09:20:45.050,1781162445050275000,16.727,64.0,64.0
2026-06-11 09:20:46.055,1781162446055339000,247.95,64.0,64.0
2026-06-11 09:20:47.060,1781162447060293000,12.865,64.0,64.0
2026-06-11 09:20:48.065,1781162448065524000,11.071,64.0,64.0
2026-06-11 09:20:49.069,1781162449069857000,34.518,64.0,64.0
2026-06-11 09:20:50.074,1781162450075034000,639.453,64.0,64.0
2026-06-11 09:20:51.079,1781162451080113000,481.723,64.0,64.0
2026-06-11 09:20:52.084,1781162452085255000,250.66,64.0,64.0
2026-06-11 09:20:53.090,1781162453090360000,253.736,64.0,64.0
2026-06-11 09:20:54.095,1781162454095449000,232.833,64.0,64.0
2026-06-11 09:20:55.100,1781162455100511000,447.361,64.0,64.0
2026-06-11 09:20:56.105,1781162456105583000,213.45,64.0,64.0
2026-06-11 09:20:57.110,1781162457110644000,213.689,64.0,64.0
2026-06-11 09:20:58.115,1781162458115809000,45.6,64.0,64.0
2026-06-11 09:20:59.120,1781162459120887000,45.383,64.0,64.0
2026-06-11 09:21:00.125,1781162460125980000,122.955,64.0,64.0
2026-06-11 09:21:01.130,1781162461131105000,537.616,64.0,64.0
2026-06-11 09:21:02.130,1781162462131204000,717.16,64.0,64.0
2026-06-11 09:21:03.131,1781162463132190000,742.88,64.0,64.0
2026-06-11 09:21:04.132,1781162464132875000,38.13,64.0,64.0
2026-06-11 09:21:05.137,1781162465137979000,233.585,64.0,64.0
2026-06-11 09:21:06.142,1781162466143011000,47.414,64.0,64.0
2026-06-11 09:21:07.143,1781162467143874000,89.463,64.0,64.0
2026-06-11 09:21:08.148,1781162468149040000,289.791,64.0,64.0
2026-06-11 09:21:09.153,1781162469154121000,492.282,64.0,64.0
2026-06-11 09:21:10.158,1781162470159222000,461.046,64.0,64.0
2026-06-11 09:21:11.164,1781162471164322000,515.328,64.0,64.0
2026-06-11 09:21:12.164,1781162472164706000,126.826,64.0,64.0
2026-06-11 09:21:13.169,1781162473169913000,165.515,64.0,64.0
2026-06-11 09:21:14.174,1781162474174883000,571.344,64.0,64.0
2026-06-11 09:21:15.179,1781162475179913000,192.595,64.0,64.0
2026-06-11 09:21:16.182,1781162476182521000,10.703,64.0,64.0
2026-06-11 09:21:17.187,1781162477187457000,198.517,64.0,64.0
2026-06-11 09:21:18.192,1781162478192522000,211.231,64.0,64.0
2026-06-11 09:21:19.197,1781162479197734000,329.784,64.0,64.0
2026-06-11 09:21:20.202,1781162480202818000,940.578,64.0,64.0
2026-06-11 09:21:21.207,1781162481207806000,259.628,64.0,64.0
2026-06-11 09:21:22.212,1781162482212989000,,,
2026-06-11 09:21:23.223,1781162483223607000,596.978,64.0,64.0
2026-06-11 09:21:24.228,1781162484228795000,70.499,64.0,64.0
2026-06-11 09:21:25.233,1781162485233885000,109.891,64.0,64.0
2026-06-11 09:21:26.238,1781162486238961000,735.921,64.0,64.0
2026-06-11 09:21:27.242,1781162487242909000,280.887,64.0,64.0
2026-06-11 09:21:28.247,1781162488247783000,190.197,64.0,64.0
2026-06-11 09:21:29.248,1781162489248949000,152.228,64.0,64.0
2026-06-11 09:21:30.253,1781162490254132000,292.161,64.0,64.0
2026-06-11 09:21:31.258,1781162491259152000,379.937,64.0,64.0
2026-06-11 09:21:32.263,1781162492264270000,409.615,64.0,64.0
2026-06-11 09:21:33.264,1781162493264873000,372.764,64.0,64.0
2026-06-11 09:21:34.269,1781162494270033000,913.497,64.0,64.0
2026-06-11 09:21:35.274,1781162495274972000,30.608,64.0,64.0
2026-06-11 09:21:36.275,1781162496275268000,22.879,64.0,64.0
2026-06-11 09:21:37.280,1781162497280437000,146.525,64.0,64.0
2026-06-11 09:21:38.285,1781162498285397000,729.079,64.0,64.0
2026-06-11 09:21:39.290,1781162499290449000,245.717,64.0,64.0
2026-06-11 09:21:40.295,1781162500295628000,767.946,64.0,64.0
2026-06-11 09:21:41.300,1781162501300641000,289.389,64.0,64.0
2026-06-11 09:21:42.305,1781162502305275000,126.399,64.0,64.0
2026-06-11 09:21:43.310,1781162503310432000,116.702,64.0,64.0
2026-06-11 09:21:44.315,1781162504315606000,348.592,64.0,64.0
2026-06-11 09:21:45.320,1781162505320641000,193.991,64.0,64.0
2026-06-11 09:21:46.325,1781162506325770000,285.128,64.0,64.0
2026-06-11 09:21:47.330,1781162507330863000,286.713,64.0,64.0
2026-06-11 09:21:48.334,1781162508335296000,425.998,64.0,64.0
2026-06-11 09:21:49.337,1781162509337642000,481.837,64.0,64.0
2026-06-11 09:21:50.338,1781162510338702000,299.896,64.0,64.0
2026-06-11 09:21:51.340,1781162511340592000,424.442,64.0,64.0
2026-06-11 09:21:52.345,1781162512345700000,260.199,64.0,64.0
2026-06-11 09:21:53.350,1781162513350790000,46.434,64.0,64.0
2026-06-11 09:21:54.355,1781162514355883000,12.411,64.0,64.0
2026-06-11 09:21:55.360,1781162515360578000,344.505,64.0,64.0
2026-06-11 09:21:56.363,1781162516363916000,169.006,64.0,64.0
2026-06-11 09:21:57.368,1781162517369068000,71.353,64.0,64.0
2026-06-11 09:21:58.373,1781162518374066000,207.788,64.0,64.0
2026-06-11 09:21:59.374,1781162519374720000,336.271,64.0,64.0
2026-06-11 09:22:00.379,1781162520379890000,408.869,64.0,64.0
2026-06-11 09:22:01.384,1781162521384993000,2.132,64.0,64.0
2026-06-11 09:22:02.389,1781162522389849000,165.691,64.0,64.0
2026-06-11 09:22:03.391,1781162523391453000,3.117,64.0,64.0
2026-06-11 09:22:04.393,1781162524393342000,2.314,64.0,64.0
2026-06-11 09:22:05.397,1781162525397845000,3.39,64.0,64.0
2026-06-11 09:22:06.401,1781162526402166000,2.788,64.0,64.0
2026-06-11 09:22:07.402,1781162527402941000,255.622,64.0,64.0
2026-06-11 09:22:08.407,1781162528407843000,500.324,64.0,64.0
2026-06-11 09:22:09.411,1781162529411314000,630.255,64.0,64.0
2026-06-11 09:22:10.413,1781162530413834000,329.298,64.0,64.0
2026-06-11 09:22:11.418,1781162531418884000,143.907,64.0,64.0
2026-06-11 09:22:12.420,1781162532421186000,296.352,64.0,64.0
2026-06-11 09:22:13.422,1781162533423153000,61.042,64.0,64.0
2026-06-11 09:22:14.427,1781162534428129000,166.508,64.0,64.0
2026-06-11 09:22:15.433,1781162535433290000,311.765,64.0,64.0
2026-06-11 09:22:16.437,1781162536437272000,40.281,64.0,64.0
2026-06-11 09:22:17.441,1781162537441537000,55.959,64.0,64.0
2026-06-11 09:22:18.446,1781162538446680000,48.939,64.0,64.0
2026-06-11 09:22:19.451,1781162539451758000,391.873,64.0,64.0
2026-06-11 09:22:20.456,1781162540456820000,25.938,64.0,64.0
2026-06-11 09:22:21.460,1781162541460234000,13.383,64.0,64.0
2026-06-11 09:22:22.461,1781162542461277000,177.276,64.0,64.0
2026-06-11 09:22:23.461,1781162543461970000,3.212,64.0,64.0
2026-06-11 09:22:24.466,1781162544467178000,2.483,64.0,64.0
2026-06-11 09:22:25.471,1781162545472278000,323.076,64.0,64.0
2026-06-11 09:22:26.477,1781162546477300000,466.389,64.0,64.0
2026-06-11 09:22:27.478,1781162547479019000,4.031,64.0,64.0
2026-06-11 09:22:28.483,1781162548484015000,12.059,64.0,64.0
2026-06-11 09:22:29.488,1781162549489100000,385.969,64.0,64.0
2026-06-11 09:22:30.494,1781162550494285000,842.842,64.0,64.0
2026-06-11 09:22:31.494,1781162551494714000,88.35,64.0,64.0
2026-06-11 09:22:32.495,1781162552496063000,335.315,64.0,64.0
2026-06-11 09:22:33.496,1781162553496131000,426.172,64.0,64.0
2026-06-11 09:22:34.501,1781162554501339000,358.92,64.0,64.0
2026-06-11 09:22:35.506,1781162555506447000,436.724,64.0,64.0
2026-06-11 09:22:36.511,1781162556511394000,303.586,64.0,64.0
2026-06-11 09:22:37.516,1781162557516713000,224.833,64.0,64.0
2026-06-11 09:22:38.521,1781162558521344000,676.614,64.0,64.0
2026-06-11 09:22:39.526,1781162559526402000,166.582,64.0,64.0
2026-06-11 09:22:40.531,1781162560531440000,244.89,64.0,64.0
2026-06-11 09:22:41.536,1781162561536460000,174.585,64.0,64.0
2026-06-11 09:22:42.541,1781162562541475000,208.224,64.0,64.0
2026-06-11 09:22:43.545,1781162563546085000,400.482,64.0,64.0
2026-06-11 09:22:44.550,1781162564551088000,288.678,64.0,64.0
2026-06-11 09:22:45.555,1781162565556123000,25.963,64.0,64.0
2026-06-11 09:22:46.561,1781162566561298000,3.718,64.0,64.0
2026-06-11 09:22:47.566,1781162567566282000,252.117,64.0,64.0
2026-06-11 09:22:48.571,1781162568571262000,105.705,64.0,64.0
2026-06-11 09:22:49.575,1781162569576005000,294.012,64.0,64.0
2026-06-11 09:22:50.579,1781162570580123000,263.293,64.0,64.0
2026-06-11 09:22:51.584,1781162571585102000,189.656,64.0,64.0
2026-06-11 09:22:52.588,1781162572588900000,496.931,64.0,64.0
2026-06-11 09:22:53.593,1781162573593967000,165.914,64.0,64.0
2026-06-11 09:22:54.595,1781162574596059000,241.298,64.0,64.0
2026-06-11 09:22:55.597,1781162575597977000,3.875,64.0,64.0
2026-06-11 09:22:56.602,1781162576602927000,3.226,64.0,64.0
2026-06-11 09:22:57.607,1781162577608010000,200.264,64.0,64.0
2026-06-11 09:22:58.612,1781162578613013000,109.27,64.0,64.0
2026-06-11 09:22:59.617,1781162579618258000,206.181,64.0,64.0
2026-06-11 09:23:00.618,1781162580618502000,265.917,64.0,64.0
2026-06-11 09:23:01.620,1781162581620929000,395.808,64.0,64.0
2026-06-11 09:23:02.624,1781162582624635000,92.876,64.0,64.0
2026-06-11 09:23:03.627,1781162583627726000,60.66,64.0,64.0
2026-06-11 09:23:04.632,1781162584632867000,155.229,64.0,64.0
2026-06-11 09:23:05.635,1781162585635509000,289.107,64.0,64.0
2026-06-11 09:23:06.638,1781162586638677000,178.493,64.0,64.0
2026-06-11 09:23:07.643,1781162587643819000,153.743,64.0,64.0
2026-06-11 09:23:08.645,1781162588645989000,191.914,64.0,64.0
2026-06-11 09:23:09.649,1781162589649947000,37.849,64.0,64.0
2026-06-11 09:23:10.653,1781162590653700000,577.863,64.0,64.0
2026-06-11 09:23:11.655,1781162591655334000,66.884,64.0,64.0
2026-06-11 09:23:12.660,1781162592660455000,124.947,64.0,64.0
2026-06-11 09:23:13.662,1781162593662875000,199.841,64.0,64.0
2026-06-11 09:23:14.667,1781162594667819000,411.397,64.0,64.0
2026-06-11 09:23:15.672,1781162595673004000,4.28,64.0,64.0
2026-06-11 09:23:16.673,1781162596674083000,7.109,64.0,64.0
2026-06-11 09:23:17.676,1781162597676243000,8.706,64.0,64.0
2026-06-11 09:23:18.677,1781162598677926000,32.977,64.0,64.0
2026-06-11 09:23:19.680,1781162599680741000,5.724,64.0,64.0
2026-06-11 09:23:20.685,1781162600685829000,3.085,64.0,64.0
2026-06-11 09:23:21.688,1781162601688425000,11.112,64.0,64.0
2026-06-11 09:23:22.693,1781162602693425000,7.195,64.0,64.0
2026-06-11 09:23:23.696,1781162603697142000,1.515,64.0,64.0
2026-06-11 09:23:24.701,1781162604704016000,11.101,64.0,64.0
2026-06-11 09:23:25.702,1781162605702868000,9.558,64.0,64.0
2026-06-11 09:23:26.704,1781162606704805000,3.124,64.0,64.0
2026-06-11 09:23:27.706,1781162607706839000,298.341,64.0,64.0
2026-06-11 09:23:28.711,1781162608711122000,2.726,64.0,64.0
2026-06-11 09:23:29.714,1781162609714431000,18.93,64.0,64.0
2026-06-11 09:23:30.719,1781162610719482000,205.253,64.0,64.0
2026-06-11 09:23:31.722,1781162611723031000,45.61,64.0,64.0
2026-06-11 09:23:32.727,1781162612728121000,4.458,64.0,64.0
2026-06-11 09:23:33.732,1781162613733218000,2.954,64.0,64.0
2026-06-11 09:23:34.738,1781162614738139000,3.28,64.0,64.0
2026-06-11 09:23:35.743,1781162615743221000,65.123,64.0,64.0
2026-06-11 09:23:36.745,1781162616745970000,83.882,64.0,64.0
2026-06-11 09:23:37.747,1781162617748208000,645.557,64.0,64.0
2026-06-11 09:23:38.752,1781162618753172000,345.207,64.0,64.0
2026-06-11 09:23:39.754,1781162619754734000,374.863,64.0,64.0
2026-06-11 09:23:40.759,1781162620759505000,233.153,64.0,64.0
2026-06-11 09:23:41.764,1781162621764552000,254.649,64.0,64.0
2026-06-11 09:23:42.768,1781162622768821000,161.445,64.0,64.0
2026-06-11 09:23:43.773,1781162623773692000,115.168,64.0,64.0
2026-06-11 09:23:44.778,1781162624778794000,2.67,64.0,64.0
2026-06-11 09:23:45.782,1781162625782884000,225.894,64.0,64.0
2026-06-11 09:23:46.786,1781162626786861000,233.856,64.0,64.0
2026-06-11 09:23:47.791,1781162627792085000,3.189,64.0,64.0
2026-06-11 09:23:48.796,1781162628796914000,12.321,64.0,64.0
2026-06-11 09:23:49.801,1781162629801971000,132.034,64.0,64.0
2026-06-11 09:23:50.804,1781162630805176000,388.155,64.0,64.0
2026-06-11 09:23:51.808,1781162631808457000,338.584,64.0,64.0
2026-06-11 09:23:52.808,1781162632808547000,13.955,64.0,64.0
2026-06-11 09:23:53.808,1781162633808963000,410.558,64.0,64.0
2026-06-11 09:23:54.813,1781162634814039000,507.069,64.0,64.0
2026-06-11 09:23:55.817,1781162635817605000,127.155,64.0,64.0
2026-06-11 09:23:56.822,1781162636822628000,294.537,64.0,64.0
2026-06-11 09:23:57.827,1781162637827750000,467.513,64.0,64.0
2026-06-11 09:23:58.832,1781162638832701000,467.297,64.0,64.0
2026-06-11 09:23:59.837,1781162639837850000,352.576,64.0,64.0
2026-06-11 09:24:00.842,1781162640843009000,85.368,64.0,64.0
2026-06-11 09:24:01.847,1781162641848041000,414.752,64.0,64.0
2026-06-11 09:24:02.852,1781162642853134000,269.198,64.0,64.0
2026-06-11 09:24:03.857,1781162643858243000,325.989,64.0,64.0
2026-06-11 09:24:04.863,1781162644863316000,507.564,64.0,64.0
2026-06-11 09:24:05.868,1781162645868425000,324.465,64.0,64.0
2026-06-11 09:24:06.870,1781162646871146000,161.062,64.0,64.0
2026-06-11 09:24:07.873,1781162647874152000,70.109,64.0,64.0
2026-06-11 09:24:08.879,1781162648879293000,243.039,64.0,64.0
2026-06-11 09:24:09.884,1781162649884365000,287.574,64.0,64.0
2026-06-11 09:24:10.886,1781162650886224000,217.051,64.0,64.0
2026-06-11 09:24:11.886,1781162651887132000,110.283,64.0,64.0
2026-06-11 09:24:12.891,1781162652892227000,300.709,64.0,64.0
2026-06-11 09:24:13.896,1781162653897225000,3.789,64.0,64.0
2026-06-11 09:24:14.902,1781162654902305000,320.3,64.0,64.0
2026-06-11 09:24:15.907,1781162655907353000,298.986,64.0,64.0
2026-06-11 09:24:16.907,1781162656908175000,546.294,64.0,64.0
2026-06-11 09:24:17.913,1781162657913094000,51.158,64.0,64.0
2026-06-11 09:24:18.915,1781162658915346000,379.864,64.0,64.0
2026-06-11 09:24:19.920,1781162659920356000,336.291,64.0,64.0
2026-06-11 09:24:20.925,1781162660925627000,273.997,64.0,64.0
2026-06-11 09:24:21.926,1781162661926831000,577.47,64.0,64.0
2026-06-11 09:24:22.931,1781162662932068000,3.946,64.0,64.0
2026-06-11 09:24:23.931,1781162663931983000,119.568,64.0,64.0
2026-06-11 09:24:24.936,1781162664937197000,447.096,64.0,64.0
2026-06-11 09:24:25.941,1781162665942057000,308.433,64.0,64.0
2026-06-11 09:24:26.947,1781162666947327000,3.31,64.0,64.0
2026-06-11 09:24:27.952,1781162667952300000,281.271,64.0,64.0
2026-06-11 09:24:28.954,1781162668954810000,589.878,64.0,64.0
2026-06-11 09:24:29.955,1781162669955392000,139.093,64.0,64.0
2026-06-11 09:24:30.960,1781162670960486000,228.792,64.0,64.0
2026-06-11 09:24:31.965,1781162671965511000,308.548,64.0,64.0
2026-06-11 09:24:32.970,1781162672970620000,64.699,64.0,64.0
2026-06-11 09:24:33.971,1781162673971183000,169.412,64.0,64.0
2026-06-11 09:24:34.976,1781162674976237000,588.444,64.0,64.0
2026-06-11 09:24:35.981,1781162675981166000,131.434,64.0,64.0
2026-06-11 09:24:36.985,1781162676986101000,681.736,64.0,64.0
2026-06-11 09:24:37.990,1781162677991042000,110.964,64.0,64.0
2026-06-11 09:24:38.996,1781162678996376000,334.212,64.0,64.0
2026-06-11 09:24:40.001,1781162680001199000,150.538,64.0,64.0
2026-06-11 09:24:41.003,1781162681003838000,595.388,64.0,64.0
2026-06-11 09:24:42.015,1781162682016528000,69.294,64.0,64.0
2026-06-11 09:24:43.019,1781162683019860000,459.757,64.0,64.0
2026-06-11 09:24:44.020,1781162684020426000,290.767,64.0,64.0
2026-06-11 09:24:45.020,1781162685020683000,465.579,64.0,64.0
2026-06-11 09:24:46.025,1781162686025685000,245.366,64.0,64.0
2026-06-11 09:24:47.030,1781162687030713000,267.765,64.0,64.0
2026-06-11 09:24:48.035,1781162688035676000,297.241,64.0,64.0
2026-06-11 09:24:49.037,1781162689037334000,282.768,64.0,64.0
2026-06-11 09:24:50.042,1781162690042275000,281.479,64.0,64.0
2026-06-11 09:24:51.045,1781162691045318000,168.973,64.0,64.0
2026-06-11 09:24:52.045,1781162692045910000,340.951,64.0,64.0
2026-06-11 09:24:53.050,1781162693050872000,350.157,64.0,64.0
2026-06-11 09:24:54.055,1781162694056152000,99.949,64.0,64.0
2026-06-11 09:24:55.060,1781162695061175000,128.429,64.0,64.0
2026-06-11 09:24:56.066,1781162696066321000,190.176,64.0,64.0
2026-06-11 09:24:57.069,1781162697069317000,570.459,64.0,64.0
2026-06-11 09:24:58.072,1781162698072356000,180.434,64.0,64.0
2026-06-11 09:24:59.077,1781162699077297000,459.614,64.0,64.0
2026-06-11 09:25:00.081,1781162700081753000,334.843,64.0,64.0
2026-06-11 09:25:01.086,1781162701086760000,245.935,64.0,64.0
2026-06-11 09:25:02.091,1781162702091888000,249.395,64.0,64.0
2026-06-11 09:25:03.093,1781162703093761000,462.496,64.0,64.0
2026-06-11 09:25:04.098,1781162704098772000,245.923,64.0,64.0
2026-06-11 09:25:05.103,1781162705103824000,248.886,64.0,64.0
2026-06-11 09:25:06.108,1781162706109037000,207.469,64.0,64.0
2026-06-11 09:25:07.113,1781162707113977000,15.129,64.0,64.0
2026-06-11 09:25:08.114,1781162708115010000,70.704,64.0,64.0
2026-06-11 09:25:09.119,1781162709119908000,363.158,64.0,64.0
2026-06-11 09:25:10.124,1781162710125222000,579.995,64.0,64.0
2026-06-11 09:25:11.129,1781162711130146000,259.014,64.0,64.0
2026-06-11 09:25:12.135,1781162712135171000,138.57,64.0,64.0
2026-06-11 09:25:13.135,1781162713135518000,264.134,64.0,64.0
2026-06-11 09:25:14.140,1781162714140516000,382.239,64.0,64.0
2026-06-11 09:25:15.144,1781162715144612000,581.898,64.0,64.0
2026-06-11 09:25:16.149,1781162716149589000,572.859,64.0,64.0
2026-06-11 09:25:17.154,1781162717154638000,512.533,64.0,64.0
2026-06-11 09:25:18.159,1781162718159648000,199.193,64.0,64.0
2026-06-11 09:25:19.159,1781162719159880000,82.878,64.0,64.0
2026-06-11 09:25:20.164,1781162720165146000,414.416,64.0,64.0
2026-06-11 09:25:21.169,1781162721170190000,486.842,64.0,64.0
2026-06-11 09:25:22.175,1781162722175313000,666.558,64.0,64.0
2026-06-11 09:25:23.180,1781162723180389000,332.058,64.0,64.0
2026-06-11 09:25:24.184,1781162724184372000,787.578,64.0,64.0
2026-06-11 09:25:25.186,1781162725186702000,360.634,64.0,64.0
2026-06-11 09:25:26.191,1781162726191739000,53.824,64.0,64.0
2026-06-11 09:25:27.196,1781162727196824000,144.073,64.0,64.0
2026-06-11 09:25:28.197,1781162728197941000,356.773,64.0,64.0
2026-06-11 09:25:29.201,1781162729202054000,210.368,64.0,64.0
2026-06-11 09:25:30.202,1781162730203167000,76.831,64.0,64.0
2026-06-11 09:25:31.208,1781162731208290000,119.11,64.0,64.0
2026-06-11 09:25:32.213,1781162732213417000,262.379,64.0,64.0
2026-06-11 09:25:33.218,1781162733218490000,356.263,64.0,64.0
2026-06-11 09:25:34.223,1781162734223403000,298.435,64.0,64.0
2026-06-11 09:25:35.228,1781162735228641000,194.127,64.0,64.0
2026-06-11 09:25:36.228,1781162736229212000,305.592,64.0,64.0
2026-06-11 09:25:37.234,1781162737234342000,572.296,64.0,64.0
2026-06-11 09:25:38.239,1781162738239397000,218.855,64.0,64.0
2026-06-11 09:25:39.244,1781162739244461000,57.037,64.0,64.0
2026-06-11 09:25:40.249,1781162740249586000,151.884,64.0,64.0
2026-06-11 09:25:41.252,1781162741252813000,109.732,64.0,64.0
2026-06-11 09:25:42.257,1781162742257843000,485.402,64.0,64.0
2026-06-11 09:25:43.262,1781162743262940000,317.753,64.0,64.0
2026-06-11 09:25:44.267,1781162744267989000,384.429,64.0,64.0
2026-06-11 09:25:45.267,1781162745268065000,3.135,64.0,64.0
2026-06-11 09:25:46.272,1781162746273224000,6.128,64.0,64.0
2026-06-11 09:25:47.278,1781162747278433000,776.762,64.0,64.0
2026-06-11 09:25:48.283,1781162748283474000,444.935,64.0,64.0
2026-06-11 09:25:49.288,1781162749288605000,746.771,64.0,64.0
2026-06-11 09:25:50.293,1781162750293662000,125.999,64.0,64.0
2026-06-11 09:25:51.298,1781162751298701000,411.72,64.0,64.0
2026-06-11 09:25:52.303,1781162752303825000,436.853,64.0,64.0
2026-06-11 09:25:53.306,1781162753306578000,82.209,64.0,64.0
2026-06-11 09:25:54.311,1781162754311176000,303.539,64.0,64.0
2026-06-11 09:25:55.316,1781162755316356000,253.199,64.0,64.0
2026-06-11 09:25:56.319,1781162756319250000,173.121,64.0,64.0
2026-06-11 09:25:57.324,1781162757324285000,191.529,64.0,64.0
2026-06-11 09:25:58.327,1781162758327803000,398.174,64.0,64.0
2026-06-11 09:25:59.332,1781162759332862000,212.064,64.0,64.0
2026-06-11 09:26:00.337,1781162760337875000,597.31,64.0,64.0
2026-06-11 09:26:01.338,1781162761338204000,590.196,64.0,64.0
2026-06-11 09:26:02.343,1781162762343244000,840.804,64.0,64.0
2026-06-11 09:26:03.348,1781162763348287000,99.277,64.0,64.0
2026-06-11 09:26:04.353,1781162764353448000,23.55,64.0,64.0
2026-06-11 09:26:05.358,1781162765358575000,879.78,64.0,64.0
2026-06-11 09:26:06.360,1781162766361082000,13.865,64.0,64.0
2026-06-11 09:26:07.365,1781162767366183000,360.365,64.0,64.0
2026-06-11 09:26:08.371,1781162768371221000,125.511,64.0,64.0
2026-06-11 09:26:09.376,1781162769376434000,291.966,64.0,64.0
2026-06-11 09:26:10.381,1781162770381417000,258.611,64.0,64.0
2026-06-11 09:26:11.381,1781162771381757000,299.567,64.0,64.0
2026-06-11 09:26:12.386,1781162772386857000,44.362,64.0,64.0
2026-06-11 09:26:13.391,1781162773392024000,582.594,64.0,64.0
2026-06-11 09:26:14.396,1781162774397106000,388.528,64.0,64.0
2026-06-11 09:26:15.401,1781162775401542000,438.994,64.0,64.0
2026-06-11 09:26:16.406,1781162776406630000,148.459,64.0,64.0
2026-06-11 09:26:17.410,1781162777410665000,146.675,64.0,64.0
2026-06-11 09:26:18.415,1781162778415867000,292.465,64.0,64.0
2026-06-11 09:26:19.420,1781162779420899000,4.233,64.0,64.0
2026-06-11 09:26:20.425,1781162780425947000,363.799,64.0,64.0
2026-06-11 09:26:21.430,1781162781431060000,168.765,64.0,64.0
2026-06-11 09:26:22.435,1781162782436153000,303.792,64.0,64.0
2026-06-11 09:26:23.440,1781162783441209000,543.147,64.0,64.0
2026-06-11 09:26:24.446,1781162784446359000,241.814,64.0,64.0
2026-06-11 09:26:25.448,1781162785448356000,832.961,64.0,64.0
2026-06-11 09:26:26.450,1781162786451068000,62.165,64.0,64.0
2026-06-11 09:26:27.455,1781162787456161000,157.514,64.0,64.0
2026-06-11 09:26:28.460,1781162788461203000,172.54,64.0,64.0
2026-06-11 09:26:29.466,1781162789466333000,183.452,64.0,64.0
2026-06-11 09:26:30.467,1781162790467997000,215.571,64.0,64.0
2026-06-11 09:26:31.472,1781162791472942000,254.091,64.0,64.0
2026-06-11 09:26:32.477,1781162792478180000,439.391,64.0,64.0
2026-06-11 09:26:33.482,1781162793483100000,499.954,64.0,64.0
2026-06-11 09:26:34.484,1781162794484776000,341.121,64.0,64.0
2026-06-11 09:26:35.489,1781162795489871000,485.759,64.0,64.0
2026-06-11 09:26:36.494,1781162796494877000,94.371,64.0,64.0
2026-06-11 09:26:37.499,1781162797500027000,283.331,64.0,64.0
2026-06-11 09:26:38.504,1781162798505092000,450.262,64.0,64.0
2026-06-11 09:26:39.509,1781162799509606000,405.649,64.0,64.0
2026-06-11 09:26:40.510,1781162800510393000,281.786,64.0,64.0
2026-06-11 09:26:41.511,1781162801511271000,425.342,64.0,64.0
2026-06-11 09:26:42.516,1781162802516354000,407.097,64.0,64.0
2026-06-11 09:26:43.517,1781162803518073000,593.441,64.0,64.0
2026-06-11 09:26:44.522,1781162804523102000,545.37,64.0,64.0
2026-06-11 09:26:45.526,1781162805526998000,72.694,64.0,64.0
2026-06-11 09:26:46.527,1781162806527363000,3.122,64.0,64.0
2026-06-11 09:26:47.532,1781162807532477000,496.952,64.0,64.0
2026-06-11 09:26:48.537,1781162808537479000,476.099,64.0,64.0
2026-06-11 09:26:49.542,1781162809542510000,621.162,64.0,64.0
2026-06-11 09:26:50.547,1781162810547563000,659.97,64.0,64.0
2026-06-11 09:26:51.551,1781162811552048000,205.768,64.0,64.0
2026-06-11 09:26:52.556,1781162812557092000,324.318,64.0,64.0
2026-06-11 09:26:53.561,1781162813562018000,180.377,64.0,64.0
2026-06-11 09:26:54.563,1781162814563534000,318.093,64.0,64.0
2026-06-11 09:26:55.567,1781162815567806000,391.133,64.0,64.0
2026-06-11 09:26:56.572,1781162816572889000,246.966,64.0,64.0
2026-06-11 09:26:57.577,1781162817577986000,302.32,64.0,64.0
2026-06-11 09:26:58.582,1781162818583062000,511.938,64.0,64.0
2026-06-11 09:26:59.584,1781162819584426000,17.917,64.0,64.0
2026-06-11 09:27:00.589,1781162820589487000,2.91,64.0,64.0
2026-06-11 09:27:01.594,1781162821594596000,,,
2026-06-11 09:27:02.607,1781162822607239000,,,
2026-06-11 09:27:03.619,1781162823619361000,,,
2026-06-11 09:27:04.630,1781162824630801000,,,
2026-06-11 09:27:05.644,1781162825645036000,981.718,64.0,64.0
2026-06-11 09:27:06.647,1781162826647417000,423.53,64.0,64.0
2026-06-11 09:27:07.650,1781162827650944000,345.111,64.0,64.0
2026-06-11 09:27:08.655,1781162828656019000,963.342,64.0,64.0
2026-06-11 09:27:09.660,1781162829660694000,77.037,64.0,64.0
2026-06-11 09:27:10.665,1781162830665360000,,,
2026-06-11 09:27:11.677,1781162831677482000,,,
2026-06-11 09:27:12.684,1781162832685095000,,,
2026-06-11 09:27:13.696,1781162833696285000,730.816,64.0,64.0
2026-06-11 09:27:14.700,1781162834700708000,,,
2026-06-11 09:27:15.710,1781162835711071000,,,
2026-06-11 09:27:16.718,1781162836718278000,,,
2026-06-11 09:27:17.729,1781162837729517000,320.745,64.0,64.0
2026-06-11 09:27:18.734,1781162838734804000,,,
2026-06-11 09:27:19.751,1781162839751754000,,,
2026-06-11 09:27:20.762,1781162840762692000,,,
2026-06-11 09:27:21.777,1781162841777855000,891.919,64.0,64.0
2026-06-11 09:27:22.782,1781162842782937000,,,
2026-06-11 09:27:23.794,1781162843794713000,,,
2026-06-11 09:27:24.805,1781162844805901000,504.491,64.0,64.0
2026-06-11 09:27:25.810,1781162845810267000,440.472,64.0,64.0
2026-06-11 09:27:26.815,1781162846815267000,440.252,64.0,64.0
2026-06-11 09:27:27.817,1781162847817165000,,,
2026-06-11 09:27:28.827,1781162848827617000,,,
2026-06-11 09:27:29.838,1781162849838884000,,,
2026-06-11 09:27:30.851,1781162850851455000,,,
2026-06-11 09:27:31.862,1781162851862751000,217.643,64.0,64.0
2026-06-11 09:27:32.863,1781162852863812000,,,
2026-06-11 09:27:33.875,1781162853876135000,902.709,64.0,64.0
2026-06-11 09:27:34.876,1781162854877032000,437.423,64.0,64.0
2026-06-11 09:27:35.881,1781162855882063000,,,
2026-06-11 09:27:36.894,1781162856894178000,,,
2026-06-11 09:27:37.901,1781162857901402000,637.26,64.0,64.0
2026-06-11 09:27:38.906,1781162858906486000,127.252,64.0,64.0
2026-06-11 09:27:39.911,1781162859911454000,586.788,64.0,64.0
2026-06-11 09:27:40.916,1781162860916539000,270.704,64.0,64.0
2026-06-11 09:27:41.921,1781162861921676000,33.27,64.0,64.0
2026-06-11 09:27:42.926,1781162862926672000,128.63,64.0,64.0
2026-06-11 09:27:43.931,1781162863931633000,130.923,64.0,64.0
2026-06-11 09:27:44.936,1781162864936944000,226.696,64.0,64.0
2026-06-11 09:27:45.938,1781162865938652000,24.597,64.0,64.0
2026-06-11 09:27:46.943,1781162866943782000,134.64,64.0,64.0
2026-06-11 09:27:47.945,1781162867946171000,17.933,64.0,64.0
2026-06-11 09:27:48.950,1781162868950365000,731.041,64.0,64.0
2026-06-11 09:27:49.951,1781162869951446000,371.227,64.0,64.0
2026-06-11 09:27:50.956,1781162870956515000,306.9,64.0,64.0
2026-06-11 09:27:51.959,1781162871959667000,357.301,64.0,64.0
2026-06-11 09:27:52.961,1781162872962117000,195.36,64.0,64.0
2026-06-11 09:27:53.966,1781162873967154000,359.284,64.0,64.0
2026-06-11 09:27:54.972,1781162874972247000,274.087,64.0,64.0
2026-06-11 09:27:56.047,1781162876047429000,1.61,64.0,64.0
2026-06-11 09:27:57.052,1781162877052422000,2.802,64.0,64.0
2026-06-11 09:27:58.057,1781162878057478000,3.196,64.0,64.0
2026-06-11 09:27:59.062,1781162879062449000,3.228,64.0,64.0
2026-06-11 09:28:00.067,1781162880067583000,32.405,64.0,64.0
2026-06-11 09:28:01.067,1781162881067687000,137.303,64.0,64.0
2026-06-11 09:28:02.072,1781162882072758000,63.072,64.0,64.0
2026-06-11 09:28:03.073,1781162883073173000,688.595,64.0,64.0
2026-06-11 09:28:04.078,1781162884078338000,150.021,64.0,64.0
2026-06-11 09:28:05.079,1781162885079377000,122.824,64.0,64.0
2026-06-11 09:28:06.084,1781162886084515000,252.601,64.0,64.0
2026-06-11 09:28:07.084,1781162887085024000,12.337,64.0,64.0
2026-06-11 09:28:08.086,1781162888086813000,2.041,64.0,64.0
2026-06-11 09:28:09.091,1781162889091866000,16.872,64.0,64.0
2026-06-11 09:28:10.096,1781162890096830000,40.869,64.0,64.0
2026-06-11 09:28:11.097,1781162891098121000,2.684,64.0,64.0
2026-06-11 09:28:12.099,1781162892099731000,3.208,64.0,64.0
2026-06-11 09:28:13.104,1781162893104986000,258.964,64.0,64.0
2026-06-11 09:28:14.109,1781162894110091000,113.126,64.0,64.0
2026-06-11 09:28:15.110,1781162895110844000,243.612,64.0,64.0
2026-06-11 09:28:16.115,1781162896116059000,198.158,64.0,64.0
2026-06-11 09:28:17.120,1781162897120998000,182.412,64.0,64.0
2026-06-11 09:28:18.125,1781162898126074000,322.06,64.0,64.0
2026-06-11 09:28:19.127,1781162899127824000,186.946,64.0,64.0
2026-06-11 09:28:20.132,1781162900132823000,21.234,64.0,64.0
2026-06-11 09:28:21.136,1781162901136827000,404.748,64.0,64.0
2026-06-11 09:28:22.138,1781162902138333000,473.798,64.0,64.0
2026-06-11 09:28:23.138,1781162903138708000,549.207,64.0,64.0
2026-06-11 09:28:24.143,1781162904143836000,515.732,64.0,64.0
2026-06-11 09:28:25.145,1781162905145606000,187.17,64.0,64.0
2026-06-11 09:28:26.145,1781162906146145000,286.198,64.0,64.0
2026-06-11 09:28:27.146,1781162907147022000,268.484,64.0,64.0
2026-06-11 09:28:28.151,1781162908152107000,473.537,64.0,64.0
2026-06-11 09:28:29.157,1781162909158751000,431.124,64.0,64.0
2026-06-11 09:28:30.162,1781162910162830000,159.873,64.0,64.0
2026-06-11 09:28:31.167,1781162911167927000,291.229,64.0,64.0
2026-06-11 09:28:32.172,1781162912173001000,5.793,64.0,64.0
2026-06-11 09:28:33.177,1781162913178133000,3.315,64.0,64.0
2026-06-11 09:28:34.182,1781162914183187000,79.086,64.0,64.0
2026-06-11 09:28:35.186,1781162915186532000,438.247,64.0,64.0
2026-06-11 09:28:36.191,1781162916191613000,260.168,64.0,64.0
2026-06-11 09:28:37.193,1781162917194125000,585.728,64.0,64.0
2026-06-11 09:28:38.198,1781162918199276000,43.22,64.0,64.0
2026-06-11 09:28:39.204,1781162919204338000,133.245,64.0,64.0
2026-06-11 09:28:40.209,1781162920209447000,295.63,64.0,64.0
2026-06-11 09:28:41.214,1781162921214554000,16.87,64.0,64.0
2026-06-11 09:28:42.219,1781162922219606000,272.301,64.0,64.0
2026-06-11 09:28:43.224,1781162923224707000,216.756,64.0,64.0
2026-06-11 09:28:44.226,1781162924226595000,335.249,64.0,64.0
2026-06-11 09:28:45.231,1781162925231648000,122.742,64.0,64.0
2026-06-11 09:28:46.236,1781162926236676000,131.419,64.0,64.0
2026-06-11 09:28:47.241,1781162927241800000,4.295,64.0,64.0
2026-06-11 09:28:48.243,1781162928244021000,4.405,64.0,64.0
2026-06-11 09:28:49.248,1781162929249062000,95.345,64.0,64.0
2026-06-11 09:28:50.253,1781162930254093000,215.088,64.0,64.0
2026-06-11 09:28:51.255,1781162931255696000,307.651,64.0,64.0
2026-06-11 09:28:52.260,1781162932260725000,97.613,64.0,64.0
2026-06-11 09:28:53.265,1781162933265762000,572.359,64.0,64.0
2026-06-11 09:28:54.270,1781162934270822000,413.613,64.0,64.0
2026-06-11 09:28:55.271,1781162935271562000,257.414,64.0,64.0
2026-06-11 09:28:56.275,1781162936275248000,376.115,64.0,64.0
2026-06-11 09:28:57.280,1781162937280305000,47.117,64.0,64.0
2026-06-11 09:28:58.282,1781162938282216000,134.706,64.0,64.0
2026-06-11 09:28:59.287,1781162939287235000,306.976,64.0,64.0
2026-06-11 09:29:00.289,1781162940290113000,364.433,64.0,64.0
2026-06-11 09:29:01.294,1781162941295142000,68.25,64.0,64.0
2026-06-11 09:29:02.295,1781162942296167000,309.922,64.0,64.0
2026-06-11 09:29:03.301,1781162943301194000,453.134,64.0,64.0
2026-06-11 09:29:04.306,1781162944306128000,444.711,64.0,64.0
2026-06-11 09:29:05.306,1781162945306614000,481.41,64.0,64.0
2026-06-11 09:29:06.307,1781162946307894000,391.328,64.0,64.0
2026-06-11 09:29:07.312,1781162947312898000,324.374,64.0,64.0
2026-06-11 09:29:08.314,1781162948315096000,3.71,64.0,64.0
2026-06-11 09:29:09.314,1781162949315065000,199.297,64.0,64.0
2026-06-11 09:29:10.320,1781162950320212000,353.596,64.0,64.0
2026-06-11 09:29:11.325,1781162951325253000,3.137,64.0,64.0
2026-06-11 09:29:12.330,1781162952330298000,103.591,64.0,64.0
2026-06-11 09:29:13.335,1781162953335350000,60.107,64.0,64.0
2026-06-11 09:29:14.340,1781162954340285000,148.928,64.0,64.0
2026-06-11 09:29:15.345,1781162955345457000,70.39,64.0,64.0
2026-06-11 09:29:16.349,1781162956349919000,332.475,64.0,64.0
2026-06-11 09:29:17.351,1781162957351618000,175.043,64.0,64.0
2026-06-11 09:29:18.356,1781162958356516000,3.426,64.0,64.0
2026-06-11 09:29:19.361,1781162959361466000,385.677,64.0,64.0
2026-06-11 09:29:20.366,1781162960366604000,31.285,64.0,64.0
2026-06-11 09:29:21.369,1781162961370131000,298.424,64.0,64.0
2026-06-11 09:29:22.375,1781162962375207000,691.481,64.0,64.0
2026-06-11 09:29:23.380,1781162963380238000,282.857,64.0,64.0
2026-06-11 09:29:24.382,1781162964382630000,157.712,64.0,64.0
2026-06-11 09:29:25.387,1781162965387751000,292.707,64.0,64.0
2026-06-11 09:29:26.387,1781162966387829000,120.669,64.0,64.0
2026-06-11 09:29:27.388,1781162967388332000,278.54,64.0,64.0
2026-06-11 09:29:28.393,1781162968393377000,431.633,64.0,64.0
2026-06-11 09:29:29.398,1781162969398346000,330.354,64.0,64.0
2026-06-11 09:29:30.403,1781162970403482000,315.739,64.0,64.0
2026-06-11 09:29:31.403,1781162971403550000,367.058,64.0,64.0
2026-06-11 09:29:32.408,1781162972408596000,657.354,64.0,64.0
2026-06-11 09:29:33.413,1781162973413647000,166.965,64.0,64.0
2026-06-11 09:29:34.418,1781162974418589000,140.132,64.0,64.0
2026-06-11 09:29:35.423,1781162975423712000,125.125,64.0,64.0
2026-06-11 09:29:36.428,1781162976428739000,261.985,64.0,64.0
2026-06-11 09:29:37.433,1781162977433780000,414.296,64.0,64.0
2026-06-11 09:29:38.438,1781162978438831000,276.404,64.0,64.0
2026-06-11 09:29:39.443,1781162979443870000,69.51,64.0,64.0
2026-06-11 09:29:40.448,1781162980448983000,513.026,64.0,64.0
2026-06-11 09:29:41.453,1781162981454002000,357.322,64.0,64.0
2026-06-11 09:29:42.455,1781162982455733000,230.577,64.0,64.0
2026-06-11 09:29:43.456,1781162983457123000,67.186,64.0,64.0
2026-06-11 09:29:44.462,1781162984462195000,258.847,64.0,64.0
2026-06-11 09:29:45.463,1781162985464134000,210.794,64.0,64.0
2026-06-11 09:29:46.469,1781162986469188000,148.705,64.0,64.0
2026-06-11 09:29:47.474,1781162987474239000,866.206,64.0,64.0
2026-06-11 09:29:48.479,1781162988479269000,2.694,64.0,64.0
2026-06-11 09:29:49.484,1781162989484249000,641.214,64.0,64.0
2026-06-11 09:29:50.486,1781162990486421000,246.149,64.0,64.0
2026-06-11 09:29:51.491,1781162991491663000,3.125,64.0,64.0
2026-06-11 09:29:52.496,1781162992496646000,72.832,64.0,64.0
2026-06-11 09:29:53.499,1781162993499230000,239.209,64.0,64.0
2026-06-11 09:29:54.504,1781162994504232000,398.773,64.0,64.0
2026-06-11 09:29:55.504,1781162995504685000,527.17,64.0,64.0
2026-06-11 09:29:56.509,1781162996509839000,418.141,64.0,64.0
2026-06-11 09:29:57.514,1781162997514616000,302.662,64.0,64.0
2026-06-11 09:29:58.519,1781162998519717000,575.729,64.0,64.0
2026-06-11 09:29:59.520,1781162999521063000,126.963,64.0,64.0
2026-06-11 09:30:00.525,1781163000526109000,84.953,64.0,64.0
2026-06-11 09:30:01.531,1781163001531112000,68.271,64.0,64.0
2026-06-11 09:30:02.536,1781163002536424000,241.766,64.0,64.0
2026-06-11 09:30:03.541,1781163003541421000,196.235,64.0,64.0
2026-06-11 09:30:04.546,1781163004546567000,201.845,64.0,64.0
2026-06-11 09:30:05.551,1781163005551579000,308.961,64.0,64.0
2026-06-11 09:30:06.556,1781163006556565000,174.518,64.0,64.0
2026-06-11 09:30:07.561,1781163007561574000,262.428,64.0,64.0
2026-06-11 09:30:08.566,1781163008566596000,281.172,64.0,64.0
2026-06-11 09:30:09.570,1781163009571111000,563.923,64.0,64.0
2026-06-11 09:30:10.575,1781163010576052000,177.916,64.0,64.0
2026-06-11 09:30:11.576,1781163011576394000,179.849,64.0,64.0
2026-06-11 09:30:12.581,1781163012581381000,621.435,64.0,64.0
2026-06-11 09:30:13.586,1781163013586400000,151.502,64.0,64.0
2026-06-11 09:30:14.591,1781163014591712000,414.853,64.0,64.0
2026-06-11 09:30:15.596,1781163015596724000,261.938,64.0,64.0
2026-06-11 09:30:16.598,1781163016598467000,427.95,64.0,64.0
2026-06-11 09:30:17.603,1781163017603491000,555.174,64.0,64.0
2026-06-11 09:30:18.608,1781163018608579000,118.263,64.0,64.0
2026-06-11 09:30:19.612,1781163019612886000,248.104,64.0,64.0
2026-06-11 09:30:20.617,1781163020617773000,561.176,64.0,64.0
2026-06-11 09:30:21.621,1781163021621254000,3.148,64.0,64.0
2026-06-11 09:30:22.623,1781163022623946000,292.629,64.0,64.0
2026-06-11 09:30:23.628,1781163023629041000,254.949,64.0,64.0
2026-06-11 09:30:24.633,1781163024634168000,196.513,64.0,64.0
2026-06-11 09:30:25.639,1781163025639296000,288.203,64.0,64.0
2026-06-11 09:30:26.644,1781163026644383000,208.861,64.0,64.0
2026-06-11 09:30:27.649,1781163027649345000,62.465,64.0,64.0
2026-06-11 09:30:28.654,1781163028654394000,338.363,64.0,64.0
2026-06-11 09:30:29.659,1781163029659525000,194.812,64.0,64.0
2026-06-11 09:30:30.664,1781163030664640000,274.617,64.0,64.0
2026-06-11 09:30:31.665,1781163031665344000,229.128,64.0,64.0
2026-06-11 09:30:32.670,1781163032670396000,454.657,64.0,64.0
2026-06-11 09:30:33.675,1781163033675377000,311.808,64.0,64.0
2026-06-11 09:30:34.680,1781163034680557000,434.631,64.0,64.0
2026-06-11 09:30:35.683,1781163035683506000,373.867,64.0,64.0
2026-06-11 09:30:36.683,1781163036683896000,389.004,64.0,64.0
2026-06-11 09:30:37.688,1781163037688974000,452.568,64.0,64.0
2026-06-11 09:30:38.693,1781163038694095000,526.512,64.0,64.0
2026-06-11 09:30:39.698,1781163039699244000,327.35,64.0,64.0
2026-06-11 09:30:40.703,1781163040703499000,416.507,64.0,64.0
2026-06-11 09:30:41.708,1781163041708580000,121.751,64.0,64.0
2026-06-11 09:30:42.712,1781163042712796000,275.708,64.0,64.0
2026-06-11 09:30:43.716,1781163043716984000,312.128,64.0,64.0
2026-06-11 09:30:44.721,1781163044721958000,266.887,64.0,64.0
2026-06-11 09:30:45.726,1781163045727055000,359.858,64.0,64.0
2026-06-11 09:30:46.731,1781163046732271000,130.254,64.0,64.0
2026-06-11 09:30:47.736,1781163047736778000,173.723,64.0,64.0
2026-06-11 09:30:48.738,1781163048738233000,238.764,64.0,64.0
2026-06-11 09:30:49.742,1781163049742873000,370.356,64.0,64.0
2026-06-11 09:30:50.745,1781163050746259000,269.001,64.0,64.0
2026-06-11 09:30:51.751,1781163051751333000,357.556,64.0,64.0
2026-06-11 09:30:52.756,1781163052756385000,42.8,64.0,64.0
2026-06-11 09:30:53.761,1781163053761505000,149.445,64.0,64.0
2026-06-11 09:30:54.765,1781163054765631000,364.703,64.0,64.0
2026-06-11 09:30:55.770,1781163055770713000,242.118,64.0,64.0
2026-06-11 09:30:56.775,1781163056775851000,12.545,64.0,64.0
2026-06-11 09:30:57.779,1781163057779501000,243.467,64.0,64.0
2026-06-11 09:30:58.784,1781163058784613000,219.008,64.0,64.0
2026-06-11 09:30:59.789,1781163059789803000,386.523,64.0,64.0
2026-06-11 09:31:00.794,1781163060794336000,140.048,64.0,64.0
2026-06-11 09:31:01.795,1781163061796145000,379.698,64.0,64.0
2026-06-11 09:31:02.801,1781163062801333000,145.169,64.0,64.0
2026-06-11 09:31:03.806,1781163063806375000,503.31,64.0,64.0
2026-06-11 09:31:04.809,1781163064809601000,413.465,64.0,64.0
2026-06-11 09:31:05.814,1781163065814713000,436.635,64.0,64.0
2026-06-11 09:31:06.815,1781163066815941000,307.434,64.0,64.0
2026-06-11 09:31:07.820,1781163067820794000,42.508,64.0,64.0
2026-06-11 09:31:08.825,1781163068826086000,108.556,64.0,64.0
2026-06-11 09:31:09.829,1781163069829494000,116.59,64.0,64.0
2026-06-11 09:31:10.834,1781163070834653000,496.829,64.0,64.0
2026-06-11 09:31:11.836,1781163071836790000,163.263,64.0,64.0
2026-06-11 09:31:12.841,1781163072841899000,84.053,64.0,64.0
2026-06-11 09:31:13.845,1781163073846160000,136.723,64.0,64.0
2026-06-11 09:31:14.851,1781163074851312000,210.599,64.0,64.0
2026-06-11 09:31:15.855,1781163075856120000,145.806,64.0,64.0
2026-06-11 09:31:16.856,1781163076856271000,196.46,64.0,64.0
2026-06-11 09:31:17.856,1781163077856367000,478.575,64.0,64.0
2026-06-11 09:31:18.861,1781163078861460000,501.414,64.0,64.0
2026-06-11 09:31:19.866,1781163079866581000,198.825,64.0,64.0
2026-06-11 09:31:20.869,1781163080870103000,287.329,64.0,64.0
2026-06-11 09:31:21.874,1781163081875220000,318.901,64.0,64.0
2026-06-11 09:31:22.880,1781163082880293000,460.456,64.0,64.0
2026-06-11 09:31:23.880,1781163083880977000,192.199,64.0,64.0
2026-06-11 09:31:24.882,1781163084882750000,38.51,64.0,64.0
2026-06-11 09:31:25.887,1781163085887827000,88.296,64.0,64.0
2026-06-11 09:31:26.892,1781163086892780000,8.239,64.0,64.0
2026-06-11 09:31:27.897,1781163087898053000,178.142,64.0,64.0
2026-06-11 09:31:28.898,1781163088898441000,380.256,64.0,64.0
2026-06-11 09:31:29.903,1781163089903481000,313.2,64.0,64.0
2026-06-11 09:31:30.908,1781163090908535000,361.515,64.0,64.0
2026-06-11 09:31:31.913,1781163091913398000,272.643,64.0,64.0
2026-06-11 09:31:32.918,1781163092918497000,38.462,64.0,64.0
2026-06-11 09:31:33.919,1781163093920244000,363.209,64.0,64.0
2026-06-11 09:31:34.921,1781163094921650000,467.719,64.0,64.0
2026-06-11 09:31:35.926,1781163095926862000,468.7,64.0,64.0
2026-06-11 09:31:36.931,1781163096931833000,147.352,64.0,64.0
2026-06-11 09:31:37.936,1781163097936891000,592.971,64.0,64.0
2026-06-11 09:31:38.941,1781163098942027000,317.303,64.0,64.0
2026-06-11 09:31:39.945,1781163099945732000,219.746,64.0,64.0
2026-06-11 09:31:40.948,1781163100948713000,294.877,64.0,64.0
2026-06-11 09:31:41.953,1781163101953786000,141.804,64.0,64.0
2026-06-11 09:31:42.958,1781163102958909000,415.227,64.0,64.0
2026-06-11 09:31:43.961,1781163103961674000,286.085,64.0,64.0
2026-06-11 09:31:44.966,1781163104966790000,286.126,64.0,64.0
2026-06-11 09:31:45.971,1781163105971957000,18.353,64.0,64.0
2026-06-11 09:31:46.976,1781163106977053000,58.994,64.0,64.0
2026-06-11 09:31:47.981,1781163107982081000,467.388,64.0,64.0
2026-06-11 09:31:48.986,1781163108987253000,225.15,64.0,64.0
2026-06-11 09:31:49.992,1781163109992322000,105.273,64.0,64.0
2026-06-11 09:31:50.997,1781163110997451000,306.347,64.0,64.0
2026-06-11 09:31:52.002,1781163112002474000,332.545,64.0,64.0
2026-06-11 09:31:53.007,1781163113007593000,314.594,64.0,64.0
2026-06-11 09:31:54.012,1781163114012384000,333.654,64.0,64.0
2026-06-11 09:31:55.017,1781163115017442000,269.534,64.0,64.0
2026-06-11 09:31:56.021,1781163116021722000,451.496,64.0,64.0
2026-06-11 09:31:57.026,1781163117026793000,350.363,64.0,64.0
2026-06-11 09:31:58.031,1781163118031875000,78.17,64.0,64.0
2026-06-11 09:31:59.036,1781163119036957000,330.026,64.0,64.0
2026-06-11 09:32:00.041,1781163120042022000,126.731,64.0,64.0
2026-06-11 09:32:01.046,1781163121046245000,,,
2026-06-11 09:32:02.064,1781163122064330000,,,
2026-06-11 09:32:03.077,1781163123078059000,,,
2026-06-11 09:32:04.088,1781163124088329000,,,
2026-06-11 09:32:05.100,1781163125100455000,279.352,64.0,64.0
2026-06-11 09:32:06.100,1781163126100732000,306.381,64.0,64.0
2026-06-11 09:32:07.105,1781163127105850000,184.944,64.0,64.0
2026-06-11 09:32:08.108,1781163128108273000,258.807,64.0,64.0
2026-06-11 09:32:09.112,1781163129113039000,197.996,64.0,64.0
2026-06-11 09:32:10.117,1781163130118112000,,,
2026-06-11 09:32:11.130,1781163131131112000,,,
2026-06-11 09:32:12.143,1781163132143601000,463.696,64.0,64.0
2026-06-11 09:32:13.144,1781163133144225000,469.622,64.0,64.0
2026-06-11 09:32:14.149,1781163134149463000,405.226,64.0,64.0
2026-06-11 09:32:15.154,1781163135154586000,,,
2026-06-11 09:32:16.167,1781163136167543000,,,
2026-06-11 09:32:17.180,1781163137181103000,677.098,64.0,64.0
2026-06-11 09:32:18.181,1781163138181511000,,,
2026-06-11 09:32:19.188,1781163139188345000,301.829,64.0,64.0
2026-06-11 09:32:20.193,1781163140193708000,,,
2026-06-11 09:32:21.204,1781163141204667000,593.631,64.0,64.0
2026-06-11 09:32:22.209,1781163142209914000,371.929,64.0,64.0
2026-06-11 09:32:23.214,1781163143214958000,,,
2026-06-11 09:32:24.226,1781163144226879000,,,
2026-06-11 09:32:25.239,1781163145239832000,,,
2026-06-11 09:32:26.251,1781163146251477000,,,
2026-06-11 09:32:27.264,1781163147264321000,95.054,64.0,64.0
2026-06-11 09:32:28.265,1781163148265497000,,,
2026-06-11 09:32:29.279,1781163149279781000,,,
2026-06-11 09:32:30.294,1781163150295045000,282.199,64.0,64.0
2026-06-11 09:32:31.295,1781163151295803000,,,
2026-06-11 09:32:32.308,1781163152308387000,,,
2026-06-11 09:32:33.319,1781163153319979000,925.328,64.0,64.0
2026-06-11 09:32:34.321,1781163154321339000,,,
2026-06-11 09:32:35.336,1781163155336606000,,,
2026-06-11 09:32:36.348,1781163156348309000,,,
2026-06-11 09:32:37.358,1781163157358911000,,,
2026-06-11 09:32:38.370,1781163158370831000,,,
2026-06-11 09:32:39.382,1781163159382288000,,,
2026-06-11 09:32:40.392,1781163160392374000,,,
2026-06-11 09:32:41.403,1781163161403188000,751.797,64.0,64.0
2026-06-11 09:32:42.404,1781163162404693000,639.505,64.0,64.0
2026-06-11 09:32:43.409,1781163163409764000,648.77,64.0,64.0
2026-06-11 09:32:44.414,1781163164414870000,30.989,64.0,64.0
2026-06-11 09:32:45.419,1781163165419965000,3.39,64.0,64.0
2026-06-11 09:32:46.424,1781163166424891000,2.684,64.0,64.0
2026-06-11 09:32:47.429,1781163167430154000,477.814,64.0,64.0
2026-06-11 09:32:48.433,1781163168433251000,6.343,64.0,64.0
2026-06-11 09:32:49.438,1781163169438391000,371.559,64.0,64.0
2026-06-11 09:32:50.443,1781163170443414000,261.446,64.0,64.0
2026-06-11 09:32:51.448,1781163171448671000,428.953,64.0,64.0
2026-06-11 09:32:52.453,1781163172453658000,3.828,64.0,64.0
2026-06-11 09:32:53.458,1781163173458802000,47.605,64.0,64.0
2026-06-11 09:32:54.460,1781163174460186000,3.13,64.0,64.0
2026-06-11 09:32:55.465,1781163175465382000,466.951,64.0,64.0
2026-06-11 09:32:56.470,1781163176470433000,89.388,64.0,64.0
2026-06-11 09:32:57.475,1781163177475547000,157.975,64.0,64.0
2026-06-11 09:32:58.479,1781163178480007000,44.868,64.0,64.0
2026-06-11 09:32:59.482,1781163179482823000,398.628,64.0,64.0
2026-06-11 09:33:00.487,1781163180488150000,169.445,64.0,64.0
2026-06-11 09:33:01.492,1781163181493211000,255.638,64.0,64.0
2026-06-11 09:33:02.496,1781163182496359000,338.397,64.0,64.0
2026-06-11 09:33:03.501,1781163183501531000,427.421,64.0,64.0
2026-06-11 09:33:04.506,1781163184506417000,36.834,64.0,64.0
2026-06-11 09:33:05.511,1781163185511698000,299.736,64.0,64.0
2026-06-11 09:33:06.516,1781163186516645000,219.36,64.0,64.0
2026-06-11 09:33:07.521,1781163187521788000,104.732,64.0,64.0
2026-06-11 09:33:08.526,1781163188526888000,37.092,64.0,64.0
2026-06-11 09:33:09.529,1781163189529578000,244.743,64.0,64.0
2026-06-11 09:33:10.534,1781163190534782000,76.774,64.0,64.0
2026-06-11 09:33:11.536,1781163191536944000,13.352,64.0,64.0
2026-06-11 09:33:12.541,1781163192542043000,252.945,64.0,64.0
2026-06-11 09:33:13.545,1781163193545910000,214.448,64.0,64.0
2026-06-11 09:33:14.550,1781163194550872000,367.12,64.0,64.0
2026-06-11 09:33:15.555,1781163195556081000,80.269,64.0,64.0
2026-06-11 09:33:16.560,1781163196561204000,228.274,64.0,64.0
2026-06-11 09:33:17.566,1781163197566235000,118.811,64.0,64.0
2026-06-11 09:33:18.571,1781163198571384000,231.338,64.0,64.0
2026-06-11 09:33:19.576,1781163199576342000,339.433,64.0,64.0
2026-06-11 09:33:20.579,1781163200579786000,415.845,64.0,64.0
2026-06-11 09:33:21.584,1781163201584870000,290.303,64.0,64.0
2026-06-11 09:33:22.589,1781163202589968000,207.635,64.0,64.0
2026-06-11 09:33:23.594,1781163203595046000,234.495,64.0,64.0
2026-06-11 09:33:24.599,1781163204600033000,249.801,64.0,64.0
2026-06-11 09:33:25.604,1781163205605169000,30.722,64.0,64.0
2026-06-11 09:33:26.608,1781163206608510000,3.664,64.0,64.0
2026-06-11 09:33:27.613,1781163207613691000,19.819,64.0,64.0
2026-06-11 09:33:28.618,1781163208618810000,21.049,64.0,64.0
2026-06-11 09:33:29.623,1781163209623754000,341.547,64.0,64.0
2026-06-11 09:33:30.628,1781163210628903000,334.664,64.0,64.0
2026-06-11 09:33:31.633,1781163211633996000,94.925,64.0,64.0
2026-06-11 09:33:32.638,1781163212639078000,3.55,64.0,64.0
2026-06-11 09:33:33.643,1781163213644274000,136.49,64.0,64.0
2026-06-11 09:33:34.645,1781163214646157000,244.111,64.0,64.0
2026-06-11 09:33:35.651,1781163215651289000,144.826,64.0,64.0
2026-06-11 09:33:36.656,1781163216656376000,182.664,64.0,64.0
2026-06-11 09:33:37.661,1781163217661533000,174.677,64.0,64.0
2026-06-11 09:33:38.666,1781163218666693000,467.991,64.0,64.0
2026-06-11 09:33:39.671,1781163219671716000,87.521,64.0,64.0
2026-06-11 09:33:40.676,1781163220676842000,357.446,64.0,64.0
2026-06-11 09:33:41.681,1781163221682004000,87.694,64.0,64.0
2026-06-11 09:33:42.686,1781163222687108000,183.651,64.0,64.0
2026-06-11 09:33:43.691,1781163223692197000,360.216,64.0,64.0
2026-06-11 09:33:44.697,1781163224697321000,300.233,64.0,64.0
2026-06-11 09:33:45.697,1781163225698009000,343.287,64.0,64.0
2026-06-11 09:33:46.702,1781163226703229000,3.033,64.0,64.0
2026-06-11 09:33:47.707,1781163227708246000,141.126,64.0,64.0
2026-06-11 09:33:48.713,1781163228713322000,92.372,64.0,64.0
2026-06-11 09:33:49.718,1781163229718453000,92.472,64.0,64.0
2026-06-11 09:33:50.723,1781163230723564000,150.27,64.0,64.0
2026-06-11 09:33:51.728,1781163231728670000,43.112,64.0,64.0
2026-06-11 09:33:52.733,1781163232733736000,295.69,64.0,64.0
2026-06-11 09:33:53.738,1781163233738838000,528.365,64.0,64.0
2026-06-11 09:33:54.743,1781163234743958000,105.706,64.0,64.0
2026-06-11 09:33:55.748,1781163235749007000,228.666,64.0,64.0
2026-06-11 09:33:56.753,1781163236754096000,42.363,64.0,64.0
2026-06-11 09:33:57.758,1781163237759235000,374.977,64.0,64.0
2026-06-11 09:33:58.763,1781163238763470000,371.824,64.0,64.0
2026-06-11 09:33:59.768,1781163239768543000,464.826,64.0,64.0
2026-06-11 09:34:00.773,1781163240773601000,220.767,64.0,64.0
2026-06-11 09:34:01.778,1781163241778785000,521.025,64.0,64.0
2026-06-11 09:34:02.783,1781163242783866000,244.725,64.0,64.0
2026-06-11 09:34:03.788,1781163243788981000,384.582,64.0,64.0
2026-06-11 09:34:04.793,1781163244794109000,505.832,64.0,64.0
2026-06-11 09:34:05.796,1781163245796538000,333.971,64.0,64.0
2026-06-11 09:34:06.799,1781163246799488000,378.123,64.0,64.0
2026-06-11 09:34:07.803,1781163247803865000,201.497,64.0,64.0
2026-06-11 09:34:08.805,1781163248805632000,350.959,64.0,64.0
2026-06-11 09:34:09.810,1781163249810784000,323.386,64.0,64.0
2026-06-11 09:34:10.815,1781163250815861000,427.701,64.0,64.0
2026-06-11 09:34:11.820,1781163251820962000,238.569,64.0,64.0
2026-06-11 09:34:12.825,1781163252826147000,403.357,64.0,64.0
2026-06-11 09:34:13.830,1781163253831214000,233.182,64.0,64.0
2026-06-11 09:34:14.836,1781163254836313000,3.257,64.0,64.0
2026-06-11 09:34:15.841,1781163255841359000,204.121,64.0,64.0
2026-06-11 09:34:16.846,1781163256846423000,2.765,64.0,64.0
2026-06-11 09:34:17.849,1781163257849678000,175.82,64.0,64.0
2026-06-11 09:34:18.854,1781163258854816000,507.479,64.0,64.0
2026-06-11 09:34:19.859,1781163259859917000,182.438,64.0,64.0
2026-06-11 09:34:20.863,1781163260863274000,202.883,64.0,64.0
2026-06-11 09:34:21.867,1781163261867820000,327.049,64.0,64.0
2026-06-11 09:34:22.872,1781163262873001000,471.01,64.0,64.0
2026-06-11 09:34:23.877,1781163263878027000,290.91,64.0,64.0
2026-06-11 09:34:24.882,1781163264883150000,230.766,64.0,64.0
2026-06-11 09:34:25.888,1781163265888353000,152.207,64.0,64.0
2026-06-11 09:34:26.893,1781163266893429000,11.537,64.0,64.0
2026-06-11 09:34:27.898,1781163267898527000,78.093,64.0,64.0
2026-06-11 09:34:28.900,1781163268900607000,378.551,64.0,64.0
2026-06-11 09:34:29.905,1781163269905699000,373.343,64.0,64.0
2026-06-11 09:34:30.908,1781163270908961000,445.524,64.0,64.0
2026-06-11 09:34:31.913,1781163271914002000,50.34,64.0,64.0
2026-06-11 09:34:32.918,1781163272919082000,142.635,64.0,64.0
2026-06-11 09:34:33.923,1781163273924235000,239.025,64.0,64.0
2026-06-11 09:34:34.929,1781163274929334000,223.824,64.0,64.0
2026-06-11 09:34:35.934,1781163275934459000,320.929,64.0,64.0
2026-06-11 09:34:36.939,1781163276939541000,145.06,64.0,64.0
2026-06-11 09:34:37.944,1781163277944621000,161.929,64.0,64.0
2026-06-11 09:34:38.949,1781163278949754000,112.34,64.0,64.0
2026-06-11 09:34:39.954,1781163279954881000,77.402,64.0,64.0
2026-06-11 09:34:40.958,1781163280958959000,278.377,64.0,64.0
2026-06-11 09:34:41.959,1781163281959601000,133.399,64.0,64.0
2026-06-11 09:34:42.964,1781163282964708000,267.35,64.0,64.0
2026-06-11 09:34:43.969,1781163283969894000,239.441,64.0,64.0
2026-06-11 09:34:44.974,1781163284975007000,231.313,64.0,64.0
2026-06-11 09:34:45.979,1781163285980032000,405.26,64.0,64.0
2026-06-11 09:34:46.984,1781163286985034000,162.167,64.0,64.0
2026-06-11 09:34:47.989,1781163287990217000,77.192,64.0,64.0
2026-06-11 09:34:48.991,1781163288991505000,293.468,64.0,64.0
2026-06-11 09:34:49.992,1781163289992833000,139.442,64.0,64.0
2026-06-11 09:34:50.997,1781163290997917000,226.278,64.0,64.0
2026-06-11 09:34:52.001,1781163292001292000,125.039,64.0,64.0
2026-06-11 09:34:53.006,1781163293006538000,98.708,64.0,64.0
2026-06-11 09:34:54.011,1781163294011577000,211.07,64.0,64.0
2026-06-11 09:34:55.014,1781163295015072000,408.722,64.0,64.0
2026-06-11 09:34:56.016,1781163296016462000,552.042,64.0,64.0
2026-06-11 09:34:57.017,1781163297017766000,248.381,64.0,64.0
2026-06-11 09:34:58.021,1781163298021600000,267.779,64.0,64.0
2026-06-11 09:34:59.026,1781163299026754000,361.847,64.0,64.0
2026-06-11 09:35:00.031,1781163300031887000,142.977,64.0,64.0
2026-06-11 09:35:01.036,1781163301037013000,401.761,64.0,64.0
2026-06-11 09:35:02.041,1781163302042075000,129.238,64.0,64.0
2026-06-11 09:35:03.046,1781163303046417000,169.536,64.0,64.0
2026-06-11 09:35:04.046,1781163304046751000,331.137,64.0,64.0
2026-06-11 09:35:05.051,1781163305051873000,281.983,64.0,64.0
2026-06-11 09:35:06.056,1781163306056953000,405.355,64.0,64.0
2026-06-11 09:35:07.061,1781163307062135000,100.873,64.0,64.0
2026-06-11 09:35:08.066,1781163308067240000,528.626,64.0,64.0
2026-06-11 09:35:09.072,1781163309072326000,149.184,64.0,64.0
2026-06-11 09:35:10.077,1781163310077457000,294.258,64.0,64.0
2026-06-11 09:35:11.079,1781163311080083000,261.451,64.0,64.0
2026-06-11 09:35:12.082,1781163312083164000,217.837,64.0,64.0
2026-06-11 09:35:13.087,1781163313088254000,478.608,64.0,64.0
2026-06-11 09:35:14.088,1781163314088751000,264.821,64.0,64.0
2026-06-11 09:35:15.093,1781163315093841000,391.08,64.0,64.0
2026-06-11 09:35:16.098,1781163316098934000,135.854,64.0,64.0
2026-06-11 09:35:17.099,1781163317099775000,17.151,64.0,64.0
2026-06-11 09:35:18.101,1781163318101379000,344.656,64.0,64.0
2026-06-11 09:35:19.106,1781163319106531000,240.962,64.0,64.0
2026-06-11 09:35:20.108,1781163320109139000,133.89,64.0,64.0
2026-06-11 09:35:21.113,1781163321114180000,263.47,64.0,64.0
2026-06-11 09:35:22.119,1781163322119301000,80.359,64.0,64.0
2026-06-11 09:35:23.124,1781163323124384000,503.754,64.0,64.0
2026-06-11 09:35:24.128,1781163324129078000,31.307,64.0,64.0
2026-06-11 09:35:25.133,1781163325134201000,3.469,64.0,64.0
2026-06-11 09:35:26.138,1781163326139265000,170.998,64.0,64.0
2026-06-11 09:35:27.144,1781163327144303000,3.326,64.0,64.0
2026-06-11 09:35:28.148,1781163328149225000,383.825,64.0,64.0
2026-06-11 09:35:29.154,1781163329154306000,166.676,64.0,64.0
2026-06-11 09:35:30.159,1781163330159457000,3.236,64.0,64.0
2026-06-11 09:35:31.164,1781163331164490000,368.628,64.0,64.0
2026-06-11 09:35:32.169,1781163332169588000,117.307,64.0,64.0
2026-06-11 09:35:33.174,1781163333174668000,527.314,64.0,64.0
2026-06-11 09:35:34.176,1781163334176588000,243.044,64.0,64.0
2026-06-11 09:35:35.181,1781163335181739000,200.633,64.0,64.0
2026-06-11 09:35:36.186,1781163336186879000,211.409,64.0,64.0
2026-06-11 09:35:37.191,1781163337192009000,315.865,64.0,64.0
2026-06-11 09:35:38.196,1781163338197061000,239.279,64.0,64.0
2026-06-11 09:35:39.201,1781163339202167000,253.232,64.0,64.0
2026-06-11 09:35:40.207,1781163340207297000,423.605,64.0,64.0
2026-06-11 09:35:41.212,1781163341212399000,261.308,64.0,64.0
2026-06-11 09:35:42.217,1781163342217565000,78.824,64.0,64.0
2026-06-11 09:35:43.222,1781163343222675000,254.535,64.0,64.0
2026-06-11 09:35:44.227,1781163344227815000,371.883,64.0,64.0
2026-06-11 09:35:45.232,1781163345232936000,235.213,64.0,64.0
2026-06-11 09:35:46.237,1781163346238027000,385.129,64.0,64.0
2026-06-11 09:35:47.241,1781163347241955000,5.54,64.0,64.0
2026-06-11 09:35:48.246,1781163348246951000,90.817,64.0,64.0
2026-06-11 09:35:49.251,1781163349252199000,366.686,64.0,64.0
2026-06-11 09:35:50.256,1781163350257253000,3.034,64.0,64.0
2026-06-11 09:35:51.262,1781163351262445000,69.33,64.0,64.0
2026-06-11 09:35:52.267,1781163352267498000,452.117,64.0,64.0
2026-06-11 09:35:53.272,1781163353272613000,169.608,64.0,64.0
2026-06-11 09:35:54.277,1781163354277707000,460.467,64.0,64.0
2026-06-11 09:35:55.279,1781163355280197000,334.761,64.0,64.0
2026-06-11 09:35:56.285,1781163356285353000,98.266,64.0,64.0
2026-06-11 09:35:57.288,1781163357289231000,441.401,64.0,64.0
2026-06-11 09:35:58.294,1781163358294354000,115.699,64.0,64.0
2026-06-11 09:35:59.299,1781163359299441000,100.058,64.0,64.0
2026-06-11 09:36:00.304,1781163360304530000,397.453,64.0,64.0
2026-06-11 09:36:01.309,1781163361309636000,315.69,64.0,64.0
2026-06-11 09:36:02.314,1781163362314733000,85.407,64.0,64.0
2026-06-11 09:36:03.319,1781163363319796000,82.055,64.0,64.0
2026-06-11 09:36:04.324,1781163364324985000,208.618,64.0,64.0
2026-06-11 09:36:05.329,1781163365330077000,523.854,64.0,64.0
2026-06-11 09:36:06.334,1781163366335190000,115.738,64.0,64.0
2026-06-11 09:36:07.339,1781163367340208000,377.686,64.0,64.0
2026-06-11 09:36:08.345,1781163368345383000,388.039,64.0,64.0
2026-06-11 09:36:09.350,1781163369350461000,418.528,64.0,64.0
2026-06-11 09:36:10.355,1781163370355607000,100.959,64.0,64.0
2026-06-11 09:36:11.360,1781163371360677000,222.79,64.0,64.0
2026-06-11 09:36:12.365,1781163372365790000,370.783,64.0,64.0
2026-06-11 09:36:13.370,1781163373370929000,294.966,64.0,64.0
2026-06-11 09:36:14.375,1781163374375986000,165.75,64.0,64.0
2026-06-11 09:36:15.380,1781163375381090000,211.738,64.0,64.0
2026-06-11 09:36:16.384,1781163376384447000,83.845,64.0,64.0
2026-06-11 09:36:17.387,1781163377387590000,228.12,64.0,64.0
2026-06-11 09:36:18.388,1781163378389153000,3.309,64.0,64.0
2026-06-11 09:36:19.393,1781163379394253000,579.98,64.0,64.0
2026-06-11 09:36:20.396,1781163380397108000,629.215,64.0,64.0
2026-06-11 09:36:21.401,1781163381402018000,82.518,64.0,64.0
2026-06-11 09:36:22.406,1781163382407156000,536.967,64.0,64.0
2026-06-11 09:36:23.412,1781163383412286000,106.116,64.0,64.0
2026-06-11 09:36:24.417,1781163384417378000,738.804,64.0,64.0
2026-06-11 09:36:25.422,1781163385422435000,351.46,64.0,64.0
2026-06-11 09:36:26.427,1781163386427569000,36.553,64.0,64.0
2026-06-11 09:36:27.432,1781163387432698000,2.87,64.0,64.0
2026-06-11 09:36:28.437,1781163388437804000,112.483,64.0,64.0
2026-06-11 09:36:29.442,1781163389442852000,394.508,64.0,64.0
2026-06-11 09:36:30.447,1781163390447900000,232.662,64.0,64.0
2026-06-11 09:36:31.452,1781163391453036000,207.271,64.0,64.0
2026-06-11 09:36:32.457,1781163392458127000,91.207,64.0,64.0
2026-06-11 09:36:33.462,1781163393463243000,266.277,64.0,64.0
2026-06-11 09:36:34.468,1781163394468344000,432.333,64.0,64.0
2026-06-11 09:36:35.473,1781163395473469000,133.026,64.0,64.0
2026-06-11 09:36:36.478,1781163396478615000,10.5,64.0,64.0
2026-06-11 09:36:37.483,1781163397483637000,411.064,64.0,64.0
2026-06-11 09:36:38.486,1781163398486804000,345.863,64.0,64.0
2026-06-11 09:36:39.487,1781163399487435000,298.463,64.0,64.0
2026-06-11 09:36:40.492,1781163400492556000,266.218,64.0,64.0
2026-06-11 09:36:41.497,1781163401497636000,249.046,64.0,64.0
2026-06-11 09:36:42.502,1781163402502699000,48.271,64.0,64.0
2026-06-11 09:36:43.507,1781163403507855000,55.01,64.0,64.0
2026-06-11 09:36:44.511,1781163404511730000,257.607,64.0,64.0
2026-06-11 09:36:45.516,1781163405516771000,145.435,64.0,64.0
2026-06-11 09:36:46.521,1781163406521818000,925.815,64.0,64.0
2026-06-11 09:36:47.526,1781163407527029000,362.655,64.0,64.0
2026-06-11 09:36:48.531,1781163408532108000,121.212,64.0,64.0
2026-06-11 09:36:49.536,1781163409537223000,227.947,64.0,64.0
2026-06-11 09:36:50.542,1781163410542373000,66.487,64.0,64.0
2026-06-11 09:36:51.547,1781163411547434000,96.826,64.0,64.0
2026-06-11 09:36:52.552,1781163412552590000,255.841,64.0,64.0
2026-06-11 09:36:53.557,1781163413557620000,456.59,64.0,64.0
2026-06-11 09:36:54.562,1781163414562765000,397.927,64.0,64.0
2026-06-11 09:36:55.567,1781163415567900000,354.3,64.0,64.0
2026-06-11 09:36:56.572,1781163416573028000,113.535,64.0,64.0
2026-06-11 09:36:57.577,1781163417578174000,730.273,64.0,64.0
2026-06-11 09:36:58.582,1781163418583218000,371.27,64.0,64.0
2026-06-11 09:36:59.586,1781163419587061000,297.912,64.0,64.0
2026-06-11 09:37:00.591,1781163420592158000,165.413,64.0,64.0
2026-06-11 09:37:01.597,1781163421597283000,328.587,64.0,64.0
2026-06-11 09:37:02.602,1781163422602381000,97.379,64.0,64.0
2026-06-11 09:37:03.607,1781163423607474000,503.784,64.0,64.0
2026-06-11 09:37:04.612,1781163424612598000,525.374,64.0,64.0
2026-06-11 09:37:05.617,1781163425617685000,272.127,64.0,64.0
2026-06-11 09:37:06.620,1781163426621063000,151.68,64.0,64.0
2026-06-11 09:37:07.625,1781163427626178000,105.059,64.0,64.0
2026-06-11 09:37:08.631,1781163428631291000,187.101,64.0,64.0
2026-06-11 09:37:09.636,1781163429636427000,323.435,64.0,64.0
2026-06-11 09:37:10.636,1781163430636494000,708.804,64.0,64.0
2026-06-11 09:37:11.638,1781163431638821000,257.437,64.0,64.0
2026-06-11 09:37:12.643,1781163432643926000,194.364,64.0,64.0
2026-06-11 09:37:13.648,1781163433649009000,304.64,64.0,64.0
2026-06-11 09:37:14.651,1781163434651702000,112.075,64.0,64.0
2026-06-11 09:37:15.656,1781163435656872000,272.977,64.0,64.0
2026-06-11 09:37:16.661,1781163436661991000,92.64,64.0,64.0
2026-06-11 09:37:17.666,1781163437666854000,2.751,64.0,64.0
2026-06-11 09:37:18.670,1781163438671139000,144.907,64.0,64.0
2026-06-11 09:37:19.675,1781163439676012000,226.953,64.0,64.0
2026-06-11 09:37:20.681,1781163440681280000,264.323,64.0,64.0
2026-06-11 09:37:21.685,1781163441686044000,3.335,64.0,64.0
2026-06-11 09:37:22.690,1781163442691075000,711.742,64.0,64.0
2026-06-11 09:37:23.695,1781163443696217000,516.729,64.0,64.0
2026-06-11 09:37:24.695,1781163444696124000,53.746,64.0,64.0
2026-06-11 09:37:25.701,1781163445701402000,186.783,64.0,64.0
2026-06-11 09:37:26.706,1781163446706475000,335.69,64.0,64.0
2026-06-11 09:37:27.711,1781163447711641000,131.521,64.0,64.0
2026-06-11 09:37:28.713,1781163448713618000,476.352,64.0,64.0
2026-06-11 09:37:29.714,1781163449715044000,267.534,64.0,64.0
2026-06-11 09:37:30.720,1781163450720282000,151.762,64.0,64.0
2026-06-11 09:37:31.725,1781163451725364000,77.961,64.0,64.0
2026-06-11 09:37:32.730,1781163452730439000,225.907,64.0,64.0
2026-06-11 09:37:33.733,1781163453733568000,487.358,64.0,64.0
2026-06-11 09:37:34.738,1781163454738528000,323.598,64.0,64.0
2026-06-11 09:37:35.742,1781163455742932000,110.271,64.0,64.0
2026-06-11 09:37:36.747,1781163456747997000,454.552,64.0,64.0
2026-06-11 09:37:37.752,1781163457753067000,459.352,64.0,64.0
2026-06-11 09:37:38.757,1781163458758164000,425.228,64.0,64.0
2026-06-11 09:37:39.763,1781163459763138000,605.545,64.0,64.0
2026-06-11 09:37:40.768,1781163460768325000,231.547,64.0,64.0
2026-06-11 09:37:41.773,1781163461773459000,349.351,64.0,64.0
2026-06-11 09:37:42.778,1781163462778548000,330.293,64.0,64.0
2026-06-11 09:37:43.783,1781163463783634000,296.794,64.0,64.0
2026-06-11 09:37:44.788,1781163464788752000,530.104,64.0,64.0
2026-06-11 09:37:45.793,1781163465793917000,77.873,64.0,64.0
2026-06-11 09:37:46.798,1781163466798960000,444.332,64.0,64.0
2026-06-11 09:37:47.803,1781163467804146000,289.559,64.0,64.0
2026-06-11 09:37:48.809,1781163468809351000,24.264,64.0,64.0
2026-06-11 09:37:49.814,1781163469814273000,115.461,64.0,64.0
2026-06-11 09:37:50.819,1781163470819433000,287.08,64.0,64.0
2026-06-11 09:37:51.824,1781163471824541000,364.202,64.0,64.0
2026-06-11 09:37:52.829,1781163472829706000,324.341,64.0,64.0
2026-06-11 09:37:53.834,1781163473834769000,2.743,64.0,64.0
2026-06-11 09:37:54.839,1781163474839721000,96.31,64.0,64.0
2026-06-11 09:37:55.844,1781163475844907000,245.217,64.0,64.0
2026-06-11 09:37:56.849,1781163476849981000,283.433,64.0,64.0
2026-06-11 09:37:57.854,1781163477855057000,159.972,64.0,64.0
2026-06-11 09:37:58.859,1781163478860280000,459.563,64.0,64.0
2026-06-11 09:37:59.861,1781163479861544000,450.259,64.0,64.0
2026-06-11 09:38:00.863,1781163480863992000,222.804,64.0,64.0
2026-06-11 09:38:01.866,1781163481866910000,215.444,64.0,64.0
2026-06-11 09:38:02.871,1781163482871350000,51.667,64.0,64.0
2026-06-11 09:38:03.876,1781163483876457000,167.221,64.0,64.0
2026-06-11 09:38:04.881,1781163484881578000,283.794,64.0,64.0
2026-06-11 09:38:05.886,1781163485886646000,276.755,64.0,64.0
2026-06-11 09:38:06.891,1781163486891728000,3.27,64.0,64.0
2026-06-11 09:38:07.896,1781163487896798000,422.38,64.0,64.0
2026-06-11 09:38:08.901,1781163488901980000,415.764,64.0,64.0
2026-06-11 09:38:09.906,1781163489907043000,467.404,64.0,64.0
2026-06-11 09:38:10.911,1781163490912138000,422.432,64.0,64.0
2026-06-11 09:38:11.916,1781163491917214000,244.817,64.0,64.0
2026-06-11 09:38:12.922,1781163492922383000,383.199,64.0,64.0
2026-06-11 09:38:13.927,1781163493927430000,395.256,64.0,64.0
2026-06-11 09:38:14.932,1781163494932520000,189.414,64.0,64.0
2026-06-11 09:38:15.937,1781163495937699000,270.512,64.0,64.0
2026-06-11 09:38:16.942,1781163496942759000,243.496,64.0,64.0
2026-06-11 09:38:17.943,1781163497943610000,3.108,64.0,64.0
2026-06-11 09:38:18.948,1781163498948800000,3.276,64.0,64.0
2026-06-11 09:38:19.953,1781163499953989000,215.184,64.0,64.0
2026-06-11 09:38:20.958,1781163500959071000,424.858,64.0,64.0
2026-06-11 09:38:21.963,1781163501964157000,132.56,64.0,64.0
2026-06-11 09:38:22.968,1781163502969205000,329.104,64.0,64.0
2026-06-11 09:38:23.974,1781163503974341000,321.823,64.0,64.0
2026-06-11 09:38:24.979,1781163504979440000,169.733,64.0,64.0
2026-06-11 09:38:25.984,1781163505984504000,74.688,64.0,64.0
2026-06-11 09:38:26.987,1781163506988122000,216.028,64.0,64.0
2026-06-11 09:38:27.992,1781163507993166000,128.116,64.0,64.0
2026-06-11 09:38:28.998,1781163508998295000,321.221,64.0,64.0
2026-06-11 09:38:30.001,1781163510001327000,2.922,64.0,64.0
2026-06-11 09:38:31.006,1781163511006458000,237.954,64.0,64.0
2026-06-11 09:38:32.011,1781163512011564000,321.871,64.0,64.0
2026-06-11 09:38:33.013,1781163513013561000,69.916,64.0,64.0
2026-06-11 09:38:34.018,1781163514018725000,272.308,64.0,64.0
2026-06-11 09:38:35.021,1781163515021483000,513.813,64.0,64.0
2026-06-11 09:38:36.026,1781163516026585000,136.367,64.0,64.0
2026-06-11 09:38:37.031,1781163517031699000,428.879,64.0,64.0
2026-06-11 09:38:38.036,1781163518036768000,476.913,64.0,64.0
2026-06-11 09:38:39.041,1781163519041894000,33.05,64.0,64.0
2026-06-11 09:38:40.046,1781163520047085000,303.636,64.0,64.0
2026-06-11 09:38:41.051,1781163521052174000,225.894,64.0,64.0
2026-06-11 09:38:42.057,1781163522057310000,130.624,64.0,64.0
2026-06-11 09:38:43.062,1781163523062404000,265.875,64.0,64.0
2026-06-11 09:38:44.067,1781163524067501000,293.722,64.0,64.0
2026-06-11 09:38:45.072,1781163525072623000,110.815,64.0,64.0
2026-06-11 09:38:46.075,1781163526075782000,48.329,64.0,64.0
2026-06-11 09:38:47.080,1781163527080867000,221.932,64.0,64.0
2026-06-11 09:38:48.084,1781163528084928000,316.699,64.0,64.0
2026-06-11 09:38:49.089,1781163529090013000,216.937,64.0,64.0
2026-06-11 09:38:50.094,1781163530095149000,307.712,64.0,64.0
2026-06-11 09:38:51.099,1781163531100239000,59.493,64.0,64.0
2026-06-11 09:38:52.105,1781163532105327000,241.768,64.0,64.0
2026-06-11 09:38:53.110,1781163533110415000,253.146,64.0,64.0
2026-06-11 09:38:54.115,1781163534115560000,44.647,64.0,64.0
2026-06-11 09:38:55.120,1781163535120695000,246.744,64.0,64.0
2026-06-11 09:38:56.125,1781163536125799000,55.855,64.0,64.0
2026-06-11 09:38:57.130,1781163537130912000,3.214,64.0,64.0
2026-06-11 09:38:58.135,1781163538136046000,192.361,64.0,64.0
2026-06-11 09:38:59.138,1781163539138334000,173.293,64.0,64.0
2026-06-11 09:39:00.143,1781163540143422000,117.081,64.0,64.0
2026-06-11 09:39:01.148,1781163541148541000,142.317,64.0,64.0
2026-06-11 09:39:02.152,1781163542152662000,340.67,64.0,64.0
2026-06-11 09:39:03.157,1781163543157764000,161.47,64.0,64.0
2026-06-11 09:39:04.162,1781163544162812000,278.039,64.0,64.0
2026-06-11 09:39:05.167,1781163545167961000,149.157,64.0,64.0
2026-06-11 09:39:06.171,1781163546171822000,181.766,64.0,64.0
2026-06-11 09:39:07.176,1781163547176956000,106.815,64.0,64.0
2026-06-11 09:39:08.181,1781163548182017000,3.612,64.0,64.0
2026-06-11 09:39:09.183,1781163549183551000,210.888,64.0,64.0
2026-06-11 09:39:10.188,1781163550188676000,260.17,64.0,64.0
2026-06-11 09:39:11.193,1781163551193684000,281.19,64.0,64.0
2026-06-11 09:39:12.198,1781163552198723000,184.73,64.0,64.0
2026-06-11 09:39:13.203,1781163553203925000,375.488,64.0,64.0
2026-06-11 09:39:14.206,1781163554206947000,125.248,64.0,64.0
2026-06-11 09:39:15.211,1781163555212051000,45.794,64.0,64.0
2026-06-11 09:39:16.216,1781163556216525000,244.986,64.0,64.0
2026-06-11 09:39:17.221,1781163557221573000,293.042,64.0,64.0
2026-06-11 09:39:18.225,1781163558225217000,236.647,64.0,64.0
2026-06-11 09:39:19.230,1781163559230419000,231.011,64.0,64.0
2026-06-11 09:39:20.235,1781163560235335000,99.935,64.0,64.0
2026-06-11 09:39:21.240,1781163561240599000,3.308,64.0,64.0
2026-06-11 09:39:22.245,1781163562245709000,226.683,64.0,64.0
2026-06-11 09:39:23.250,1781163563250830000,167.066,64.0,64.0
2026-06-11 09:39:24.255,1781163564256020000,182.66,64.0,64.0
2026-06-11 09:39:25.260,1781163565261146000,231.575,64.0,64.0
2026-06-11 09:39:26.265,1781163566266265000,3.548,64.0,64.0
2026-06-11 09:39:27.271,1781163567271322000,3.389,64.0,64.0
2026-06-11 09:39:28.276,1781163568276460000,401.293,64.0,64.0
2026-06-11 09:39:29.281,1781163569281557000,580.073,64.0,64.0
2026-06-11 09:39:30.286,1781163570286632000,3.475,64.0,64.0
2026-06-11 09:39:31.291,1781163571291704000,299.448,64.0,64.0
2026-06-11 09:39:32.296,1781163572296804000,377.052,64.0,64.0
2026-06-11 09:39:33.296,1781163573296975000,351.909,64.0,64.0
2026-06-11 09:39:34.298,1781163574298659000,384.286,64.0,64.0
2026-06-11 09:39:35.303,1781163575303773000,74.314,64.0,64.0
2026-06-11 09:39:36.307,1781163576307510000,231.825,64.0,64.0
2026-06-11 09:39:37.312,1781163577312579000,858.674,64.0,64.0
2026-06-11 09:39:38.317,1781163578317725000,50.95,64.0,64.0
2026-06-11 09:39:39.322,1781163579322783000,113.963,64.0,64.0
2026-06-11 09:39:40.327,1781163580327942000,388.198,64.0,64.0
2026-06-11 09:39:41.332,1781163581333051000,92.941,64.0,64.0
2026-06-11 09:39:42.337,1781163582338125000,147.865,64.0,64.0
2026-06-11 09:39:43.342,1781163583343251000,387.82,64.0,64.0
2026-06-11 09:39:44.344,1781163584345259000,469.578,64.0,64.0
2026-06-11 09:39:45.350,1781163585350371000,3.916,64.0,64.0
2026-06-11 09:39:46.355,1781163586355411000,36.323,64.0,64.0
2026-06-11 09:39:47.360,1781163587360527000,292.345,64.0,64.0
2026-06-11 09:39:48.365,1781163588365596000,240.458,64.0,64.0
2026-06-11 09:39:49.370,1781163589370755000,322.761,64.0,64.0
2026-06-11 09:39:50.370,1781163590371182000,318.932,64.0,64.0
2026-06-11 09:39:51.376,1781163591376360000,167.864,64.0,64.0
2026-06-11 09:39:52.377,1781163592377625000,212.723,64.0,64.0
2026-06-11 09:39:53.382,1781163593382788000,605.964,64.0,64.0
2026-06-11 09:39:54.382,1781163594383011000,329.28,64.0,64.0
2026-06-11 09:39:55.387,1781163595388123000,489.936,64.0,64.0
2026-06-11 09:39:56.392,1781163596393200000,241.584,64.0,64.0
2026-06-11 09:39:57.398,1781163597398303000,419.249,64.0,64.0
2026-06-11 09:39:58.403,1781163598403457000,340.35,64.0,64.0
2026-06-11 09:39:59.408,1781163599408544000,362.849,64.0,64.0
2026-06-11 09:40:00.413,1781163600413732000,334.877,64.0,64.0
2026-06-11 09:40:01.418,1781163601418771000,436.93,64.0,64.0
2026-06-11 09:40:02.423,1781163602423983000,243.353,64.0,64.0
2026-06-11 09:40:03.428,1781163603429040000,220.749,64.0,64.0
2026-06-11 09:40:04.433,1781163604434126000,338.597,64.0,64.0
2026-06-11 09:40:05.438,1781163605439209000,265.578,64.0,64.0
2026-06-11 09:40:06.444,1781163606444418000,106.389,64.0,64.0
2026-06-11 09:40:07.447,1781163607447280000,267.337,64.0,64.0
2026-06-11 09:40:08.449,1781163608450214000,227.967,64.0,64.0
2026-06-11 09:40:09.454,1781163609455099000,173.875,64.0,64.0
2026-06-11 09:40:10.459,1781163610460234000,80.455,64.0,64.0
2026-06-11 09:40:11.465,1781163611465283000,198.736,64.0,64.0
2026-06-11 09:40:12.470,1781163612470277000,95.072,64.0,64.0
2026-06-11 09:40:13.475,1781163613475403000,202.719,64.0,64.0
2026-06-11 09:40:14.480,1781163614480466000,198.533,64.0,64.0
2026-06-11 09:40:15.484,1781163615484998000,560.753,64.0,64.0
2026-06-11 09:40:16.489,1781163616490148000,90.927,64.0,64.0
2026-06-11 09:40:17.494,1781163617495207000,68.28,64.0,64.0
2026-06-11 09:40:18.497,1781163618497337000,294.342,64.0,64.0
2026-06-11 09:40:19.500,1781163619500891000,448.562,64.0,64.0
2026-06-11 09:40:20.505,1781163620506047000,578.786,64.0,64.0
2026-06-11 09:40:21.510,1781163621511154000,337.046,64.0,64.0
2026-06-11 09:40:22.513,1781163622514225000,416.748,64.0,64.0
2026-06-11 09:40:23.519,1781163623519333000,62.162,64.0,64.0
2026-06-11 09:40:24.521,1781163624521855000,239.905,64.0,64.0
2026-06-11 09:40:25.526,1781163625526943000,517.653,64.0,64.0
2026-06-11 09:40:26.531,1781163626532130000,13.13,64.0,64.0
2026-06-11 09:40:27.536,1781163627537098000,62.665,64.0,64.0
2026-06-11 09:40:28.541,1781163628542270000,413.947,64.0,64.0
2026-06-11 09:40:29.547,1781163629547368000,470.67,64.0,64.0
2026-06-11 09:40:30.552,1781163630552513000,3.232,64.0,64.0
2026-06-11 09:40:31.557,1781163631557610000,215.471,64.0,64.0
2026-06-11 09:40:32.560,1781163632561140000,418.168,64.0,64.0
2026-06-11 09:40:33.561,1781163633561877000,212.363,64.0,64.0
2026-06-11 09:40:34.563,1781163634564189000,526.282,64.0,64.0
2026-06-11 09:40:35.569,1781163635569344000,182.379,64.0,64.0
2026-06-11 09:40:36.574,1781163636574462000,341.81,64.0,64.0
2026-06-11 09:40:37.578,1781163637578404000,136.961,64.0,64.0
2026-06-11 09:40:38.583,1781163638583599000,3.222,64.0,64.0
2026-06-11 09:40:39.588,1781163639588697000,474.184,64.0,64.0
2026-06-11 09:40:40.593,1781163640593823000,361.19,64.0,64.0
2026-06-11 09:40:41.598,1781163641598894000,268.956,64.0,64.0
2026-06-11 09:40:42.603,1781163642603583000,455.879,64.0,64.0
2026-06-11 09:40:43.608,1781163643608663000,384.929,64.0,64.0
2026-06-11 09:40:44.613,1781163644613775000,286.763,64.0,64.0
2026-06-11 09:40:45.618,1781163645618861000,387.364,64.0,64.0
2026-06-11 09:40:46.623,1781163646624036000,292.557,64.0,64.0
2026-06-11 09:40:47.626,1781163647626975000,106.648,64.0,64.0
2026-06-11 09:40:48.631,1781163648632110000,102.973,64.0,64.0
2026-06-11 09:40:49.636,1781163649637217000,35.367,64.0,64.0
2026-06-11 09:40:50.642,1781163650642358000,356.609,64.0,64.0
2026-06-11 09:40:51.647,1781163651647449000,340.447,64.0,64.0
2026-06-11 09:40:52.652,1781163652652535000,35.328,64.0,64.0
2026-06-11 09:40:53.657,1781163653657695000,264.855,64.0,64.0
2026-06-11 09:40:54.662,1781163654662758000,463.182,64.0,64.0
2026-06-11 09:40:55.667,1781163655667828000,111.832,64.0,64.0
2026-06-11 09:40:56.670,1781163656670651000,293.918,64.0,64.0
2026-06-11 09:40:57.673,1781163657673991000,212.269,64.0,64.0
2026-06-11 09:40:58.678,1781163658679134000,3.16,64.0,64.0
2026-06-11 09:40:59.683,1781163659684264000,291.594,64.0,64.0
2026-06-11 09:41:00.688,1781163660688677000,268.709,64.0,64.0
2026-06-11 09:41:01.693,1781163661693790000,308.064,64.0,64.0
2026-06-11 09:41:02.698,1781163662698842000,19.132,64.0,64.0
2026-06-11 09:41:03.702,1781163663703133000,306.089,64.0,64.0
2026-06-11 09:41:04.708,1781163664708281000,143.509,64.0,64.0
2026-06-11 09:41:05.713,1781163665713408000,140.733,64.0,64.0
2026-06-11 09:41:06.715,1781163666715563000,317.747,64.0,64.0
2026-06-11 09:41:07.720,1781163667720693000,305.158,64.0,64.0
2026-06-11 09:41:08.725,1781163668725775000,87.497,64.0,64.0
2026-06-11 09:41:09.730,1781163669730844000,231.092,64.0,64.0
2026-06-11 09:41:10.735,1781163670735973000,303.58,64.0,64.0
2026-06-11 09:41:11.740,1781163671741014000,110.558,64.0,64.0
2026-06-11 09:41:12.745,1781163672746121000,131.88,64.0,64.0
2026-06-11 09:41:13.750,1781163673751236000,346.421,64.0,64.0
2026-06-11 09:41:14.756,1781163674756334000,134.061,64.0,64.0
2026-06-11 09:41:15.761,1781163675761451000,392.906,64.0,64.0
2026-06-11 09:41:16.765,1781163676765650000,246.216,64.0,64.0
2026-06-11 09:41:17.770,1781163677770813000,85.52,64.0,64.0
2026-06-11 09:41:18.775,1781163678775843000,89.737,64.0,64.0
2026-06-11 09:41:19.780,1781163679781025000,175.809,64.0,64.0
2026-06-11 09:41:20.785,1781163680786130000,510.466,64.0,64.0
2026-06-11 09:41:21.786,1781163681787449000,3.148,64.0,64.0
2026-06-11 09:41:22.796,1781163682796582000,316.486,64.0,64.0
2026-06-11 09:41:23.806,1781163683806620000,13.94,64.0,64.0
2026-06-11 09:41:24.814,1781163684814656000,3.186,64.0,64.0
2026-06-11 09:41:25.819,1781163685820067000,3.206,64.0,64.0
2026-06-11 09:41:26.829,1781163686829758000,7.415,64.0,64.0
2026-06-11 09:41:27.836,1781163687836523000,21.9,64.0,64.0
2026-06-11 09:41:28.846,1781163688846724000,130.076,64.0,64.0
2026-06-11 09:41:29.848,1781163689848721000,39.556,64.0,64.0
2026-06-11 09:41:30.858,1781163690858928000,74.142,64.0,64.0
2026-06-11 09:41:31.865,1781163691865860000,418.049,64.0,64.0
2026-06-11 09:41:32.875,1781163692875656000,228.436,64.0,64.0
2026-06-11 09:41:33.881,1781163693881416000,191.217,64.0,64.0
2026-06-11 09:41:34.885,1781163694885529000,332.03,64.0,64.0
2026-06-11 09:41:35.888,1781163695888674000,85.987,64.0,64.0
2026-06-11 09:41:36.889,1781163696890189000,125.61,64.0,64.0
2026-06-11 09:41:37.900,1781163697900213000,571.351,64.0,64.0
2026-06-11 09:41:38.910,1781163698910407000,288.903,64.0,64.0
2026-06-11 09:41:39.914,1781163699914607000,958.18,64.0,64.0
2026-06-11 09:41:40.920,1781163700920672000,10.188,64.0,64.0
2026-06-11 09:41:41.930,1781163701930724000,172.934,64.0,64.0
2026-06-11 09:41:42.935,1781163702935502000,307.71,64.0,64.0
2026-06-11 09:41:43.944,1781163703944156000,151.992,64.0,64.0
2026-06-11 09:41:44.947,1781163704947892000,177.318,64.0,64.0
2026-06-11 09:41:45.955,1781163705955318000,42.101,64.0,64.0
2026-06-11 09:41:46.965,1781163706965783000,72.198,64.0,64.0
2026-06-11 09:41:47.975,1781163707975726000,273.34,64.0,64.0
2026-06-11 09:41:48.981,1781163708981554000,87.465,64.0,64.0
2026-06-11 09:41:49.988,1781163709988663000,190.177,64.0,64.0
2026-06-11 09:41:50.998,1781163710998830000,363.239,64.0,64.0
2026-06-11 09:41:52.008,1781163712008928000,222.074,64.0,64.0
2026-06-11 09:41:53.017,1781163713017767000,241.697,64.0,64.0
2026-06-11 09:41:54.027,1781163714027874000,301.997,64.0,64.0
2026-06-11 09:41:55.030,1781163715030908000,367.402,64.0,64.0
2026-06-11 09:41:56.035,1781163716035375000,120.211,64.0,64.0
2026-06-11 09:41:57.045,1781163717045366000,297.964,64.0,64.0
2026-06-11 09:41:58.055,1781163718055480000,72.487,64.0,64.0
2026-06-11 09:41:59.064,1781163719064313000,340.592,64.0,64.0
2026-06-11 09:42:00.074,1781163720074443000,434.621,64.0,64.0
2026-06-11 09:42:01.080,1781163721081035000,577.551,64.0,64.0
2026-06-11 09:42:02.088,1781163722088797000,125.649,64.0,64.0
2026-06-11 09:42:03.097,1781163723098169000,248.805,64.0,64.0
2026-06-11 09:42:04.107,1781163724108205000,,,
2026-06-11 09:42:05.123,1781163725123272000,359.7,64.0,64.0
2026-06-11 09:42:06.133,1781163726133528000,476.844,64.0,64.0
2026-06-11 09:42:07.143,1781163727143631000,,,
2026-06-11 09:42:08.156,1781163728156579000,,,
2026-06-11 09:42:09.173,1781163729173604000,,,
2026-06-11 09:42:10.190,1781163730190333000,,,
2026-06-11 09:42:11.206,1781163731206711000,,,
2026-06-11 09:42:12.223,1781163732223628000,,,
2026-06-11 09:42:13.239,1781163733239809000,,,
2026-06-11 09:42:14.256,1781163734256894000,881.938,64.0,64.0
2026-06-11 09:42:15.266,1781163735267039000,567.545,64.0,64.0
2026-06-11 09:42:16.276,1781163736277212000,,,
2026-06-11 09:42:17.290,1781163737290253000,,,
2026-06-11 09:42:18.306,1781163738306959000,329.27,64.0,64.0
2026-06-11 09:42:19.314,1781163739314775000,530.551,64.0,64.0
2026-06-11 09:42:20.324,1781163740324826000,350.914,64.0,64.0
2026-06-11 09:42:21.334,1781163741334804000,,,
2026-06-11 09:42:22.348,1781163742349097000,420.405,64.0,64.0
2026-06-11 09:42:23.350,1781163743350481000,843.686,64.0,64.0
2026-06-11 09:42:24.355,1781163744355671000,,,
2026-06-11 09:42:25.373,1781163745373198000,,,
2026-06-11 09:42:26.389,1781163746390086000,263.301,64.0,64.0
2026-06-11 09:42:27.399,1781163747400144000,475.613,64.0,64.0
2026-06-11 09:42:28.410,1781163748410381000,508.95,64.0,64.0
2026-06-11 09:42:29.419,1781163749419786000,938.981,64.0,64.0
2026-06-11 09:42:30.429,1781163750430009000,391.394,64.0,64.0
2026-06-11 09:42:31.434,1781163751434381000,112.989,64.0,64.0
2026-06-11 09:42:32.442,1781163752443286000,243.904,64.0,64.0
2026-06-11 09:42:33.444,1781163753444354000,574.268,64.0,64.0
2026-06-11 09:42:34.450,1781163754450291000,,,
2026-06-11 09:42:35.465,1781163755466047000,515.393,64.0,64.0
2026-06-11 09:42:36.467,1781163756467532000,216.297,64.0,64.0
2026-06-11 09:42:37.474,1781163757474858000,437.223,64.0,64.0
2026-06-11 09:42:38.484,1781163758484887000,533.566,64.0,64.0
2026-06-11 09:42:39.494,1781163759495075000,813.062,64.0,64.0
2026-06-11 09:42:40.501,1781163760501832000,3.293,64.0,64.0
2026-06-11 09:42:41.511,1781163761511876000,512.241,64.0,64.0
2026-06-11 09:42:42.521,1781163762521877000,361.432,64.0,64.0
2026-06-11 09:42:43.522,1781163763522216000,,,
2026-06-11 09:42:44.539,1781163764539949000,654.317,64.0,64.0
2026-06-11 09:42:45.549,1781163765550047000,126.693,64.0,64.0
2026-06-11 09:42:46.559,1781163766560139000,221.388,64.0,64.0
2026-06-11 09:42:47.567,1781163767568059000,309.952,64.0,64.0
2026-06-11 09:42:48.577,1781163768578074000,200.697,64.0,64.0
2026-06-11 09:42:49.581,1781163769581522000,145.985,64.0,64.0
2026-06-11 09:42:50.591,1781163770591614000,364.46,64.0,64.0
2026-06-11 09:42:51.601,1781163771601702000,215.051,64.0,64.0
2026-06-11 09:42:52.602,1781163772602544000,336.056,64.0,64.0
2026-06-11 09:42:53.612,1781163773612730000,114.329,64.0,64.0
2026-06-11 09:42:54.622,1781163774622414000,309.231,64.0,64.0
2026-06-11 09:42:55.632,1781163775632634000,382.682,64.0,64.0
2026-06-11 09:42:56.642,1781163776642627000,114.055,64.0,64.0
2026-06-11 09:42:57.652,1781163777652754000,36.938,64.0,64.0
2026-06-11 09:42:58.655,1781163778655689000,209.901,64.0,64.0
2026-06-11 09:42:59.664,1781163779665159000,225.716,64.0,64.0
2026-06-11 09:43:00.668,1781163780668595000,418.381,64.0,64.0
2026-06-11 09:43:01.672,1781163781672394000,111.088,64.0,64.0
2026-06-11 09:43:02.681,1781163782681773000,531.439,64.0,64.0
2026-06-11 09:43:03.683,1781163783683730000,208.115,64.0,64.0
2026-06-11 09:43:04.693,1781163784693914000,444.971,64.0,64.0
2026-06-11 09:43:05.703,1781163785703998000,298.387,64.0,64.0
2026-06-11 09:43:06.705,1781163786705611000,128.703,64.0,64.0
2026-06-11 09:43:07.715,1781163787715957000,4.519,64.0,64.0
2026-06-11 09:43:08.725,1781163788725968000,55.128,64.0,64.0
2026-06-11 09:43:09.735,1781163789736064000,413.718,64.0,64.0
2026-06-11 09:43:10.745,1781163790746151000,3.297,64.0,64.0
2026-06-11 09:43:11.749,1781163791749462000,76.675,64.0,64.0
2026-06-11 09:43:12.754,1781163792754580000,231.86,64.0,64.0
2026-06-11 09:43:13.755,1781163793755653000,22.672,64.0,64.0
2026-06-11 09:43:14.760,1781163794760818000,123.738,64.0,64.0
2026-06-11 09:43:15.765,1781163795765882000,448.696,64.0,64.0
2026-06-11 09:43:16.770,1781163796771060000,137.32,64.0,64.0
2026-06-11 09:43:17.773,1781163797773910000,95.246,64.0,64.0
2026-06-11 09:43:18.778,1781163798779068000,3.024,64.0,64.0
